Place of Residence,Age Group,Gender,Total,Portuguesa,Estrangeira,Europa,Alemanha,Áustria,Bélgica,Bulgária,Espanha,França,Irlanda,Itália,Luxemburgo,Países Baixos,Polónia,Roménia,Suécia,Federação da Rússia,Suíça,Ucrânia,África,África do Sul,Angola,Cabo Verde,Guiné-Bissau,Moçambique,São Tomé e Príncipe,América,Canadá,Estados Unidos da América,Argentina,Brasil,Venezuela,Ásia,Bangladeche,China,Índia,Nepal,Paquistão,Oceânia,freguesia_code,municipio,region
Lisboa,Total,H,254179,210129,44050,9611,830,49,316,83,1106,2347,83,1018,67,243,79,445,98,196,301,645,12932,260,5478,1903,922,2788,640,12057,147,610,164,10239,414,9351,3628,1178,1225,2054,392,99,1106,Lisboa,Grande Lisboa
Lisboa,Total,M,291617,243869,47748,10782,827,71,313,113,1341,2430,64,955,82,203,260,542,91,385,327,969,16360,297,7253,2640,863,3539,1027,15265,177,553,160,13254,493,5261,565,1309,712,1435,136,80,1106,Lisboa,Grande Lisboa
Lisboa,0 - 4 anos,H,11981,11406,575,247,19,0,15,0,33,46,2,11,4,8,3,4,3,2,9,3,57,6,27,4,4,6,5,189,6,23,3,139,5,80,26,11,4,10,4,2,1106,Lisboa,Grande Lisboa
Lisboa,0 - 4 anos,M,11321,10713,608,233,19,1,16,0,28,47,5,12,2,3,1,1,1,2,11,5,74,3,38,8,9,6,0,220,2,18,5,179,2,80,20,10,11,8,5,1,1106,Lisboa,Grande Lisboa
Lisboa,5 - 9 anos,H,11986,10705,1281,364,24,1,16,2,58,88,3,15,1,13,2,8,0,5,19,7,207,8,113,17,17,15,20,523,8,45,6,433,12,183,37,31,15,55,11,4,1106,Lisboa,Grande Lisboa
Lisboa,5 - 9 anos,M,11296,10182,1114,327,27,4,19,0,29,79,2,10,7,7,3,4,2,6,22,16,207,14,108,20,18,9,22,437,5,29,1,386,5,139,19,36,8,37,10,4,1106,Lisboa,Grande Lisboa
Lisboa,10 - 14 anos,H,12751,11479,1272,356,16,0,19,1,66,102,3,17,3,6,3,8,1,12,11,16,290,3,158,28,33,7,34,448,4,38,3,375,16,174,33,36,20,46,6,4,1106,Lisboa,Grande Lisboa
Lisboa,10 - 14 anos,M,11885,10723,1162,317,21,1,19,1,50,76,5,16,4,6,3,9,1,10,5,20,295,10,137,39,31,16,37,383,1,26,1,332,11,167,22,42,12,46,8,0,1106,Lisboa,Grande Lisboa
Lisboa,15 - 19 anos,H,12832,11484,1348,251,17,2,14,3,33,64,2,13,0,6,0,17,1,8,7,13,420,5,200,60,63,15,43,462,2,35,3,400,10,214,26,45,13,64,8,1,1106,Lisboa,Grande Lisboa
Lisboa,15 - 19 anos,M,12552,11212,1340,287,25,1,8,4,32,68,2,10,5,11,1,16,3,4,14,19,433,9,163,91,55,31,55,454,3,25,1,395,11,160,20,44,11,47,4,6,1106,Lisboa,Grande Lisboa
Lisboa,20 - 24 anos,H,14962,12215,2747,508,48,5,23,5,45,90,1,47,5,21,3,23,4,10,20,52,656,10,266,127,85,47,43,877,4,28,2,782,33,705,272,80,101,175,20,1,1106,Lisboa,Grande Lisboa
Lisboa,20 - 24 anos,M,14723,12002,2721,614,62,4,14,6,53,111,2,63,15,32,7,27,3,15,19,75,668,17,283,146,53,67,58,988,7,36,4,879,41,449,94,99,23,140,7,2,1106,Lisboa,Grande Lisboa
Lisboa,25 - 29 anos,H,18603,13473,5130,1088,93,5,34,4,128,208,5,165,18,34,9,32,11,21,68,77,582,21,165,143,87,29,48,1755,10,58,15,1547,61,1698,757,114,212,464,65,7,1106,Lisboa,Grande Lisboa
Lisboa,25 - 29 anos,M,18693,13832,4861,1401,86,14,45,10,161,243,5,205,18,31,53,43,9,47,73,113,641,18,229,160,58,35,72,1991,17,58,21,1742,76,820,147,141,59,349,17,8,1106,Lisboa,Grande Lisboa
Lisboa,30 - 34 anos,H,19303,13406,5897,1189,82,7,29,9,107,258,8,206,11,25,13,51,13,41,56,66,604,38,178,140,83,23,46,2099,27,61,33,1823,66,1988,962,131,192,509,95,17,1106,Lisboa,Grande Lisboa
Lisboa,30 - 34 anos,M,18844,13468,5376,1435,90,9,37,14,157,254,12,191,7,28,69,94,9,70,54,84,693,36,234,168,70,44,77,2304,18,70,33,1993,67,930,130,157,74,401,28,14,1106,Lisboa,Grande Lisboa
Lisboa,35 - 39 anos,H,18714,13725,4989,1063,97,7,37,9,121,256,10,145,7,29,13,49,7,23,27,47,569,50,168,88,73,50,56,1744,18,48,27,1523,69,1592,788,140,135,360,58,21,1106,Lisboa,Grande Lisboa
Lisboa,35 - 39 anos,M,18571,13867,4704,1246,88,7,19,12,128,250,11,156,7,21,56,87,10,53,29,92,701,42,232,137,75,60,93,2101,24,69,23,1818,69,646,62,155,57,225,14,10,1106,Lisboa,Grande Lisboa
Lisboa,40 - 44 anos,H,19459,15280,4179,1048,103,10,25,10,119,301,18,99,7,15,14,73,6,13,17,73,763,43,275,97,68,133,57,1343,22,49,24,1148,45,1015,436,120,108,221,47,10,1106,Lisboa,Grande Lisboa
Lisboa,40 - 44 anos,M,20394,15996,4398,1208,119,6,23,13,127,329,3,95,11,7,31,85,11,30,17,119,948,30,387,153,76,143,89,1823,30,47,20,1621,43,411,28,148,43,91,11,8,1106,Lisboa,Grande Lisboa
Lisboa,45 - 49 anos,H,18870,14650,4220,1088,105,1,25,13,98,370,9,79,5,18,7,60,7,20,13,83,1744,32,923,114,69,469,51,822,9,39,16,685,33,563,177,146,54,94,30,3,1106,Lisboa,Grande Lisboa
Lisboa,45 - 49 anos,M,20450,15675,4775,1099,106,5,23,11,105,396,1,44,3,12,14,57,7,40,20,102,2010,39,1060,167,57,558,74,1326,32,31,21,1158,38,327,7,170,26,41,6,13,1106,Lisboa,Grande Lisboa
Lisboa,50 - 54 anos,H,16388,12998,3390,793,90,2,22,7,76,242,7,50,5,16,4,51,4,13,12,73,1657,26,837,130,87,467,44,571,10,43,8,467,18,362,73,141,50,30,16,7,1106,Lisboa,Grande Lisboa
Lisboa,50 - 54 anos,M,18682,14736,3946,779,66,3,16,12,72,218,7,43,0,14,2,58,5,42,16,89,1885,36,878,224,78,524,90,1037,14,30,5,910,43,240,3,113,31,15,3,5,1106,Lisboa,Grande Lisboa
Lisboa,55 - 59 anos,H,15431,12691,2740,515,53,4,10,7,61,99,5,37,0,10,3,36,6,12,10,56,1477,6,717,153,72,411,51,498,12,41,6,397,23,241,20,96,47,14,11,9,1106,Lisboa,Grande Lisboa
Lisboa,55 - 59 anos,M,18097,14740,3357,490,24,4,12,13,70,87,1,30,2,6,2,32,8,25,17,87,1781,10,832,252,79,469,93,850,11,30,5,732,41,233,6,90,48,11,6,3,1106,Lisboa,Grande Lisboa
Lisboa,60 - 64 anos,H,13696,11587,2109,356,26,1,20,7,37,44,5,19,0,12,1,20,16,7,8,50,1259,6,518,190,69,361,46,319,5,45,6,232,11,173,14,35,64,5,12,2,1106,Lisboa,Grande Lisboa
Lisboa,60 - 64 anos,M,17544,14764,2780,369,22,2,13,11,45,59,2,20,0,5,5,16,4,14,5,80,1674,8,774,247,68,438,89,579,5,36,5,485,17,158,3,40,45,5,9,0,1106,Lisboa,Grande Lisboa
Lisboa,65 - 69 anos,H,12797,11155,1642,275,20,0,11,2,41,61,2,39,1,12,3,10,6,2,7,20,1036,1,373,255,50,259,43,190,4,25,2,140,9,136,7,29,56,3,6,5,1106,Lisboa,Grande Lisboa
Lisboa,65 - 69 anos,M,16786,14526,2260,259,11,0,15,2,32,58,2,20,0,6,5,9,9,12,5,44,1448,8,623,277,51,370,77,378,2,23,4,306,21,172,2,36,75,10,2,3,1106,Lisboa,Grande Lisboa
Lisboa,70 - 74 anos,H,12168,11013,1155,234,13,2,9,2,33,61,0,45,0,8,0,2,8,4,10,7,713,2,255,135,36,218,25,111,2,20,4,74,2,92,0,12,55,2,2,5,1106,Lisboa,Grande Lisboa
Lisboa,70 - 74 anos,M,17142,15639,1503,196,9,1,12,2,35,44,2,17,1,7,4,0,3,6,8,15,998,7,427,172,37,285,34,179,4,13,3,150,3,129,1,15,59,7,4,1,1106,Lisboa,Grande Lisboa
Lisboa,75 - 79 anos,H,9738,9109,629,117,7,1,3,1,16,34,1,14,0,5,1,0,5,1,6,0,382,2,118,88,16,122,10,59,3,5,1,42,0,70,0,7,50,2,1,1,1106,Lisboa,Grande Lisboa
Lisboa,75 - 79 anos,M,14882,13917,965,163,23,3,7,0,47,39,1,8,0,4,0,1,3,3,7,6,638,3,271,127,21,163,24,99,1,4,6,71,3,65,1,4,48,2,0,0,1106,Lisboa,Grande Lisboa
Lisboa,80 - 84 anos,H,7511,7101,410,67,8,1,2,0,17,15,1,13,0,2,0,0,0,0,0,2,284,0,102,71,6,89,12,23,1,4,1,15,1,36,0,2,26,0,0,0,1106,Lisboa,Grande Lisboa
Lisboa,80 - 84 anos,M,13053,12229,824,154,19,3,5,1,60,32,1,6,0,3,2,1,1,5,3,2,549,4,248,109,14,141,15,54,1,2,1,48,1,66,0,5,44,0,0,1,1106,Lisboa,Grande Lisboa
Lisboa,85 e mais anos,H,6989,6652,337,52,9,0,2,1,17,8,1,4,0,3,0,1,0,2,1,0,232,1,85,63,4,67,6,24,0,3,4,17,0,29,0,2,23,0,0,0,1106,Lisboa,Grande Lisboa
Lisboa,85 e mais anos,M,16702,15648,1054,205,10,3,10,1,110,40,0,9,0,0,2,2,2,1,2,1,717,3,329,143,13,180,28,62,0,6,1,49,1,69,0,4,38,0,2,1,1106,Lisboa,Grande Lisboa
Ajuda,Total,H,6566,5729,837,177,9,0,4,1,22,37,1,19,2,6,3,14,1,4,7,8,260,6,89,59,16,54,12,311,3,12,2,270,14,89,14,13,19,23,4,0,110601,Lisboa,Grande Lisboa
Ajuda,Total,M,7740,6749,991,202,14,1,3,4,24,44,2,16,0,6,7,14,2,6,6,9,345,5,120,89,20,70,21,374,5,7,3,322,20,70,3,12,14,19,1,0,110601,Lisboa,Grande Lisboa
Ajuda,0 - 4 anos,H,330,318,12,3,0,0,0,0,0,1,0,0,1,0,0,0,1,0,0,0,0,0,0,0,0,0,0,7,0,2,0,4,1,2,0,0,0,1,1,0,110601,Lisboa,Grande Lisboa
Ajuda,0 - 4 anos,M,294,282,12,5,0,0,0,0,1,1,0,0,0,0,0,0,0,0,0,0,1,0,1,0,0,0,0,5,0,0,0,4,0,1,1,0,0,0,0,0,110601,Lisboa,Grande Lisboa
Ajuda,5 - 9 anos,H,292,260,32,8,0,0,0,0,0,0,0,1,0,2,0,0,0,0,0,0,6,0,2,2,1,0,0,17,0,1,0,14,1,1,0,0,0,1,0,0,110601,Lisboa,Grande Lisboa
Ajuda,5 - 9 anos,M,278,257,21,4,0,0,0,0,0,0,0,0,0,0,0,0,1,0,0,0,3,0,2,1,0,0,0,13,1,0,1,11,0,1,0,0,0,1,0,0,110601,Lisboa,Grande Lisboa
Ajuda,10 - 14 anos,H,317,281,36,12,0,0,0,0,3,1,1,0,1,1,0,0,0,0,2,0,5,0,2,2,0,0,0,15,0,2,0,13,0,4,0,2,0,0,2,0,110601,Lisboa,Grande Lisboa
Ajuda,10 - 14 anos,M,285,272,13,2,0,0,0,0,0,0,0,0,0,0,0,0,0,0,0,1,4,0,1,2,1,0,0,5,0,1,0,3,1,2,0,0,0,1,0,0,110601,Lisboa,Grande Lisboa
Ajuda,15 - 19 anos,H,304,276,28,3,0,0,0,0,1,0,0,0,0,0,0,1,0,0,0,0,8,0,4,2,0,1,1,13,0,1,0,12,0,4,0,0,0,0,0,0,110601,Lisboa,Grande Lisboa
Ajuda,15 - 19 anos,M,293,268,25,6,0,0,0,0,1,0,0,0,0,1,0,1,0,0,1,0,7,0,1,1,1,0,3,10,1,0,0,9,0,2,0,2,0,0,0,0,110601,Lisboa,Grande Lisboa
Ajuda,20 - 24 anos,H,344,305,39,8,1,0,0,0,2,1,0,0,0,0,0,0,0,0,0,2,12,0,3,5,1,0,2,19,0,1,0,17,1,0,0,0,0,0,0,0,110601,Lisboa,Grande Lisboa
Ajuda,20 - 24 anos,M,327,269,58,11,2,0,0,0,2,2,0,1,0,0,0,0,0,0,1,0,20,0,5,7,4,1,3,22,0,0,0,21,1,5,1,0,0,2,0,0,110601,Lisboa,Grande Lisboa
Ajuda,25 - 29 anos,H,394,311,83,14,0,0,0,0,3,3,0,2,0,1,0,1,0,0,2,0,16,1,4,5,1,1,1,42,1,0,0,37,3,11,1,0,2,7,0,0,110601,Lisboa,Grande Lisboa
Ajuda,25 - 29 anos,M,459,352,107,31,0,1,0,0,3,9,0,6,0,1,2,1,0,1,2,0,15,0,5,6,0,1,1,52,0,1,0,43,4,9,0,0,2,7,0,0,110601,Lisboa,Grande Lisboa
Ajuda,30 - 34 anos,H,454,353,101,21,1,0,1,0,1,4,0,3,0,1,1,1,0,1,1,2,13,1,6,3,1,0,1,53,0,4,1,43,2,14,4,0,3,5,1,0,110601,Lisboa,Grande Lisboa
Ajuda,30 - 34 anos,M,512,408,104,25,2,0,0,0,2,7,0,2,0,1,1,1,1,1,0,3,18,2,5,6,1,2,1,49,0,2,1,41,2,12,0,3,1,5,1,0,110601,Lisboa,Grande Lisboa
Ajuda,35 - 39 anos,H,467,371,96,17,1,0,0,0,1,6,0,4,0,1,0,0,0,1,0,0,13,1,2,1,2,4,1,49,0,0,0,42,3,17,4,1,4,5,0,0,110601,Lisboa,Grande Lisboa
Ajuda,35 - 39 anos,M,439,358,81,17,0,0,0,0,1,3,0,2,0,1,3,2,0,1,0,0,10,0,2,4,2,0,1,49,0,0,0,44,3,5,1,0,1,0,0,0,110601,Lisboa,Grande Lisboa
Ajuda,40 - 44 anos,H,498,411,87,20,2,0,0,0,2,5,0,4,0,0,0,2,0,0,0,1,14,1,4,3,3,2,0,42,2,0,0,40,0,11,3,2,1,3,0,0,110601,Lisboa,Grande Lisboa
Ajuda,40 - 44 anos,M,548,425,123,31,4,0,0,2,2,7,1,4,0,0,1,3,0,1,0,3,22,0,2,8,1,6,1,67,1,2,1,57,2,3,0,1,0,2,0,0,110601,Lisboa,Grande Lisboa
Ajuda,45 - 49 anos,H,481,388,93,26,1,0,0,0,3,8,0,2,0,0,1,6,0,1,0,0,40,0,16,4,0,11,3,22,0,1,0,21,0,5,1,2,2,0,0,0,110601,Lisboa,Grande Lisboa
Ajuda,45 - 49 anos,M,520,398,122,23,4,0,0,0,1,7,0,0,0,0,0,2,0,0,0,0,64,1,33,9,3,13,1,30,0,0,0,29,0,5,0,2,1,0,0,0,110601,Lisboa,Grande Lisboa
Ajuda,50 - 54 anos,H,405,337,68,14,1,0,1,0,1,2,0,2,0,0,1,2,0,0,0,0,40,1,19,5,2,8,1,9,0,0,1,8,0,5,1,1,2,0,0,0,110601,Lisboa,Grande Lisboa
Ajuda,50 - 54 anos,M,436,347,89,10,0,0,2,1,0,2,1,0,0,0,0,2,0,1,0,0,42,2,18,8,2,8,4,28,0,0,0,25,3,9,0,1,4,0,0,0,110601,Lisboa,Grande Lisboa
Ajuda,55 - 59 anos,H,375,324,51,9,1,0,0,1,1,1,0,0,0,0,0,1,0,0,0,0,25,0,10,5,1,8,0,13,0,0,0,10,2,4,0,3,0,0,0,0,110601,Lisboa,Grande Lisboa
Ajuda,55 - 59 anos,M,480,402,78,17,1,0,0,1,4,3,0,1,0,1,0,2,0,1,1,1,36,0,15,5,2,8,3,23,1,0,0,19,2,2,0,1,0,0,0,0,110601,Lisboa,Grande Lisboa
Ajuda,60 - 64 anos,H,405,368,37,5,0,0,0,0,1,0,0,0,0,0,0,0,0,0,0,2,27,1,8,6,1,8,1,4,0,0,0,4,0,1,0,0,0,1,0,0,110601,Lisboa,Grande Lisboa
Ajuda,60 - 64 anos,M,450,402,48,9,1,0,0,0,1,2,0,0,0,0,0,0,0,0,0,1,29,0,7,10,1,10,1,7,1,0,0,4,2,3,0,1,0,1,0,0,110601,Lisboa,Grande Lisboa
Ajuda,65 - 69 anos,H,313,287,26,6,1,0,1,0,1,2,0,0,0,0,0,0,0,0,0,1,13,0,2,6,2,3,0,5,0,0,0,4,1,2,0,0,1,0,0,0,110601,Lisboa,Grande Lisboa
Ajuda,65 - 69 anos,M,435,396,39,3,0,0,0,0,1,0,0,0,0,0,0,0,0,0,1,0,25,0,8,8,1,5,1,8,0,0,0,8,0,3,0,1,2,0,0,0,110601,Lisboa,Grande Lisboa
Ajuda,70 - 74 anos,H,350,335,15,4,0,0,0,0,0,1,0,1,0,0,0,0,0,0,1,0,8,0,2,2,1,3,0,1,0,0,0,1,0,2,0,1,1,0,0,0,110601,Lisboa,Grande Lisboa
Ajuda,70 - 74 anos,M,506,492,14,1,0,0,0,0,1,0,0,0,0,0,0,0,0,0,0,0,10,0,2,2,0,6,0,1,0,0,0,1,0,2,0,0,0,0,0,0,110601,Lisboa,Grande Lisboa
Ajuda,75 - 79 anos,H,340,326,14,3,0,0,0,0,1,1,0,0,0,0,0,0,0,0,1,0,8,0,1,3,0,2,1,0,0,0,0,0,0,3,0,0,2,0,0,0,110601,Lisboa,Grande Lisboa
Ajuda,75 - 79 anos,M,515,492,23,1,0,0,0,0,1,0,0,0,0,0,0,0,0,0,0,0,15,0,4,5,0,4,1,4,0,1,0,2,0,3,0,0,2,0,0,0,110601,Lisboa,Grande Lisboa
Ajuda,80 - 84 anos,H,269,261,8,2,0,0,1,0,1,0,0,0,0,0,0,0,0,0,0,0,4,0,2,0,0,2,0,0,0,0,0,0,0,2,0,0,1,0,0,0,110601,Lisboa,Grande Lisboa
Ajuda,80 - 84 anos,M,488,467,21,3,0,0,1,0,1,0,0,0,0,1,0,0,0,0,0,0,14,0,6,4,0,4,0,1,0,0,0,1,0,3,0,0,1,0,0,0,110601,Lisboa,Grande Lisboa
Ajuda,85 e mais anos,H,228,217,11,2,0,0,0,0,0,1,0,0,0,0,0,0,0,1,0,0,8,0,2,5,0,1,0,0,0,0,0,0,0,1,0,1,0,0,0,0,110601,Lisboa,Grande Lisboa
Ajuda,85 e mais anos,M,475,462,13,3,0,0,0,0,2,1,0,0,0,0,0,0,0,0,0,0,10,0,3,3,1,2,0,0,0,0,0,0,0,0,0,0,0,0,0,0,110601,Lisboa,Grande Lisboa
Alcântara,Total,H,6269,5085,1184,292,31,3,8,7,36,62,1,31,0,7,7,10,1,4,4,25,296,8,146,52,11,49,12,371,3,22,4,320,11,223,52,13,42,91,2,2,110602,Lisboa,Grande Lisboa
Alcântara,Total,M,7581,6254,1327,312,30,4,10,4,42,66,2,20,3,7,8,15,3,18,7,28,357,12,173,64,13,60,20,496,6,22,5,433,19,161,10,17,19,73,3,1,110602,Lisboa,Grande Lisboa
Alcântara,0 - 4 anos,H,309,290,19,8,1,0,0,0,2,1,0,0,0,0,0,1,0,0,0,0,4,0,3,0,0,1,0,6,0,1,0,5,0,1,0,0,0,1,0,0,110602,Lisboa,Grande Lisboa
Alcântara,0 - 4 anos,M,312,294,18,4,0,0,0,0,2,0,0,0,0,0,0,0,0,0,0,0,4,0,3,0,0,0,0,8,0,0,0,8,0,2,0,0,1,1,0,0,110602,Lisboa,Grande Lisboa
Alcântara,5 - 9 anos,H,271,225,46,17,4,0,0,0,4,3,0,1,0,0,0,1,0,0,1,0,9,0,5,0,1,1,0,14,0,2,0,11,0,6,1,0,1,3,0,0,110602,Lisboa,Grande Lisboa
Alcântara,5 - 9 anos,M,262,230,32,11,4,0,0,0,1,1,0,0,1,0,0,0,0,0,2,0,8,0,7,0,0,0,0,10,0,0,0,10,0,3,0,0,1,2,0,0,110602,Lisboa,Grande Lisboa
Alcântara,10 - 14 anos,H,305,268,37,5,1,0,0,0,1,2,0,0,0,0,0,0,0,0,0,0,11,1,7,2,0,0,0,14,0,1,0,13,0,7,0,0,3,1,0,0,110602,Lisboa,Grande Lisboa
Alcântara,10 - 14 anos,M,315,278,37,9,0,0,0,0,0,1,0,0,0,2,0,0,0,0,0,1,10,1,4,0,2,0,2,11,0,1,0,9,0,7,0,0,3,2,0,0,110602,Lisboa,Grande Lisboa
Alcântara,15 - 19 anos,H,274,238,36,5,0,0,0,0,1,3,0,0,0,0,0,0,0,0,0,1,9,0,5,1,1,0,0,18,0,3,0,14,0,4,0,0,0,2,0,0,110602,Lisboa,Grande Lisboa
Alcântara,15 - 19 anos,M,310,275,35,4,1,0,0,0,1,2,0,0,0,0,0,0,0,0,0,0,14,1,5,2,1,2,2,12,0,1,0,11,0,5,0,0,0,2,0,0,110602,Lisboa,Grande Lisboa
Alcântara,20 - 24 anos,H,330,260,70,13,1,1,1,0,1,0,0,2,0,2,1,0,0,0,0,3,14,0,5,3,0,0,4,22,0,1,1,19,1,21,7,1,2,8,0,0,110602,Lisboa,Grande Lisboa
Alcântara,20 - 24 anos,M,321,235,86,18,0,0,0,1,5,3,1,1,0,0,0,0,0,0,2,2,15,1,5,3,2,2,0,34,1,3,0,29,1,19,2,0,0,13,0,0,110602,Lisboa,Grande Lisboa
Alcântara,25 - 29 anos,H,461,321,140,32,4,0,0,1,4,6,0,5,0,0,2,1,0,0,0,3,10,0,4,3,0,0,0,57,0,3,0,50,1,41,12,1,8,20,0,0,110602,Lisboa,Grande Lisboa
Alcântara,25 - 29 anos,M,503,346,157,37,1,2,2,1,5,6,0,2,1,1,3,3,0,1,0,5,15,1,3,6,1,0,4,69,0,4,0,60,5,35,4,3,2,18,1,1,110602,Lisboa,Grande Lisboa
Alcântara,30 - 34 anos,H,512,332,180,47,5,0,0,2,5,10,0,5,0,1,1,1,0,0,1,4,11,2,5,1,1,0,0,74,1,1,1,62,6,47,10,4,9,21,1,1,110602,Lisboa,Grande Lisboa
Alcântara,30 - 34 anos,M,605,405,200,53,1,1,1,0,9,15,1,6,1,1,0,2,0,7,0,0,22,2,7,3,0,4,3,95,2,4,2,78,5,30,2,2,5,18,0,0,110602,Lisboa,Grande Lisboa
Alcântara,35 - 39 anos,H,529,387,142,36,2,2,1,1,4,10,1,4,0,1,1,0,0,0,0,3,13,3,6,0,1,1,1,63,2,3,1,55,2,30,6,2,4,16,0,0,110602,Lisboa,Grande Lisboa
Alcântara,35 - 39 anos,M,549,401,148,42,3,0,0,0,6,8,0,3,0,1,4,2,0,2,2,3,15,0,8,4,0,2,1,71,2,1,2,63,2,20,1,2,1,10,1,0,110602,Lisboa,Grande Lisboa
Alcântara,40 - 44 anos,H,497,384,113,33,4,0,0,1,4,6,0,6,0,2,0,1,0,1,1,1,15,1,8,3,0,2,1,40,0,2,1,35,1,25,9,0,4,10,0,0,110602,Lisboa,Grande Lisboa
Alcântara,40 - 44 anos,M,527,385,142,38,7,0,1,0,3,11,0,3,0,1,1,2,2,2,0,1,32,1,10,9,2,5,1,60,0,4,0,52,3,12,1,2,2,5,1,0,110602,Lisboa,Grande Lisboa
Alcântara,45 - 49 anos,H,482,381,101,31,2,0,1,0,5,11,0,3,0,0,1,2,1,1,0,1,44,0,27,4,2,10,1,15,0,0,0,15,0,11,3,0,0,5,1,0,110602,Lisboa,Grande Lisboa
Alcântara,45 - 49 anos,M,554,429,125,31,5,0,3,1,1,9,0,1,0,0,0,1,0,1,0,7,44,3,28,4,0,8,1,42,0,1,1,40,0,8,0,2,1,2,0,0,110602,Lisboa,Grande Lisboa
Alcântara,50 - 54 anos,H,394,310,84,23,3,0,2,2,2,4,0,1,0,0,1,1,0,1,0,3,34,1,16,7,0,6,4,19,0,0,0,19,0,8,1,1,3,2,0,0,110602,Lisboa,Grande Lisboa
Alcântara,50 - 54 anos,M,423,331,92,21,2,1,0,0,1,3,0,3,0,0,0,0,0,3,0,4,32,1,16,4,1,5,4,33,0,1,0,31,0,6,0,2,0,0,0,0,110602,Lisboa,Grande Lisboa
Alcântara,55 - 59 anos,H,360,297,63,15,1,0,0,0,1,2,0,1,0,0,0,0,0,1,0,5,29,0,13,3,0,10,1,13,0,3,0,10,0,6,0,1,1,2,0,0,110602,Lisboa,Grande Lisboa
Alcântara,55 - 59 anos,M,400,321,79,12,1,0,1,0,0,0,0,1,0,0,0,3,1,1,0,3,37,1,16,7,0,11,2,25,0,2,0,20,1,5,0,2,1,0,0,0,110602,Lisboa,Grande Lisboa
Alcântara,60 - 64 anos,H,298,250,48,8,1,0,0,0,1,1,0,0,0,0,0,2,0,0,0,1,28,0,15,5,2,6,0,9,0,1,0,7,0,3,2,0,0,0,0,0,110602,Lisboa,Grande Lisboa
Alcântara,60 - 64 anos,M,406,353,53,7,0,0,0,1,1,0,0,0,0,0,0,1,0,1,0,2,33,0,21,4,1,7,0,11,1,0,0,10,0,2,0,0,0,0,0,0,110602,Lisboa,Grande Lisboa
Alcântara,65 - 69 anos,H,274,239,35,6,0,0,0,0,1,1,0,0,0,1,0,0,0,0,1,0,21,0,12,5,1,2,0,2,0,0,0,2,0,6,1,3,1,0,0,0,110602,Lisboa,Grande Lisboa
Alcântara,65 - 69 anos,M,415,376,39,4,0,0,1,0,0,2,0,0,0,0,0,1,0,0,0,0,22,0,15,2,1,4,0,9,0,0,0,7,2,4,0,2,0,0,0,0,110602,Lisboa,Grande Lisboa
Alcântara,70 - 74 anos,H,316,286,30,5,0,0,2,0,0,1,0,1,0,0,0,0,0,0,0,0,18,0,5,9,1,3,0,2,0,0,0,2,0,4,0,0,3,0,0,1,110602,Lisboa,Grande Lisboa
Alcântara,70 - 74 anos,M,445,407,38,9,2,0,0,0,2,3,0,0,0,1,0,0,0,0,1,0,25,0,12,5,2,6,0,3,0,0,0,3,0,1,0,0,1,0,0,0,110602,Lisboa,Grande Lisboa
Alcântara,75 - 79 anos,H,247,228,19,5,1,0,0,0,0,1,0,1,0,0,0,0,0,0,0,0,10,0,3,2,0,3,0,1,0,0,0,0,0,3,0,0,3,0,0,0,110602,Lisboa,Grande Lisboa
Alcântara,75 - 79 anos,M,395,383,12,4,2,0,0,0,0,1,0,0,0,0,0,0,0,0,0,0,6,0,2,3,0,1,0,2,0,0,0,1,0,0,0,0,0,0,0,0,110602,Lisboa,Grande Lisboa
Alcântara,80 - 84 anos,H,232,221,11,1,0,0,1,0,0,0,0,0,0,0,0,0,0,0,0,0,9,0,4,2,0,3,0,1,0,0,0,1,0,0,0,0,0,0,0,0,110602,Lisboa,Grande Lisboa
Alcântara,80 - 84 anos,M,390,381,9,0,0,0,0,0,0,0,0,0,0,0,0,0,0,0,0,0,8,0,4,2,0,1,0,0,0,0,0,0,0,1,0,0,1,0,0,0,110602,Lisboa,Grande Lisboa
Alcântara,85 e mais anos,H,178,168,10,2,1,0,0,0,0,0,0,1,0,0,0,0,0,0,0,0,7,0,3,2,1,1,0,1,0,1,0,0,0,0,0,0,0,0,0,0,110602,Lisboa,Grande Lisboa
Alcântara,85 e mais anos,M,449,424,25,8,1,0,1,0,5,1,0,0,0,0,0,0,0,0,0,0,15,0,7,6,0,2,0,1,0,0,0,1,0,1,0,0,0,0,0,0,110602,Lisboa,Grande Lisboa
Alvalade,Total,H,14956,13301,1655,361,30,1,29,2,49,69,0,36,2,9,0,18,6,4,11,26,635,15,306,51,22,185,20,488,8,22,5,408,18,166,21,51,21,30,2,5,110654,Lisboa,Grande Lisboa
Alvalade,Total,M,18353,16073,2280,469,35,3,17,3,88,80,2,38,2,6,11,21,5,13,24,46,903,18,434,103,21,253,25,733,6,26,4,655,20,172,6,59,21,20,2,3,110654,Lisboa,Grande Lisboa
Alvalade,0 - 4 anos,H,808,770,38,17,3,0,4,0,3,0,0,1,1,1,0,0,0,0,0,0,3,1,1,0,0,0,0,13,2,2,0,7,1,5,0,2,0,0,0,0,110654,Lisboa,Grande Lisboa
Alvalade,0 - 4 anos,M,744,716,28,9,1,0,0,0,1,0,0,1,0,0,0,0,0,0,0,0,4,0,2,0,1,0,0,13,0,2,0,11,0,2,1,0,0,0,0,0,110654,Lisboa,Grande Lisboa
Alvalade,5 - 9 anos,H,778,714,64,11,0,0,1,0,1,1,0,1,0,0,0,0,0,0,2,1,7,0,2,0,2,0,2,39,2,1,0,34,1,6,0,3,0,1,0,1,110654,Lisboa,Grande Lisboa
Alvalade,5 - 9 anos,M,766,702,64,16,0,0,3,0,1,2,0,0,0,0,0,1,0,0,1,1,12,3,5,0,1,0,1,32,0,2,0,29,0,4,0,1,0,0,0,0,110654,Lisboa,Grande Lisboa
Alvalade,10 - 14 anos,H,785,731,54,22,1,0,2,0,3,2,0,4,0,0,0,2,0,1,0,0,9,0,7,0,0,0,2,20,0,1,0,17,1,3,0,2,1,0,0,0,110654,Lisboa,Grande Lisboa
Alvalade,10 - 14 anos,M,758,706,52,12,1,0,1,0,3,2,0,0,0,0,0,2,0,1,0,1,12,2,4,3,0,0,0,23,0,2,0,21,0,5,0,3,0,0,0,0,110654,Lisboa,Grande Lisboa
Alvalade,15 - 19 anos,H,785,731,54,8,0,0,2,0,1,1,0,0,0,0,0,0,0,0,0,1,15,0,10,0,0,2,1,24,0,1,0,22,1,7,0,1,0,2,0,0,110654,Lisboa,Grande Lisboa
Alvalade,15 - 19 anos,M,765,708,57,16,0,0,0,0,7,2,0,0,0,0,0,2,0,0,3,0,13,0,5,2,2,1,0,22,0,1,0,18,2,5,0,1,0,2,0,1,110654,Lisboa,Grande Lisboa
Alvalade,20 - 24 anos,H,866,787,79,21,1,0,2,0,1,6,0,0,0,2,0,0,2,0,0,1,25,1,11,5,2,3,1,29,0,1,0,25,1,4,0,3,1,0,0,0,110654,Lisboa,Grande Lisboa
Alvalade,20 - 24 anos,M,913,814,99,23,1,1,1,1,2,5,0,2,1,0,0,0,0,1,2,2,27,0,17,2,1,3,1,37,0,0,0,36,1,12,0,6,0,1,0,0,110654,Lisboa,Grande Lisboa
Alvalade,25 - 29 anos,H,1012,893,119,36,3,1,0,0,3,4,0,8,0,0,0,3,0,0,3,4,17,1,7,1,2,1,1,40,0,2,1,34,0,26,6,10,0,8,0,0,110654,Lisboa,Grande Lisboa
Alvalade,25 - 29 anos,M,1117,955,162,56,2,1,3,1,7,9,1,10,1,1,1,1,0,0,6,6,19,0,8,4,2,3,1,68,1,3,0,60,0,19,2,5,0,9,0,0,110654,Lisboa,Grande Lisboa
Alvalade,30 - 34 anos,H,1094,926,168,44,3,0,4,1,2,5,0,7,0,2,0,3,2,1,3,3,21,3,5,5,2,4,0,69,1,3,2,59,3,34,5,9,4,9,0,0,110654,Lisboa,Grande Lisboa
Alvalade,30 - 34 anos,M,1107,931,176,47,2,1,0,0,5,10,0,5,0,0,5,3,0,0,5,2,25,0,9,6,1,2,1,80,1,1,0,75,1,24,2,11,1,3,0,0,110654,Lisboa,Grande Lisboa
Alvalade,35 - 39 anos,H,1068,917,151,37,3,0,3,0,8,7,0,3,1,1,0,2,0,0,1,3,16,3,4,2,1,3,0,75,0,0,1,70,1,21,4,6,1,7,1,2,110654,Lisboa,Grande Lisboa
Alvalade,35 - 39 anos,M,1128,923,205,44,3,0,2,0,7,5,0,3,0,1,3,3,0,1,2,6,29,2,10,8,0,3,3,105,2,6,0,87,4,27,1,12,2,5,0,0,110654,Lisboa,Grande Lisboa
Alvalade,40 - 44 anos,H,1140,1002,138,38,3,0,2,0,7,13,0,2,0,0,0,1,0,1,0,6,18,0,5,2,0,7,1,65,2,2,0,51,5,17,4,6,1,2,0,0,110654,Lisboa,Grande Lisboa
Alvalade,40 - 44 anos,M,1287,1108,179,47,4,0,2,0,5,12,0,3,0,0,1,3,0,1,1,7,32,1,15,6,0,6,1,93,0,0,1,89,3,6,0,2,0,0,1,1,110654,Lisboa,Grande Lisboa
Alvalade,45 - 49 anos,H,1032,876,156,39,2,0,2,0,5,14,0,3,0,0,0,2,0,0,1,3,79,2,41,5,3,27,0,31,0,3,0,26,1,7,0,2,1,1,1,0,110654,Lisboa,Grande Lisboa
Alvalade,45 - 49 anos,M,1220,967,253,52,11,0,1,0,6,12,0,2,0,1,1,1,1,1,1,4,128,3,72,7,1,40,2,61,1,1,1,53,1,11,0,7,1,0,0,1,110654,Lisboa,Grande Lisboa
Alvalade,50 - 54 anos,H,949,780,169,29,6,0,1,0,2,9,0,3,0,0,0,1,0,0,1,2,101,3,54,5,4,29,2,27,0,2,0,21,2,12,2,5,1,0,0,0,110654,Lisboa,Grande Lisboa
Alvalade,50 - 54 anos,M,1067,854,213,39,3,0,0,0,4,9,1,3,0,3,0,3,0,3,1,3,115,6,48,7,3,44,4,56,0,1,1,50,3,3,0,1,0,0,0,0,110654,Lisboa,Grande Lisboa
Alvalade,55 - 59 anos,H,905,767,138,17,2,0,1,0,3,2,0,1,0,0,0,3,0,0,0,2,94,0,55,2,2,27,4,19,0,1,0,17,1,7,0,1,4,0,0,1,110654,Lisboa,Grande Lisboa
Alvalade,55 - 59 anos,M,1101,929,172,23,0,0,0,0,5,2,0,2,0,0,0,1,0,3,1,7,92,0,46,13,4,25,2,48,0,1,0,43,4,9,0,5,1,0,0,0,110654,Lisboa,Grande Lisboa
Alvalade,60 - 64 anos,H,797,711,86,8,1,0,2,0,2,0,0,0,0,1,0,1,0,0,0,0,63,0,35,2,1,23,2,9,0,2,0,5,0,6,0,1,2,0,0,0,110654,Lisboa,Grande Lisboa
Alvalade,60 - 64 anos,M,1080,926,154,15,0,0,1,1,3,2,0,2,0,0,0,1,0,1,0,2,98,0,54,8,2,31,0,30,0,3,1,26,0,11,0,3,2,0,1,0,110654,Lisboa,Grande Lisboa
Alvalade,65 - 69 anos,H,774,695,79,11,1,0,1,0,3,1,0,1,0,1,0,0,1,0,0,0,52,0,19,4,3,23,1,13,1,1,0,8,0,3,0,0,1,0,0,0,110654,Lisboa,Grande Lisboa
Alvalade,65 - 69 anos,M,1029,907,122,15,0,0,1,0,1,4,0,2,0,0,0,0,2,1,0,3,80,0,33,11,2,28,3,21,1,0,0,17,1,6,0,0,3,0,0,0,110654,Lisboa,Grande Lisboa
Alvalade,70 - 74 anos,H,678,608,70,8,0,0,1,1,1,2,0,0,0,0,0,0,1,1,0,0,52,1,24,5,0,16,2,8,0,0,1,6,0,1,0,0,0,0,0,1,110654,Lisboa,Grande Lisboa
Alvalade,70 - 74 anos,M,1063,964,99,14,1,0,2,0,5,1,0,1,0,0,0,0,1,0,0,1,68,1,28,10,0,25,4,12,0,0,0,12,0,5,0,0,0,0,0,0,110654,Lisboa,Grande Lisboa
Alvalade,75 - 79 anos,H,536,494,42,7,0,0,0,0,3,1,0,0,0,0,0,0,0,0,0,0,29,0,12,6,0,9,0,3,0,0,0,2,0,3,0,0,1,0,0,0,110654,Lisboa,Grande Lisboa
Alvalade,75 - 79 anos,M,857,779,78,11,1,0,0,0,5,1,0,1,0,0,0,0,1,0,1,1,49,0,25,6,1,16,0,13,0,2,0,10,0,5,0,0,4,0,0,0,110654,Lisboa,Grande Lisboa
Alvalade,80 - 84 anos,H,398,373,25,4,0,0,0,0,1,1,0,1,0,0,0,0,0,0,0,0,19,0,9,3,0,5,1,1,0,0,0,1,0,1,0,0,0,0,0,0,110654,Lisboa,Grande Lisboa
Alvalade,80 - 84 anos,M,810,739,71,13,3,0,0,0,7,2,0,0,0,0,0,0,0,0,0,0,44,0,21,6,0,12,0,8,0,0,0,8,0,6,0,0,3,0,0,0,110654,Lisboa,Grande Lisboa
Alvalade,85 e mais anos,H,551,526,25,4,1,0,1,0,0,0,0,1,0,1,0,0,0,0,0,0,15,0,5,4,0,6,0,3,0,0,0,3,0,3,0,0,3,0,0,0,110654,Lisboa,Grande Lisboa
Alvalade,85 e mais anos,M,1541,1445,96,17,2,0,0,0,14,0,0,1,0,0,0,0,0,0,0,0,56,0,32,4,0,14,2,11,0,1,0,10,0,12,0,2,4,0,0,0,110654,Lisboa,Grande Lisboa
Areeiro,Total,H,9653,8109,1544,335,28,5,8,1,45,71,2,47,3,11,2,15,0,3,14,24,546,11,213,64,27,176,14,360,0,8,6,326,6,302,94,66,54,61,9,1,110655,Lisboa,Grande Lisboa
Areeiro,Total,M,11507,9820,1687,329,22,2,9,3,45,66,2,31,4,9,10,17,2,12,17,23,606,9,277,75,28,172,20,540,7,13,6,487,9,211,15,69,58,34,0,1,110655,Lisboa,Grande Lisboa
Areeiro,0 - 4 anos,H,473,456,17,8,1,0,0,0,1,0,0,1,0,0,0,0,0,0,1,0,2,0,0,1,1,0,0,6,0,1,0,5,0,1,1,0,0,0,0,0,110655,Lisboa,Grande Lisboa
Areeiro,0 - 4 anos,M,414,405,9,5,1,0,0,0,1,1,0,0,0,0,0,0,0,0,0,0,1,0,1,0,0,0,0,2,0,0,0,2,0,1,0,0,0,0,0,0,110655,Lisboa,Grande Lisboa
Areeiro,5 - 9 anos,H,455,425,30,11,0,0,0,0,3,3,0,0,0,1,0,0,0,0,0,0,4,1,1,0,1,1,0,12,0,0,0,10,0,3,0,1,1,1,0,0,110655,Lisboa,Grande Lisboa
Areeiro,5 - 9 anos,M,474,445,29,6,1,0,1,0,0,1,0,0,0,1,0,0,0,0,1,0,10,1,4,0,2,2,0,10,0,1,0,9,0,3,0,0,2,0,0,0,110655,Lisboa,Grande Lisboa
Areeiro,10 - 14 anos,H,483,453,30,5,0,0,0,0,1,0,0,1,0,1,0,0,0,0,0,1,17,0,6,4,4,0,1,3,0,0,0,3,0,4,0,1,2,1,0,1,110655,Lisboa,Grande Lisboa
Areeiro,10 - 14 anos,M,480,446,34,6,1,0,0,0,1,3,0,0,0,0,0,0,0,0,0,0,9,0,6,0,3,0,0,15,0,1,0,13,0,4,1,2,0,1,0,0,110655,Lisboa,Grande Lisboa
Areeiro,15 - 19 anos,H,508,470,38,10,1,0,0,0,0,4,0,0,0,1,0,1,0,0,0,1,14,0,7,3,2,1,0,8,0,0,0,8,0,6,2,4,0,0,0,0,110655,Lisboa,Grande Lisboa
Areeiro,15 - 19 anos,M,517,473,44,6,1,0,0,0,0,0,0,0,1,0,0,0,0,0,0,0,8,0,2,2,3,0,1,21,0,3,0,18,0,9,3,2,1,0,0,0,110655,Lisboa,Grande Lisboa
Areeiro,20 - 24 anos,H,594,494,100,15,2,0,0,0,1,3,0,1,0,1,0,0,0,0,2,2,27,0,11,6,4,3,2,27,0,1,0,24,0,31,12,8,2,8,0,0,110655,Lisboa,Grande Lisboa
Areeiro,20 - 24 anos,M,598,508,90,16,0,0,0,0,1,2,0,0,0,2,0,1,0,1,2,3,15,1,5,6,0,3,0,43,0,4,0,37,1,16,1,10,1,1,0,0,110655,Lisboa,Grande Lisboa
Areeiro,25 - 29 anos,H,738,550,188,52,3,0,2,0,9,8,0,11,0,1,1,1,0,1,1,2,15,2,5,3,1,1,1,55,0,2,0,51,0,66,31,8,4,16,3,0,110655,Lisboa,Grande Lisboa
Areeiro,25 - 29 anos,M,693,522,171,50,1,1,3,0,4,11,0,13,1,3,3,1,0,2,3,1,14,0,7,3,1,1,2,83,0,1,1,76,3,24,6,6,2,5,0,0,110655,Lisboa,Grande Lisboa
Areeiro,30 - 34 anos,H,707,534,173,42,3,1,1,0,8,7,0,10,1,0,1,0,0,0,5,3,15,0,2,4,0,1,2,62,0,1,1,59,1,54,24,6,4,16,1,0,110655,Lisboa,Grande Lisboa
Areeiro,30 - 34 anos,M,721,547,174,40,2,0,0,2,3,8,1,7,0,2,3,2,0,3,1,1,18,0,6,5,1,3,0,78,1,1,2,68,2,37,1,12,4,16,0,1,110655,Lisboa,Grande Lisboa
Areeiro,35 - 39 anos,H,673,523,150,38,3,0,3,0,6,7,0,11,1,0,0,1,0,0,0,0,15,3,2,2,2,3,1,57,0,1,3,48,2,40,16,7,4,10,1,0,110655,Lisboa,Grande Lisboa
Areeiro,35 - 39 anos,M,687,536,151,30,1,1,0,0,3,2,1,6,1,0,3,3,0,0,1,2,16,2,2,5,1,3,2,79,2,1,0,73,0,26,2,4,7,9,0,0,110655,Lisboa,Grande Lisboa
Areeiro,40 - 44 anos,H,706,564,142,33,3,2,0,0,5,5,1,1,1,0,0,3,0,1,0,5,35,1,6,5,3,14,1,49,0,0,1,44,1,25,5,4,9,7,0,0,110655,Lisboa,Grande Lisboa
Areeiro,40 - 44 anos,M,785,652,133,40,5,0,1,1,6,7,0,2,1,0,1,3,1,2,2,5,31,1,9,5,2,8,1,47,2,0,1,43,0,15,1,7,5,1,0,0,110655,Lisboa,Grande Lisboa
Areeiro,45 - 49 anos,H,743,594,149,36,2,0,0,1,3,11,0,5,0,3,0,1,0,0,0,4,76,3,40,5,2,22,0,22,0,0,0,20,2,15,2,9,2,0,1,0,110655,Lisboa,Grande Lisboa
Areeiro,45 - 49 anos,M,794,644,150,25,3,0,0,0,2,9,0,1,0,0,0,1,0,1,2,0,76,1,36,2,5,30,2,34,1,0,1,31,0,15,0,6,4,0,0,0,110655,Lisboa,Grande Lisboa
Areeiro,50 - 54 anos,H,605,472,133,23,3,0,0,0,0,7,1,1,0,1,0,5,0,0,1,1,81,1,37,4,2,33,3,19,0,2,1,16,0,10,1,4,2,1,0,0,110655,Lisboa,Grande Lisboa
Areeiro,50 - 54 anos,M,706,550,156,29,3,0,1,0,4,9,0,1,0,0,0,3,1,0,0,4,73,1,29,5,3,32,1,41,0,0,0,36,1,13,0,6,4,0,0,0,110655,Lisboa,Grande Lisboa
Areeiro,55 - 59 anos,H,565,463,102,14,3,1,0,0,1,4,0,0,0,0,0,1,0,0,0,1,64,0,30,3,4,24,0,14,0,0,0,14,0,10,0,7,1,0,1,0,110655,Lisboa,Grande Lisboa
Areeiro,55 - 59 anos,M,746,601,145,18,0,0,0,0,2,2,0,0,0,0,0,2,0,1,1,3,82,0,44,8,4,22,3,32,0,0,0,30,2,13,0,8,4,0,0,0,110655,Lisboa,Grande Lisboa
Areeiro,60 - 64 anos,H,499,397,102,13,2,0,1,0,1,3,0,0,0,1,0,1,0,1,0,1,64,0,21,4,0,34,1,14,0,0,0,13,0,11,0,3,5,0,0,0,110655,Lisboa,Grande Lisboa
Areeiro,60 - 64 anos,M,734,624,110,11,1,0,1,0,1,1,0,0,0,1,0,1,0,0,0,1,70,0,30,8,3,24,3,24,1,1,0,22,0,5,0,1,3,0,0,0,110655,Lisboa,Grande Lisboa
Areeiro,65 - 69 anos,H,518,438,80,15,0,0,1,0,3,4,0,2,0,1,0,0,0,0,1,3,52,0,18,7,1,16,2,6,0,0,0,6,0,7,0,1,4,0,1,0,110655,Lisboa,Grande Lisboa
Areeiro,65 - 69 anos,M,667,574,93,11,0,0,2,0,2,2,0,0,0,0,0,0,0,0,0,3,52,1,27,7,0,13,2,15,0,0,0,15,0,15,0,2,10,1,0,0,110655,Lisboa,Grande Lisboa
Areeiro,70 - 74 anos,H,487,447,40,9,0,1,0,0,1,3,0,1,0,0,0,0,0,0,1,0,21,0,11,5,0,5,0,2,0,0,0,2,0,8,0,2,5,1,0,0,110655,Lisboa,Grande Lisboa
Areeiro,70 - 74 anos,M,685,630,55,5,0,0,0,0,4,1,0,0,0,0,0,0,0,0,0,0,37,0,20,4,0,10,1,7,0,0,0,7,0,6,0,2,4,0,0,0,110655,Lisboa,Grande Lisboa
Areeiro,75 - 79 anos,H,333,303,30,5,0,0,0,0,0,2,0,1,0,0,0,0,0,0,2,0,14,0,4,1,0,7,0,4,0,0,0,3,0,7,0,1,5,0,1,0,110655,Lisboa,Grande Lisboa
Areeiro,75 - 79 anos,M,542,500,42,7,0,0,0,0,3,2,0,0,0,0,0,0,0,0,1,0,26,0,17,3,0,3,1,3,0,0,1,2,0,6,0,1,5,0,0,0,110655,Lisboa,Grande Lisboa
Areeiro,80 - 84 anos,H,280,263,17,3,1,0,0,0,1,0,0,1,0,0,0,0,0,0,0,0,10,0,5,0,0,5,0,0,0,0,0,0,0,4,0,0,4,0,0,0,110655,Lisboa,Grande Lisboa
Areeiro,80 - 84 anos,M,462,431,31,9,1,0,0,0,2,2,0,1,0,0,0,0,0,1,2,0,19,0,9,6,0,4,0,3,0,0,0,3,0,0,0,0,0,0,0,0,110655,Lisboa,Grande Lisboa
Areeiro,85 e mais anos,H,286,263,23,3,1,0,0,0,1,0,0,0,0,0,0,1,0,0,0,0,20,0,7,7,0,6,0,0,0,0,0,0,0,0,0,0,0,0,0,0,110655,Lisboa,Grande Lisboa
Areeiro,85 e mais anos,M,802,732,70,15,1,0,0,0,6,3,0,0,0,0,0,0,0,1,1,0,49,1,23,6,0,14,1,3,0,0,0,2,0,3,0,0,2,0,0,0,110655,Lisboa,Grande Lisboa
Arroios,Total,H,16372,10912,5460,1189,105,5,31,11,125,297,14,164,4,22,8,52,15,15,41,79,937,15,319,106,116,159,37,1318,13,57,20,1120,33,2001,765,162,203,694,86,15,110656,Lisboa,Grande Lisboa
Arroios,Total,M,16930,12552,4378,1180,112,8,32,13,137,242,3,177,5,15,36,60,17,29,24,95,778,26,346,105,47,155,33,1473,8,37,24,1307,27,936,116,170,70,458,18,11,110656,Lisboa,Grande Lisboa
Arroios,0 - 4 anos,H,629,569,60,27,2,0,2,0,1,5,0,2,0,0,0,0,0,0,2,1,3,0,0,0,0,1,2,13,1,2,0,7,1,17,9,1,0,3,1,0,110656,Lisboa,Grande Lisboa
Arroios,0 - 4 anos,M,686,647,39,16,1,0,0,0,1,7,0,0,0,0,0,0,0,0,2,0,5,1,2,0,0,1,0,10,0,0,0,10,0,8,2,1,1,2,1,0,110656,Lisboa,Grande Lisboa
Arroios,5 - 9 anos,H,577,476,101,33,2,1,2,0,2,10,2,2,0,0,0,0,0,1,0,0,11,0,6,2,1,1,0,25,0,2,0,22,0,32,4,4,1,16,3,0,110656,Lisboa,Grande Lisboa
Arroios,5 - 9 anos,M,549,470,79,28,2,1,1,0,2,6,0,1,0,0,0,1,0,0,4,1,6,0,1,0,2,0,1,27,0,2,0,24,0,18,4,4,0,9,1,0,110656,Lisboa,Grande Lisboa
Arroios,10 - 14 anos,H,529,445,84,21,1,0,1,0,3,4,1,4,0,0,0,2,0,0,1,1,10,0,6,2,2,0,0,24,0,3,0,20,0,29,10,5,2,10,0,0,110656,Lisboa,Grande Lisboa
Arroios,10 - 14 anos,M,486,407,79,16,0,0,0,0,3,4,0,1,0,0,0,2,0,0,0,0,7,1,1,1,1,1,1,25,0,1,0,22,0,31,8,7,2,12,1,0,110656,Lisboa,Grande Lisboa
Arroios,15 - 19 anos,H,550,409,141,27,2,0,3,0,4,6,0,4,0,1,0,2,0,0,1,2,31,1,5,4,7,4,2,32,0,0,0,29,1,51,9,4,3,25,5,0,110656,Lisboa,Grande Lisboa
Arroios,15 - 19 anos,M,550,433,117,26,4,0,2,0,1,7,1,3,0,2,0,1,1,0,1,0,23,0,9,4,3,2,2,40,0,2,0,35,0,28,3,5,3,12,0,0,110656,Lisboa,Grande Lisboa
Arroios,20 - 24 anos,H,1073,618,455,79,11,0,3,1,5,16,0,9,1,0,0,5,1,0,7,6,84,3,25,7,13,8,3,115,1,1,0,104,4,177,66,14,28,61,3,0,110656,Lisboa,Grande Lisboa
Arroios,20 - 24 anos,M,962,603,359,94,18,1,1,0,6,15,0,20,0,5,3,4,0,2,1,9,53,5,23,8,4,5,3,121,0,2,0,111,4,91,24,10,4,45,0,0,110656,Lisboa,Grande Lisboa
Arroios,25 - 29 anos,H,1898,957,941,195,25,0,5,0,21,38,1,37,2,5,1,5,3,7,14,7,66,1,9,12,15,7,3,264,1,11,3,233,7,414,161,16,50,162,15,2,110656,Lisboa,Grande Lisboa
Arroios,25 - 29 anos,M,1650,955,695,226,21,1,8,1,31,38,1,46,2,3,8,4,2,8,5,12,51,5,11,7,6,5,4,248,1,7,5,215,9,168,19,16,15,103,2,2,110656,Lisboa,Grande Lisboa
Arroios,30 - 34 anos,H,1853,921,932,169,11,1,3,0,16,42,1,36,0,5,2,8,0,5,6,7,59,1,13,8,11,2,2,268,1,3,5,232,4,433,195,20,40,153,13,3,110656,Lisboa,Grande Lisboa
Arroios,30 - 34 anos,M,1577,873,704,198,13,2,9,0,16,37,0,40,0,2,10,13,1,6,2,14,41,1,10,11,6,2,2,270,0,5,5,240,5,194,29,19,8,126,2,1,110656,Lisboa,Grande Lisboa
Arroios,35 - 39 anos,H,1652,897,755,147,6,1,2,2,16,44,1,25,0,3,0,7,2,0,2,8,52,3,15,4,9,0,2,195,3,7,2,173,7,358,163,25,21,125,13,3,110656,Lisboa,Grande Lisboa
Arroios,35 - 39 anos,M,1350,811,539,160,15,1,4,4,16,30,0,30,2,0,4,9,1,2,2,9,25,5,7,3,2,1,1,205,0,5,4,179,3,148,16,26,8,79,2,1,110656,Lisboa,Grande Lisboa
Arroios,40 - 44 anos,H,1433,869,564,133,14,2,4,1,16,39,2,16,1,1,3,5,0,0,1,9,59,2,12,10,9,7,1,139,2,6,4,114,4,231,96,17,20,74,15,2,110656,Lisboa,Grande Lisboa
Arroios,40 - 44 anos,M,1212,839,373,109,12,0,3,1,15,22,0,19,1,0,5,6,1,1,1,9,37,2,14,6,5,3,3,141,2,3,3,127,1,85,8,20,6,37,2,1,110656,Lisboa,Grande Lisboa
Arroios,45 - 49 anos,H,1198,754,444,122,9,0,1,2,15,30,4,15,0,1,0,9,0,0,3,7,123,1,64,4,11,25,4,86,0,2,2,71,1,113,30,18,9,43,6,0,110656,Lisboa,Grande Lisboa
Arroios,45 - 49 anos,M,1112,772,340,79,9,2,1,0,9,20,0,5,0,2,1,7,3,2,2,8,91,1,53,8,0,19,6,109,2,2,2,99,2,58,2,25,3,16,1,3,110656,Lisboa,Grande Lisboa
Arroios,50 - 54 anos,H,946,632,314,74,9,0,3,1,5,27,1,1,0,2,2,4,1,1,0,7,124,2,59,5,10,27,3,51,3,5,1,38,0,63,14,18,6,13,6,2,110656,Lisboa,Grande Lisboa
Arroios,50 - 54 anos,M,940,662,278,73,8,0,1,3,9,20,1,1,0,0,0,8,2,3,0,5,81,2,38,8,5,24,1,92,1,1,1,87,0,31,0,12,5,5,1,1,110656,Lisboa,Grande Lisboa
Arroios,55 - 59 anos,H,818,598,220,50,9,0,0,0,6,7,0,3,0,1,0,2,2,1,1,9,92,0,36,8,9,23,3,42,0,3,0,35,2,34,5,11,7,4,1,2,110656,Lisboa,Grande Lisboa
Arroios,55 - 59 anos,M,853,654,199,35,1,0,0,2,4,6,0,2,0,0,1,2,3,2,2,8,78,2,37,5,5,22,3,63,1,1,1,57,2,22,1,10,3,4,1,1,110656,Lisboa,Grande Lisboa
Arroios,60 - 64 anos,H,674,517,157,44,3,0,0,3,6,8,1,1,0,1,0,2,1,0,1,7,69,0,22,14,6,13,3,28,1,5,0,19,1,16,3,5,3,0,1,0,110656,Lisboa,Grande Lisboa
Arroios,60 - 64 anos,M,870,666,204,45,5,0,0,1,2,10,0,4,0,0,1,0,1,1,0,16,83,0,44,12,6,17,2,56,0,2,0,50,0,20,0,8,3,1,2,0,110656,Lisboa,Grande Lisboa
Arroios,65 - 69 anos,H,665,547,118,25,0,0,0,1,4,7,0,2,0,1,0,1,2,0,0,4,62,0,19,15,7,9,4,19,0,3,0,14,1,12,0,2,1,3,3,0,110656,Lisboa,Grande Lisboa
Arroios,65 - 69 anos,M,799,677,122,24,0,0,1,0,2,6,0,2,0,1,0,3,1,1,0,3,52,1,21,8,1,14,3,29,0,1,2,22,1,16,0,4,1,5,0,1,110656,Lisboa,Grande Lisboa
Arroios,70 - 74 anos,H,643,554,89,25,0,0,1,0,4,7,0,6,0,0,0,0,1,0,2,3,42,0,10,4,5,16,1,11,0,3,2,5,0,10,0,2,6,1,1,1,110656,Lisboa,Grande Lisboa
Arroios,70 - 74 anos,M,913,819,94,16,3,0,0,1,2,4,0,1,0,0,1,0,1,0,2,1,50,0,31,4,0,12,0,20,1,3,0,15,0,8,0,0,4,2,1,0,110656,Lisboa,Grande Lisboa
Arroios,75 - 79 anos,H,494,448,46,11,0,0,1,0,0,5,0,0,0,1,0,0,2,0,0,0,29,0,12,2,0,9,3,2,0,0,0,2,0,4,0,0,2,1,0,0,110656,Lisboa,Grande Lisboa
Arroios,75 - 79 anos,M,707,660,47,8,0,0,0,0,1,5,0,1,0,0,0,0,0,1,0,0,27,0,10,6,1,9,0,10,0,0,1,7,0,2,0,0,1,0,0,0,110656,Lisboa,Grande Lisboa
Arroios,80 - 84 anos,H,363,344,19,6,1,0,0,0,1,1,0,1,0,0,0,0,0,0,0,1,7,0,1,2,1,2,1,2,0,1,1,0,0,4,0,0,2,0,0,0,110656,Lisboa,Grande Lisboa
Arroios,80 - 84 anos,M,697,655,42,10,0,0,0,0,5,3,0,0,0,0,1,0,0,0,0,0,25,0,15,1,0,8,0,2,0,0,0,2,0,5,0,3,2,0,0,0,110656,Lisboa,Grande Lisboa
Arroios,85 e mais anos,H,377,357,20,1,0,0,0,0,0,1,0,0,0,0,0,0,0,0,0,0,14,1,5,3,0,5,0,2,0,0,0,2,0,3,0,0,2,0,0,0,110656,Lisboa,Grande Lisboa
Arroios,85 e mais anos,M,1017,949,68,17,0,0,1,0,12,2,0,1,0,0,1,0,0,0,0,0,43,0,19,13,0,10,1,5,0,0,0,5,0,3,0,0,1,0,1,0,110656,Lisboa,Grande Lisboa
Avenidas Novas,Total,H,10645,8835,1810,455,47,2,14,1,75,123,7,42,5,12,2,8,2,8,16,14,534,8,248,78,15,135,16,637,11,60,11,513,22,181,26,48,20,25,3,3,110657,Lisboa,Grande Lisboa
Avenidas Novas,Total,M,12616,10308,2308,537,38,0,20,3,101,125,2,40,11,9,15,11,4,15,26,28,759,17,366,123,18,182,22,819,11,48,11,687,31,193,14,61,22,19,2,0,110657,Lisboa,Grande Lisboa
Avenidas Novas,0 - 4 anos,H,542,509,33,16,0,0,0,0,6,3,0,0,1,0,0,0,0,0,1,0,1,0,1,0,0,0,0,13,0,2,1,10,0,3,0,0,0,0,0,0,110657,Lisboa,Grande Lisboa
Avenidas Novas,0 - 4 anos,M,492,450,42,14,0,0,3,0,1,0,0,0,1,0,0,0,0,1,2,2,3,0,3,0,0,0,0,18,0,6,0,11,0,7,1,1,0,0,0,0,110657,Lisboa,Grande Lisboa
Avenidas Novas,5 - 9 anos,H,555,471,84,24,2,0,0,0,10,4,0,1,0,0,0,0,0,1,0,0,14,1,12,1,0,0,0,36,0,6,1,29,0,10,0,1,0,4,0,0,110657,Lisboa,Grande Lisboa
Avenidas Novas,5 - 9 anos,M,496,443,53,12,1,0,0,0,3,0,0,0,1,1,0,0,0,0,1,0,9,3,5,0,0,0,0,23,0,5,0,17,0,9,2,3,0,0,0,0,110657,Lisboa,Grande Lisboa
Avenidas Novas,10 - 14 anos,H,471,430,41,15,0,0,1,0,3,6,1,0,0,0,0,0,0,1,1,0,11,1,7,0,0,1,0,15,0,3,1,11,0,0,0,0,0,0,0,0,110657,Lisboa,Grande Lisboa
Avenidas Novas,10 - 14 anos,M,491,429,62,22,3,0,2,0,7,3,0,1,2,0,1,0,0,0,0,0,13,0,10,1,0,1,1,23,0,2,0,21,0,4,0,1,0,0,0,0,110657,Lisboa,Grande Lisboa
Avenidas Novas,15 - 19 anos,H,537,478,59,15,1,0,1,0,2,8,0,0,0,0,0,0,0,0,1,0,10,1,6,2,0,0,0,30,0,3,0,27,0,4,1,2,0,0,0,0,110657,Lisboa,Grande Lisboa
Avenidas Novas,15 - 19 anos,M,535,476,59,10,2,0,0,0,0,3,0,0,1,0,0,0,0,0,2,0,21,0,13,3,0,5,0,22,0,2,0,19,1,6,0,1,0,2,1,0,110657,Lisboa,Grande Lisboa
Avenidas Novas,20 - 24 anos,H,665,558,107,19,2,0,3,0,1,5,0,3,1,1,0,0,0,0,0,0,21,0,8,4,0,6,1,49,1,3,0,43,2,18,2,9,0,2,0,0,110657,Lisboa,Grande Lisboa
Avenidas Novas,20 - 24 anos,M,743,595,148,42,3,0,2,0,6,8,0,3,3,3,2,0,1,0,1,3,21,0,7,4,0,9,1,64,0,3,0,55,5,21,2,7,1,3,0,0,110657,Lisboa,Grande Lisboa
Avenidas Novas,25 - 29 anos,H,838,663,175,49,4,0,2,0,5,15,0,5,1,2,1,0,0,0,5,3,14,1,3,3,1,3,1,86,5,3,0,67,7,26,4,7,5,2,0,0,110657,Lisboa,Grande Lisboa
Avenidas Novas,25 - 29 anos,M,874,634,240,77,3,0,3,1,15,12,0,11,3,0,5,2,0,1,3,3,29,2,13,6,1,2,1,109,3,5,1,92,5,25,3,10,3,1,0,0,110657,Lisboa,Grande Lisboa
Avenidas Novas,30 - 34 anos,H,796,604,192,49,4,1,0,1,7,9,0,10,0,3,1,2,0,3,2,1,13,0,4,4,1,0,2,93,0,7,1,75,3,36,11,7,0,8,2,1,110657,Lisboa,Grande Lisboa
Avenidas Novas,30 - 34 anos,M,801,585,216,55,3,0,1,0,10,10,0,5,0,1,3,2,0,5,4,3,20,0,8,6,1,1,0,114,1,2,2,98,2,27,4,8,2,8,0,0,110657,Lisboa,Grande Lisboa
Avenidas Novas,35 - 39 anos,H,751,586,165,41,6,1,1,0,7,14,0,3,0,0,0,1,0,1,0,1,22,1,6,5,3,2,1,84,1,4,0,74,3,18,4,3,1,5,0,0,110657,Lisboa,Grande Lisboa
Avenidas Novas,35 - 39 anos,M,814,618,196,44,6,0,0,1,9,7,0,4,0,1,1,3,0,3,1,2,31,4,12,4,3,4,0,101,2,4,1,87,4,20,1,4,0,4,1,0,110657,Lisboa,Grande Lisboa
Avenidas Novas,40 - 44 anos,H,773,644,129,41,5,0,1,0,9,10,0,2,0,2,0,4,1,0,1,0,15,0,6,3,0,5,0,60,1,7,3,47,1,13,2,3,1,2,0,0,110657,Lisboa,Grande Lisboa
Avenidas Novas,40 - 44 anos,M,831,652,179,44,3,0,0,1,7,11,0,4,0,0,1,2,1,1,3,0,38,2,19,6,2,6,3,82,2,4,3,71,1,15,0,5,1,1,0,0,110657,Lisboa,Grande Lisboa
Avenidas Novas,45 - 49 anos,H,764,608,156,44,7,0,0,0,4,13,1,2,0,2,0,1,0,1,1,1,59,1,35,3,2,15,1,41,1,2,1,31,4,12,0,6,0,2,0,0,110657,Lisboa,Grande Lisboa
Avenidas Novas,45 - 49 anos,M,808,595,213,50,5,0,1,0,7,19,0,3,0,0,0,0,1,1,3,1,86,3,47,8,1,24,3,68,1,2,2,59,3,9,0,5,0,0,0,0,110657,Lisboa,Grande Lisboa
Avenidas Novas,50 - 54 anos,H,675,516,159,52,5,0,1,0,6,17,2,3,2,1,0,0,0,0,1,3,73,2,30,3,1,32,2,24,0,1,1,22,0,9,1,7,0,0,1,1,110657,Lisboa,Grande Lisboa
Avenidas Novas,50 - 54 anos,M,820,638,182,41,4,0,1,0,7,15,1,2,0,0,1,1,0,0,0,5,81,1,35,17,3,21,1,45,0,1,0,38,5,15,0,9,1,0,0,0,110657,Lisboa,Grande Lisboa
Avenidas Novas,55 - 59 anos,H,676,537,139,26,6,0,1,0,5,3,0,2,0,0,0,0,0,1,0,3,69,0,44,4,2,14,1,31,1,4,1,24,1,12,0,3,1,0,0,1,110657,Lisboa,Grande Lisboa
Avenidas Novas,55 - 59 anos,M,745,576,169,24,1,0,1,0,5,7,0,2,0,0,0,0,0,1,3,2,90,0,40,17,1,24,2,47,1,2,0,40,2,8,1,3,0,0,0,0,110657,Lisboa,Grande Lisboa
Avenidas Novas,60 - 64 anos,H,560,456,104,14,0,0,0,0,3,2,1,2,0,0,0,0,0,0,1,1,63,0,30,8,1,19,1,22,0,4,1,16,0,5,0,0,3,0,0,0,110657,Lisboa,Grande Lisboa
Avenidas Novas,60 - 64 anos,M,750,614,136,18,1,0,1,0,4,3,0,0,0,0,0,0,0,0,0,5,77,0,38,14,1,23,0,37,0,5,0,28,1,4,0,1,2,0,0,0,110657,Lisboa,Grande Lisboa
Avenidas Novas,65 - 69 anos,H,527,426,101,22,2,0,1,0,3,6,2,4,0,0,0,0,1,0,1,0,58,0,21,16,0,16,3,17,0,5,0,11,0,4,1,0,1,0,0,0,110657,Lisboa,Grande Lisboa
Avenidas Novas,65 - 69 anos,M,689,562,127,18,1,0,2,0,3,4,0,0,0,2,1,0,0,1,1,1,74,0,31,13,2,22,3,29,0,4,1,20,1,6,0,0,2,0,0,0,110657,Lisboa,Grande Lisboa
Avenidas Novas,70 - 74 anos,H,517,435,82,15,2,0,1,0,1,5,0,4,0,0,0,0,0,0,0,1,45,0,15,11,1,13,2,18,1,3,0,12,1,4,0,0,1,0,0,0,110657,Lisboa,Grande Lisboa
Avenidas Novas,70 - 74 anos,M,680,582,98,16,0,0,1,0,1,6,0,2,0,0,0,0,0,1,2,1,59,1,28,10,1,15,2,18,1,0,0,15,1,5,0,2,1,0,0,0,110657,Lisboa,Grande Lisboa
Avenidas Novas,75 - 79 anos,H,376,339,37,7,0,0,1,0,1,1,0,0,0,1,0,0,0,0,1,0,14,0,6,4,1,2,0,11,0,0,0,10,0,5,0,0,5,0,0,0,110657,Lisboa,Grande Lisboa
Avenidas Novas,75 - 79 anos,M,602,540,62,12,1,0,0,0,1,6,0,1,0,1,0,0,1,0,0,0,37,0,16,6,2,9,3,10,0,0,1,8,0,3,0,0,3,0,0,0,110657,Lisboa,Grande Lisboa
Avenidas Novas,80 - 84 anos,H,302,277,25,5,1,0,0,0,1,2,0,1,0,0,0,0,0,0,0,0,17,0,8,2,1,5,1,2,0,1,0,1,0,1,0,0,1,0,0,0,110657,Lisboa,Grande Lisboa
Avenidas Novas,80 - 84 anos,M,572,522,50,20,1,0,1,0,5,7,1,0,0,0,0,1,0,0,0,0,22,1,12,2,0,5,1,2,0,0,0,2,0,6,0,1,4,0,0,0,110657,Lisboa,Grande Lisboa
Avenidas Novas,85 e mais anos,H,320,298,22,1,0,0,0,0,1,0,0,0,0,0,0,0,0,0,0,0,15,0,6,5,1,2,0,5,0,2,0,3,0,1,0,0,1,0,0,0,110657,Lisboa,Grande Lisboa
Avenidas Novas,85 e mais anos,M,873,797,76,18,0,0,1,0,10,4,0,2,0,0,0,0,0,0,0,0,48,0,29,6,0,11,1,7,0,1,0,6,0,3,0,0,2,0,0,0,110657,Lisboa,Grande Lisboa
Beato,Total,H,5786,4697,1089,244,18,1,9,7,16,41,0,21,1,1,1,40,2,7,6,43,288,2,103,55,37,52,14,276,3,3,3,250,11,280,81,16,77,84,12,1,110607,Lisboa,Grande Lisboa
Beato,Total,M,6397,5363,1034,225,15,2,1,12,27,38,1,12,1,1,5,28,2,13,3,37,308,6,131,71,21,54,18,355,4,3,1,315,15,146,22,23,33,58,3,0,110607,Lisboa,Grande Lisboa
Beato,0 - 4 anos,H,219,217,2,1,0,0,0,0,0,1,0,0,0,0,0,0,0,0,0,0,0,0,0,0,0,0,0,1,0,0,0,1,0,0,0,0,0,0,0,0,110607,Lisboa,Grande Lisboa
Beato,0 - 4 anos,M,226,221,5,0,0,0,0,0,0,0,0,0,0,0,0,0,0,0,0,0,0,0,0,0,0,0,0,4,0,0,0,3,0,1,0,0,1,0,0,0,110607,Lisboa,Grande Lisboa
Beato,5 - 9 anos,H,227,209,18,0,0,0,0,0,0,0,0,0,0,0,0,0,0,0,0,0,5,0,4,1,0,0,0,7,0,1,0,6,0,6,1,1,1,2,1,0,110607,Lisboa,Grande Lisboa
Beato,5 - 9 anos,M,204,185,19,2,0,1,0,0,0,0,0,0,1,0,0,0,0,0,0,0,5,0,3,0,1,0,1,6,0,0,0,6,0,6,1,1,1,2,1,0,110607,Lisboa,Grande Lisboa
Beato,10 - 14 anos,H,249,224,25,3,0,0,0,0,0,2,0,0,0,0,0,0,0,0,0,0,5,0,5,0,0,0,0,11,0,1,0,9,1,6,2,0,2,2,0,0,110607,Lisboa,Grande Lisboa
Beato,10 - 14 anos,M,226,208,18,1,0,0,0,0,1,0,0,0,0,0,0,0,0,0,0,0,8,1,3,2,1,0,1,7,0,0,0,7,0,2,1,0,1,0,0,0,110607,Lisboa,Grande Lisboa
Beato,15 - 19 anos,H,280,247,33,7,1,0,0,1,0,0,0,0,0,0,0,5,0,0,0,0,11,0,2,2,3,1,2,11,0,0,0,11,0,4,0,0,1,3,0,0,110607,Lisboa,Grande Lisboa
Beato,15 - 19 anos,M,236,208,28,3,0,0,0,2,0,0,0,0,0,0,0,0,0,1,0,0,10,0,3,5,0,2,0,10,0,0,0,9,1,5,2,1,1,1,0,0,110607,Lisboa,Grande Lisboa
Beato,20 - 24 anos,H,342,254,88,24,1,0,0,1,3,1,0,4,0,0,0,3,0,2,0,6,19,0,4,7,4,1,1,25,0,0,0,21,3,20,7,0,6,5,1,0,110607,Lisboa,Grande Lisboa
Beato,20 - 24 anos,M,290,232,58,15,0,0,0,1,4,2,0,1,0,1,0,1,0,1,0,1,8,0,5,2,1,0,0,27,0,0,0,24,1,8,2,0,1,4,0,0,110607,Lisboa,Grande Lisboa
Beato,25 - 29 anos,H,445,292,153,24,4,0,2,1,2,3,0,1,0,0,0,0,0,0,2,7,20,0,4,7,6,0,0,56,0,0,1,52,2,53,10,0,20,22,0,0,110607,Lisboa,Grande Lisboa
Beato,25 - 29 anos,M,439,305,134,28,4,0,1,0,7,4,0,3,0,0,1,2,0,1,1,2,14,0,1,9,4,0,0,57,0,0,0,50,2,35,2,6,7,20,0,0,110607,Lisboa,Grande Lisboa
Beato,30 - 34 anos,H,462,284,178,32,0,0,2,1,4,4,0,5,0,0,0,3,0,2,0,2,18,1,4,5,2,0,2,65,1,0,1,58,4,63,23,1,9,25,5,0,110607,Lisboa,Grande Lisboa
Beato,30 - 34 anos,M,429,292,137,37,3,0,0,2,4,8,0,5,0,0,1,6,0,0,1,3,14,0,2,5,4,0,3,54,0,0,0,51,3,32,7,5,6,14,0,0,110607,Lisboa,Grande Lisboa
Beato,35 - 39 anos,H,390,260,130,35,2,1,1,0,6,6,0,3,1,1,0,10,0,1,0,2,13,0,3,3,3,3,0,29,0,0,0,29,0,53,23,2,12,13,2,0,110607,Lisboa,Grande Lisboa
Beato,35 - 39 anos,M,397,289,108,31,2,0,0,3,3,5,0,2,0,0,1,6,0,1,1,1,14,1,5,3,0,0,4,44,1,1,0,40,2,19,2,2,4,7,1,0,110607,Lisboa,Grande Lisboa
Beato,40 - 44 anos,H,452,338,114,26,3,0,1,1,1,5,0,2,0,0,0,6,0,0,1,4,17,0,6,1,2,3,2,31,0,1,1,29,0,40,11,5,14,7,1,0,110607,Lisboa,Grande Lisboa
Beato,40 - 44 anos,M,398,304,94,28,3,0,0,0,1,5,0,0,0,0,1,5,1,3,0,7,19,2,5,6,2,2,1,35,0,0,0,32,1,12,4,3,2,3,0,0,110607,Lisboa,Grande Lisboa
Beato,45 - 49 anos,H,438,357,81,23,0,0,0,1,0,8,0,0,0,0,1,2,1,0,1,6,40,1,23,2,3,8,1,10,0,0,0,9,1,8,2,0,4,2,0,0,110607,Lisboa,Grande Lisboa
Beato,45 - 49 anos,M,457,344,113,13,0,0,0,1,1,5,0,0,0,0,0,2,0,0,0,3,52,0,28,7,3,11,2,41,2,0,1,34,2,7,0,2,2,2,0,0,110607,Lisboa,Grande Lisboa
Beato,50 - 54 anos,H,344,277,67,18,1,0,0,1,0,1,0,3,0,0,0,4,0,0,1,5,29,0,13,2,4,7,1,12,0,0,0,12,0,8,1,3,3,0,0,0,110607,Lisboa,Grande Lisboa
Beato,50 - 54 anos,M,407,328,79,19,0,0,0,0,1,2,0,1,0,0,0,4,0,2,0,6,36,2,18,7,1,5,1,22,1,0,0,20,0,2,0,0,1,1,0,0,110607,Lisboa,Grande Lisboa
Beato,55 - 59 anos,H,382,309,73,15,1,0,1,0,0,1,0,2,0,0,0,3,0,1,1,2,40,0,16,7,3,9,2,10,1,0,0,7,0,8,1,2,2,2,1,0,110607,Lisboa,Grande Lisboa
Beato,55 - 59 anos,M,392,326,66,15,2,1,0,2,0,0,0,0,0,0,0,1,0,1,0,6,26,0,10,5,1,9,1,19,0,0,0,16,2,6,0,2,2,1,0,0,110607,Lisboa,Grande Lisboa
Beato,60 - 64 anos,H,331,284,47,16,2,0,0,0,0,3,0,1,0,0,0,3,0,1,0,5,24,0,5,5,6,7,1,4,0,0,0,3,0,3,0,0,1,1,1,0,110607,Lisboa,Grande Lisboa
Beato,60 - 64 anos,M,379,326,53,12,1,0,0,1,0,2,0,0,0,0,0,0,0,2,0,5,21,0,7,4,1,8,1,14,0,1,0,12,0,6,1,1,2,1,1,0,110607,Lisboa,Grande Lisboa
Beato,65 - 69 anos,H,308,271,37,10,1,0,1,0,0,1,0,0,0,0,0,1,0,0,0,4,21,0,5,7,0,6,2,1,0,0,0,1,0,4,0,1,1,0,0,1,110607,Lisboa,Grande Lisboa
Beato,65 - 69 anos,M,378,335,43,9,0,0,0,0,0,2,0,0,0,0,0,1,1,1,0,2,24,0,11,5,0,6,1,9,0,1,0,6,0,1,0,0,0,0,0,0,110607,Lisboa,Grande Lisboa
Beato,70 - 74 anos,H,286,269,17,4,0,0,0,0,0,2,0,0,0,0,0,0,1,0,0,0,10,0,3,2,1,2,0,1,0,0,0,1,0,2,0,0,0,0,0,0,110607,Lisboa,Grande Lisboa
Beato,70 - 74 anos,M,433,402,31,2,0,0,0,0,0,0,1,0,0,0,1,0,0,0,0,0,23,0,10,4,1,6,2,4,0,0,0,4,0,2,0,0,1,1,0,0,110607,Lisboa,Grande Lisboa
Beato,75 - 79 anos,H,263,253,10,0,0,0,0,0,0,0,0,0,0,0,0,0,0,0,0,0,6,0,2,1,0,3,0,2,1,0,0,1,0,2,0,1,1,0,0,0,110607,Lisboa,Grande Lisboa
Beato,75 - 79 anos,M,397,382,15,3,0,0,0,0,1,1,0,0,0,0,0,0,0,0,0,1,9,0,3,3,1,1,0,1,0,0,0,0,1,2,0,0,1,1,0,0,110607,Lisboa,Grande Lisboa
Beato,80 - 84 anos,H,209,200,9,5,2,0,0,0,0,3,0,0,0,0,0,0,0,0,0,0,4,0,2,0,0,1,0,0,0,0,0,0,0,0,0,0,0,0,0,0,110607,Lisboa,Grande Lisboa
Beato,80 - 84 anos,M,363,348,15,4,0,0,0,0,2,2,0,0,0,0,0,0,0,0,0,0,10,0,7,1,0,2,0,1,0,0,0,1,0,0,0,0,0,0,0,0,110607,Lisboa,Grande Lisboa
Beato,85 e mais anos,H,159,152,7,1,0,0,1,0,0,0,0,0,0,0,0,0,0,0,0,0,6,0,2,3,0,1,0,0,0,0,0,0,0,0,0,0,0,0,0,0,110607,Lisboa,Grande Lisboa
Beato,85 e mais anos,M,346,328,18,3,0,0,0,0,2,0,0,0,0,0,0,0,0,0,0,0,15,0,10,3,0,2,0,0,0,0,0,0,0,0,0,0,0,0,0,0,110607,Lisboa,Grande Lisboa
Belém,Total,H,7574,6595,979,263,28,4,10,0,30,63,3,14,2,4,3,14,2,3,13,10,323,2,143,46,17,76,11,297,6,24,7,230,15,91,14,24,17,12,2,5,110658,Lisboa,Grande Lisboa
Belém,Total,M,8972,7685,1287,366,40,8,14,0,48,72,0,17,4,10,12,19,3,12,14,20,440,11,199,62,15,112,14,389,6,28,8,318,12,89,6,22,18,5,0,3,110658,Lisboa,Grande Lisboa
Belém,0 - 4 anos,H,392,368,24,8,2,0,0,0,2,0,0,0,0,0,0,1,0,0,1,0,1,0,0,0,0,1,0,10,0,0,0,10,0,3,0,0,0,0,0,2,110658,Lisboa,Grande Lisboa
Belém,0 - 4 anos,M,371,344,27,15,3,0,0,0,2,3,0,0,0,1,0,0,0,0,0,0,1,0,1,0,0,0,0,8,1,2,0,4,0,2,0,0,1,0,0,1,110658,Lisboa,Grande Lisboa
Belém,5 - 9 anos,H,376,343,33,13,2,0,0,0,2,2,0,0,0,0,0,0,0,0,3,0,0,0,0,0,0,0,0,18,0,1,1,14,1,2,0,0,0,0,0,0,110658,Lisboa,Grande Lisboa
Belém,5 - 9 anos,M,416,366,50,17,2,0,2,0,2,3,0,0,1,0,2,0,0,0,1,1,9,0,4,2,1,0,0,21,0,2,0,17,0,3,0,1,0,0,0,0,110658,Lisboa,Grande Lisboa
Belém,10 - 14 anos,H,463,421,42,16,1,0,0,0,5,4,0,1,0,0,0,0,0,0,1,0,6,0,3,1,0,0,0,17,0,2,0,13,0,3,0,1,1,0,0,0,110658,Lisboa,Grande Lisboa
Belém,10 - 14 anos,M,450,409,41,16,3,0,0,0,2,3,0,0,0,0,1,0,0,0,1,1,5,0,0,1,0,0,1,15,0,1,0,14,0,5,0,1,0,0,0,0,110658,Lisboa,Grande Lisboa
Belém,15 - 19 anos,H,437,399,38,13,1,1,1,0,1,4,0,0,0,1,0,2,0,0,1,0,9,0,3,3,0,0,0,13,0,2,0,8,2,3,0,3,0,0,0,0,110658,Lisboa,Grande Lisboa
Belém,15 - 19 anos,M,400,372,28,11,0,1,1,0,2,0,0,0,0,0,0,2,0,0,1,1,2,0,1,1,0,0,0,12,0,4,0,7,0,2,0,0,1,0,0,1,110658,Lisboa,Grande Lisboa
Belém,20 - 24 anos,H,494,442,52,15,0,0,1,0,1,1,0,0,1,1,0,2,0,0,0,1,13,0,3,6,4,0,0,18,0,3,0,14,1,6,2,2,0,2,0,0,110658,Lisboa,Grande Lisboa
Belém,20 - 24 anos,M,398,345,53,13,2,0,1,0,0,2,0,1,0,1,0,2,0,0,0,2,17,1,5,3,3,4,0,16,0,1,0,14,1,7,2,2,0,0,0,0,110658,Lisboa,Grande Lisboa
Belém,25 - 29 anos,H,361,304,57,17,0,1,2,0,1,3,0,1,0,0,0,1,0,1,3,1,9,0,5,3,0,0,0,24,0,2,0,20,1,7,2,1,0,4,0,0,110658,Lisboa,Grande Lisboa
Belém,25 - 29 anos,M,408,320,88,29,3,1,1,0,0,4,0,3,0,1,1,4,0,1,0,0,17,1,8,4,0,0,1,36,0,0,2,34,0,6,1,1,2,2,0,0,110658,Lisboa,Grande Lisboa
Belém,30 - 34 anos,H,404,324,80,15,2,0,0,0,0,6,0,1,0,1,0,0,0,0,0,3,14,1,5,2,1,0,1,31,0,0,1,29,0,20,5,1,4,4,2,0,110658,Lisboa,Grande Lisboa
Belém,30 - 34 anos,M,434,327,107,43,2,0,2,0,8,4,0,0,1,0,2,3,2,1,3,3,11,2,3,4,0,1,0,39,0,4,0,31,1,14,1,0,2,2,0,0,110658,Lisboa,Grande Lisboa
Belém,35 - 39 anos,H,424,343,81,23,5,1,0,0,2,7,0,0,0,1,0,1,0,0,0,1,9,0,2,3,1,0,2,43,2,1,1,33,4,6,2,0,1,0,0,0,110658,Lisboa,Grande Lisboa
Belém,35 - 39 anos,M,501,399,102,33,2,1,0,0,5,5,0,2,1,0,2,2,0,2,0,1,10,1,4,2,0,0,1,52,1,3,1,45,1,7,0,4,1,0,0,0,110658,Lisboa,Grande Lisboa
Belém,40 - 44 anos,H,538,444,94,33,3,0,1,0,4,7,2,1,1,0,2,3,0,0,0,0,12,0,6,0,2,1,1,38,1,2,1,28,4,10,1,3,2,1,0,1,110658,Lisboa,Grande Lisboa
Belém,40 - 44 anos,M,630,514,116,36,4,1,1,0,5,13,0,4,0,0,2,0,0,0,0,2,17,0,7,5,0,1,1,53,2,4,1,41,3,10,0,6,1,1,0,0,110658,Lisboa,Grande Lisboa
Belém,45 - 49 anos,H,574,454,120,36,6,0,0,0,4,10,0,1,0,0,1,1,1,0,0,3,47,1,26,2,2,13,1,31,1,3,2,22,0,6,0,5,0,1,0,0,110658,Lisboa,Grande Lisboa
Belém,45 - 49 anos,M,660,521,139,35,6,0,2,0,5,12,0,2,0,1,0,0,0,0,0,3,59,0,32,6,1,18,0,42,0,3,1,35,0,3,0,1,0,0,0,0,110658,Lisboa,Grande Lisboa
Belém,50 - 54 anos,H,504,423,81,25,2,0,1,0,6,7,0,4,0,0,0,1,0,0,0,0,38,0,20,2,3,10,0,11,0,2,0,9,0,7,0,4,0,0,0,0,110658,Lisboa,Grande Lisboa
Belém,50 - 54 anos,M,624,499,125,26,1,0,0,0,4,5,0,1,0,2,0,2,0,1,3,1,66,4,29,10,1,20,0,25,0,1,0,20,2,8,2,3,0,0,0,0,110658,Lisboa,Grande Lisboa
Belém,55 - 59 anos,H,482,401,81,10,1,0,0,0,0,3,0,1,0,0,0,1,0,1,0,0,45,0,29,3,1,11,0,21,1,3,0,15,1,4,1,2,1,0,0,1,110658,Lisboa,Grande Lisboa
Belém,55 - 59 anos,M,536,442,94,19,0,1,0,0,1,2,0,1,0,1,0,1,1,4,3,3,40,0,18,6,2,13,1,28,0,1,0,24,2,6,0,1,1,0,0,1,110658,Lisboa,Grande Lisboa
Belém,60 - 64 anos,H,391,325,66,12,0,0,2,0,0,3,1,0,0,0,0,1,1,0,1,1,38,0,15,2,1,18,0,10,0,3,0,7,0,6,1,1,2,0,0,0,110658,Lisboa,Grande Lisboa
Belém,60 - 64 anos,M,487,412,75,19,0,0,0,0,3,3,0,2,0,1,0,1,0,3,0,2,38,0,18,4,1,11,3,13,0,1,0,10,1,5,0,1,2,0,0,0,110658,Lisboa,Grande Lisboa
Belém,65 - 69 anos,H,381,345,36,4,0,0,0,0,0,1,0,1,0,0,0,0,0,0,0,0,26,0,9,4,0,9,1,4,0,0,0,3,1,2,0,0,1,0,0,0,110658,Lisboa,Grande Lisboa
Belém,65 - 69 anos,M,554,481,73,10,3,0,0,0,2,3,0,0,0,0,0,0,0,0,0,0,52,0,28,3,3,12,3,8,0,0,0,8,0,3,0,1,0,0,0,0,110658,Lisboa,Grande Lisboa
Belém,70 - 74 anos,H,415,368,47,12,1,1,1,0,0,2,0,3,0,0,0,0,0,0,2,0,31,0,7,8,2,7,3,2,0,0,0,2,0,1,0,0,1,0,0,1,110658,Lisboa,Grande Lisboa
Belém,70 - 74 anos,M,551,498,53,13,0,0,0,0,1,7,0,0,1,1,1,0,0,0,1,0,28,0,11,2,1,12,2,11,1,0,2,8,0,1,0,0,1,0,0,0,110658,Lisboa,Grande Lisboa
Belém,75 - 79 anos,H,371,346,25,8,0,0,1,0,1,3,0,0,0,0,0,0,0,1,1,0,10,0,4,2,0,3,1,4,1,0,0,2,0,3,0,1,2,0,0,0,110658,Lisboa,Grande Lisboa
Belém,75 - 79 anos,M,549,501,48,9,5,1,2,0,0,1,0,0,0,0,0,0,0,0,0,0,29,0,12,2,1,11,0,6,1,0,1,3,1,4,0,0,4,0,0,0,110658,Lisboa,Grande Lisboa
Belém,80 - 84 anos,H,284,272,12,1,0,0,0,0,1,0,0,0,0,0,0,0,0,0,0,0,8,0,4,3,0,1,0,1,0,0,0,1,0,2,0,0,2,0,0,0,110658,Lisboa,Grande Lisboa
Belém,80 - 84 anos,M,437,407,30,9,3,1,0,0,3,0,0,1,0,1,0,0,0,0,0,0,17,1,10,1,0,5,0,3,0,1,0,2,0,1,0,0,1,0,0,0,110658,Lisboa,Grande Lisboa
Belém,85 e mais anos,H,283,273,10,2,2,0,0,0,0,0,0,0,0,0,0,0,0,0,0,0,7,0,2,2,0,2,1,1,0,0,1,0,0,0,0,0,0,0,0,0,110658,Lisboa,Grande Lisboa
Belém,85 e mais anos,M,566,528,38,13,1,1,2,0,3,2,0,0,0,0,1,2,0,0,1,0,22,1,8,6,1,4,1,1,0,0,0,1,0,2,0,0,1,0,0,0,110658,Lisboa,Grande Lisboa
Benfica,Total,H,15808,13966,1842,341,31,2,10,5,29,67,2,19,8,11,0,30,2,11,12,50,679,8,322,107,29,161,22,616,5,18,5,537,25,205,62,31,27,30,10,1,110608,Lisboa,Grande Lisboa
Benfica,Total,M,19554,17071,2483,442,37,0,8,9,46,90,4,16,4,7,5,40,0,14,13,82,1020,23,496,186,52,203,24,860,6,18,4,769,38,161,15,41,22,16,7,0,110608,Lisboa,Grande Lisboa
Benfica,0 - 4 anos,H,645,630,15,4,1,0,0,0,0,0,0,0,0,0,0,0,1,0,0,0,1,0,1,0,0,0,0,8,0,1,0,7,0,2,0,1,0,0,1,0,110608,Lisboa,Grande Lisboa
Benfica,0 - 4 anos,M,658,632,26,5,0,0,0,0,0,1,1,0,0,0,0,0,0,0,1,0,5,0,2,1,0,2,0,12,0,1,0,10,1,4,1,1,0,0,1,0,110608,Lisboa,Grande Lisboa
Benfica,5 - 9 anos,H,702,644,58,14,0,0,0,0,1,1,0,0,0,1,0,1,0,0,2,0,10,0,7,1,1,1,0,30,0,1,1,25,2,4,2,0,0,1,0,0,110608,Lisboa,Grande Lisboa
Benfica,5 - 9 anos,M,662,610,52,9,1,0,0,0,0,3,0,0,0,0,0,0,0,0,1,0,10,0,6,2,0,1,0,24,0,0,0,24,0,9,2,3,0,0,0,0,110608,Lisboa,Grande Lisboa
Benfica,10 - 14 anos,H,768,702,66,10,3,0,0,0,2,0,0,0,1,0,0,0,0,0,0,0,17,0,14,0,1,0,0,30,0,1,0,25,2,9,1,3,0,0,1,0,110608,Lisboa,Grande Lisboa
Benfica,10 - 14 anos,M,666,613,53,11,1,0,0,0,1,1,1,2,0,0,0,0,0,0,0,1,14,0,11,1,0,2,0,24,0,0,0,22,2,4,0,0,0,1,1,0,110608,Lisboa,Grande Lisboa
Benfica,15 - 19 anos,H,750,692,58,1,0,0,0,1,0,0,0,0,0,0,0,0,0,0,0,0,24,0,17,4,2,1,0,27,0,0,0,24,0,6,1,1,0,0,1,0,110608,Lisboa,Grande Lisboa
Benfica,15 - 19 anos,M,691,629,62,6,0,0,0,0,1,1,1,0,0,0,0,0,0,0,0,2,20,1,10,5,2,0,0,33,0,0,0,30,3,3,0,1,0,0,1,0,110608,Lisboa,Grande Lisboa
Benfica,20 - 24 anos,H,829,726,103,19,0,0,0,0,2,0,0,0,0,2,0,4,0,3,2,4,34,1,22,6,1,0,0,37,0,2,0,31,1,13,4,1,2,3,0,0,110608,Lisboa,Grande Lisboa
Benfica,20 - 24 anos,M,923,792,131,20,1,0,0,0,0,2,0,0,0,0,0,6,0,0,1,5,48,0,26,15,1,5,0,53,1,1,1,46,3,10,3,3,1,2,0,0,110608,Lisboa,Grande Lisboa
Benfica,25 - 29 anos,H,1021,851,170,31,1,1,1,0,5,4,0,3,4,1,0,1,1,0,1,4,27,2,5,8,5,2,0,93,0,3,0,85,2,19,4,1,3,11,0,0,110608,Lisboa,Grande Lisboa
Benfica,25 - 29 anos,M,1201,969,232,63,5,0,3,0,5,9,0,3,2,4,2,2,0,3,4,12,52,2,20,21,2,3,2,103,1,2,0,98,2,14,0,1,1,5,1,0,110608,Lisboa,Grande Lisboa
Benfica,30 - 34 anos,H,1130,900,230,39,2,0,1,1,4,8,0,8,1,0,0,2,0,2,2,4,29,0,10,13,4,1,1,126,2,2,2,112,3,36,16,3,3,8,2,0,110608,Lisboa,Grande Lisboa
Benfica,30 - 34 anos,M,1135,912,223,34,3,0,0,2,4,8,1,2,1,0,0,5,0,0,1,1,40,3,21,9,5,0,1,126,0,1,1,109,6,23,3,5,2,4,1,0,110608,Lisboa,Grande Lisboa
Benfica,35 - 39 anos,H,1076,897,179,30,6,0,2,0,5,5,0,1,1,0,0,1,0,0,2,2,28,2,14,6,1,1,2,87,0,0,1,82,4,34,17,5,3,2,0,0,110608,Lisboa,Grande Lisboa
Benfica,35 - 39 anos,M,1044,828,216,47,9,0,2,0,1,8,0,2,0,1,2,3,0,1,3,7,39,2,14,8,6,4,1,114,0,2,0,101,5,16,3,4,0,2,0,0,110608,Lisboa,Grande Lisboa
Benfica,40 - 44 anos,H,1106,928,178,49,5,0,1,0,1,12,1,1,1,2,0,6,0,1,1,11,42,3,19,2,4,10,3,66,2,1,0,58,5,20,9,2,0,4,1,1,110608,Lisboa,Grande Lisboa
Benfica,40 - 44 anos,M,1283,1042,241,66,5,0,0,0,4,19,0,1,0,0,1,8,0,0,1,20,52,3,21,6,6,8,4,106,3,1,0,96,4,17,1,6,0,1,1,0,110608,Lisboa,Grande Lisboa
Benfica,45 - 49 anos,H,1132,946,186,52,6,0,1,1,0,22,1,1,0,1,0,3,0,1,0,10,85,0,48,2,0,27,6,32,0,1,0,25,3,17,5,3,0,1,3,0,110608,Lisboa,Grande Lisboa
Benfica,45 - 49 anos,M,1313,1052,261,52,3,0,1,3,2,18,0,1,1,0,0,3,0,4,0,7,115,4,58,7,3,38,2,84,0,3,0,78,2,10,0,7,0,1,0,0,110608,Lisboa,Grande Lisboa
Benfica,50 - 54 anos,H,1002,850,152,31,1,0,1,0,4,6,0,1,0,1,0,6,0,1,1,7,87,0,41,9,1,35,0,25,0,1,0,22,0,9,2,6,0,0,0,0,110608,Lisboa,Grande Lisboa
Benfica,50 - 54 anos,M,1161,961,200,39,2,0,0,0,2,8,0,2,0,2,0,7,0,1,0,11,97,2,50,14,3,24,2,60,1,3,0,52,3,4,0,2,0,0,1,0,110608,Lisboa,Grande Lisboa
Benfica,55 - 59 anos,H,916,790,126,25,0,0,0,0,1,6,0,1,0,0,0,3,0,2,0,6,74,0,36,10,1,20,3,20,0,1,1,18,0,7,0,3,2,0,0,0,110608,Lisboa,Grande Lisboa
Benfica,55 - 59 anos,M,1098,926,172,16,1,0,0,1,2,3,0,0,0,0,0,1,0,1,1,5,107,1,54,18,3,25,4,43,0,1,0,38,2,6,1,3,0,0,0,0,110608,Lisboa,Grande Lisboa
Benfica,60 - 64 anos,H,787,702,85,11,2,0,2,1,0,0,0,0,0,0,0,2,0,0,0,2,56,0,26,4,3,18,2,10,0,0,0,8,1,8,1,0,2,0,1,0,110608,Lisboa,Grande Lisboa
Benfica,60 - 64 anos,M,1188,1018,170,21,1,0,1,3,4,1,0,0,0,0,0,4,0,1,0,4,103,2,52,17,4,25,1,41,0,2,2,33,1,5,0,2,1,0,0,0,110608,Lisboa,Grande Lisboa
Benfica,65 - 69 anos,H,803,714,89,7,0,0,1,0,1,1,0,0,0,2,0,1,0,1,0,0,63,0,26,15,2,18,2,12,0,3,0,6,2,7,0,1,2,0,0,0,110608,Lisboa,Grande Lisboa
Benfica,65 - 69 anos,M,1201,1050,151,15,0,0,0,0,4,1,0,2,0,0,0,1,0,1,0,5,101,1,47,19,8,21,2,22,0,0,0,19,3,13,1,2,3,0,0,0,110608,Lisboa,Grande Lisboa
Benfica,70 - 74 anos,H,916,855,61,8,1,0,0,0,2,0,0,2,0,1,0,0,0,0,0,0,46,0,20,9,0,12,1,5,0,1,0,2,0,2,0,0,1,0,0,0,110608,Lisboa,Grande Lisboa
Benfica,70 - 74 anos,M,1479,1387,92,5,1,0,1,0,1,1,0,0,0,0,0,0,0,1,0,0,73,0,31,14,5,21,1,5,0,0,0,4,1,9,0,1,5,0,0,0,110608,Lisboa,Grande Lisboa
Benfica,75 - 79 anos,H,903,876,27,6,3,0,0,0,1,1,0,1,0,0,0,0,0,0,0,0,16,0,2,5,3,2,2,2,0,0,0,2,0,3,0,1,2,0,0,0,110608,Lisboa,Grande Lisboa
Benfica,75 - 79 anos,M,1454,1387,67,12,2,0,0,0,5,2,0,0,0,0,0,0,0,1,0,1,51,1,26,10,0,7,1,3,0,0,0,3,0,1,0,0,1,0,0,0,110608,Lisboa,Grande Lisboa
Benfica,80 - 84 anos,H,742,715,27,1,0,1,0,0,0,0,0,0,0,0,0,0,0,0,0,0,18,0,7,5,0,6,0,5,1,0,0,4,0,3,0,0,2,0,0,0,110608,Lisboa,Grande Lisboa
Benfica,80 - 84 anos,M,1200,1140,60,10,2,0,0,0,5,2,0,0,0,0,0,0,0,0,0,1,42,0,22,11,1,7,0,3,0,1,0,2,0,5,0,0,2,0,0,0,110608,Lisboa,Grande Lisboa
Benfica,85 e mais anos,H,580,548,32,3,0,0,0,1,0,1,0,0,0,0,0,0,0,0,1,0,22,0,7,8,0,7,0,1,0,0,0,1,0,6,0,0,5,0,0,0,110608,Lisboa,Grande Lisboa
Benfica,85 e mais anos,M,1197,1123,74,11,0,0,0,0,5,2,0,1,0,0,0,0,0,0,0,0,51,1,25,8,3,10,3,4,0,0,0,4,0,8,0,0,6,0,0,0,110608,Lisboa,Grande Lisboa
Campo de Ourique,Total,H,9877,8158,1719,535,36,4,10,6,40,192,4,52,1,23,2,18,7,4,22,25,387,14,158,67,23,79,13,620,13,31,10,530,13,170,34,31,23,26,14,7,110659,Lisboa,Grande Lisboa
Campo de Ourique,Total,M,12263,10196,2067,604,40,3,21,6,58,214,7,30,3,8,6,25,10,18,12,34,512,19,208,111,23,109,13,798,7,43,4,701,12,145,11,28,13,24,5,8,110659,Lisboa,Grande Lisboa
Campo de Ourique,0 - 4 anos,H,550,506,44,28,0,0,0,0,3,10,0,3,0,2,0,1,0,0,1,0,1,0,0,1,0,0,0,12,0,0,0,10,0,3,1,1,0,0,0,0,110659,Lisboa,Grande Lisboa
Campo de Ourique,0 - 4 anos,M,498,448,50,24,1,0,0,0,1,13,2,1,0,0,1,0,0,0,1,0,4,1,1,1,1,0,0,18,0,1,0,16,0,4,0,1,0,0,1,0,110659,Lisboa,Grande Lisboa
Campo de Ourique,5 - 9 anos,H,578,480,98,38,2,0,0,0,3,19,0,1,0,2,0,1,0,0,4,1,9,2,5,0,0,0,0,42,2,3,0,35,1,8,1,1,1,1,1,1,110659,Lisboa,Grande Lisboa
Campo de Ourique,5 - 9 anos,M,502,414,88,36,2,0,4,0,1,17,0,0,0,2,0,1,0,0,0,1,5,2,2,0,0,0,1,41,2,4,0,35,0,6,1,1,0,0,1,0,110659,Lisboa,Grande Lisboa
Campo de Ourique,10 - 14 anos,H,538,462,76,37,1,0,2,1,5,21,0,1,0,1,0,0,0,0,0,4,5,0,3,0,1,0,1,27,1,3,0,21,1,7,0,2,1,1,0,0,110659,Lisboa,Grande Lisboa
Campo de Ourique,10 - 14 anos,M,490,415,75,29,0,0,4,0,2,16,1,0,0,0,0,1,0,2,0,1,8,1,4,1,0,0,1,32,0,2,0,30,0,6,0,2,0,0,0,0,110659,Lisboa,Grande Lisboa
Campo de Ourique,15 - 19 anos,H,499,444,55,17,0,1,1,0,1,8,0,3,0,0,0,1,0,0,0,0,12,0,3,3,3,1,0,20,0,0,0,20,0,6,0,2,0,0,1,0,110659,Lisboa,Grande Lisboa
Campo de Ourique,15 - 19 anos,M,538,467,71,15,0,0,0,0,1,11,0,0,0,1,0,0,0,0,1,1,24,0,7,9,1,3,0,27,0,1,0,26,0,4,1,1,0,1,0,1,110659,Lisboa,Grande Lisboa
Campo de Ourique,20 - 24 anos,H,510,432,78,20,2,0,0,0,2,4,0,3,0,1,0,1,0,0,1,2,20,0,8,8,1,0,1,33,0,1,0,30,1,5,1,2,0,1,0,0,110659,Lisboa,Grande Lisboa
Campo de Ourique,20 - 24 anos,M,508,422,86,16,1,0,0,1,0,5,0,0,0,1,0,2,0,2,0,2,15,1,3,5,1,1,1,42,0,2,0,38,2,12,2,0,0,5,0,1,110659,Lisboa,Grande Lisboa
Campo de Ourique,25 - 29 anos,H,627,486,141,41,2,0,2,1,3,11,1,3,0,1,1,1,0,1,5,2,12,1,6,3,0,0,0,69,0,5,0,58,2,18,4,1,1,4,4,1,110659,Lisboa,Grande Lisboa
Campo de Ourique,25 - 29 anos,M,718,562,156,54,5,0,2,1,6,13,0,1,0,1,0,1,0,3,4,4,10,0,3,2,2,0,2,78,0,7,0,65,2,14,2,2,0,5,0,0,110659,Lisboa,Grande Lisboa
Campo de Ourique,30 - 34 anos,H,739,523,216,57,5,1,0,1,3,16,0,8,0,0,0,2,0,2,3,1,24,3,7,4,5,0,2,104,1,4,2,95,2,28,8,4,4,8,2,3,110659,Lisboa,Grande Lisboa
Campo de Ourique,30 - 34 anos,M,825,542,283,78,4,0,3,1,8,20,2,7,1,0,2,6,2,4,1,2,26,2,9,10,0,2,1,150,1,9,0,130,2,29,1,4,6,4,3,0,110659,Lisboa,Grande Lisboa
Campo de Ourique,35 - 39 anos,H,736,545,191,53,2,0,1,0,2,14,1,10,0,3,1,2,0,1,2,2,12,1,2,1,3,2,1,98,3,3,3,83,2,27,8,1,5,6,2,1,110659,Lisboa,Grande Lisboa
Campo de Ourique,35 - 39 anos,M,852,619,233,76,3,1,0,1,9,19,1,5,0,3,1,4,1,4,0,5,25,6,6,6,2,1,2,112,0,2,1,103,3,18,2,4,1,6,0,2,110659,Lisboa,Grande Lisboa
Campo de Ourique,40 - 44 anos,H,819,631,188,61,4,1,1,1,5,25,1,8,1,4,0,3,1,0,0,2,27,3,10,4,1,3,1,75,2,1,2,64,2,25,5,6,3,3,2,0,110659,Lisboa,Grande Lisboa
Campo de Ourique,40 - 44 anos,M,918,695,223,83,8,1,3,1,7,34,0,4,2,0,1,3,0,1,2,3,25,1,14,4,1,5,0,97,3,2,2,85,0,16,1,8,0,1,0,2,110659,Lisboa,Grande Lisboa
Campo de Ourique,45 - 49 anos,H,700,539,161,63,11,0,0,2,2,29,0,5,0,1,0,2,1,0,2,2,37,2,14,6,0,11,3,46,1,3,1,38,0,15,4,3,1,2,1,0,110659,Lisboa,Grande Lisboa
Campo de Ourique,45 - 49 anos,M,819,627,192,57,0,0,1,1,3,29,0,3,0,0,1,5,0,1,0,4,63,4,36,7,0,16,0,65,0,2,1,59,0,5,0,1,0,1,0,2,110659,Lisboa,Grande Lisboa
Campo de Ourique,50 - 54 anos,H,569,435,134,47,2,1,1,0,4,16,0,1,0,4,0,1,1,0,2,4,44,1,19,6,1,15,0,36,1,2,1,31,1,7,1,4,0,0,1,0,110659,Lisboa,Grande Lisboa
Campo de Ourique,50 - 54 anos,M,708,569,139,51,6,0,4,0,6,15,1,4,0,0,0,1,0,1,1,4,43,0,24,3,0,8,1,41,0,2,0,36,2,4,0,2,0,0,0,0,110659,Lisboa,Grande Lisboa
Campo de Ourique,55 - 59 anos,H,591,483,108,29,2,0,0,0,2,9,1,3,0,2,0,2,0,0,0,2,44,0,23,5,2,10,1,26,2,1,0,21,1,9,1,1,1,0,0,0,110659,Lisboa,Grande Lisboa
Campo de Ourique,55 - 59 anos,M,723,594,129,23,1,0,0,0,5,7,0,4,0,0,0,0,0,0,0,4,61,1,26,8,2,23,0,37,1,1,0,33,1,8,0,2,2,0,0,0,110659,Lisboa,Grande Lisboa
Campo de Ourique,60 - 64 anos,H,481,407,74,17,1,0,1,0,0,2,0,0,0,0,0,0,3,0,1,3,42,0,16,7,2,14,1,14,0,2,0,11,0,1,0,0,0,0,0,0,110659,Lisboa,Grande Lisboa
Campo de Ourique,60 - 64 anos,M,674,567,107,17,2,0,0,0,0,5,0,0,0,0,0,1,1,0,1,1,48,0,20,12,3,10,2,38,0,5,0,30,0,4,0,0,0,0,0,0,110659,Lisboa,Grande Lisboa
Campo de Ourique,65 - 69 anos,H,468,406,62,11,1,0,0,0,1,4,0,0,0,1,0,1,0,0,1,0,40,0,16,9,2,10,1,9,0,2,1,6,0,2,0,1,1,0,0,0,110659,Lisboa,Grande Lisboa
Campo de Ourique,65 - 69 anos,M,698,629,69,11,1,0,0,0,1,1,0,0,0,0,0,0,4,0,0,1,46,0,19,14,3,9,1,9,0,0,0,7,0,3,0,0,1,1,0,0,110659,Lisboa,Grande Lisboa
Campo de Ourique,70 - 74 anos,H,495,447,48,8,1,0,1,0,2,0,0,1,0,1,0,0,1,0,0,0,28,1,15,3,1,4,1,6,0,1,0,4,0,6,0,1,4,0,0,0,110659,Lisboa,Grande Lisboa
Campo de Ourique,70 - 74 anos,M,721,667,54,8,0,0,0,0,2,0,0,1,0,0,0,0,0,0,0,1,37,0,15,9,2,8,0,6,0,3,0,3,0,3,0,0,1,0,0,0,110659,Lisboa,Grande Lisboa
Campo de Ourique,75 - 79 anos,H,393,367,26,6,0,0,0,0,1,3,0,2,0,0,0,0,0,0,0,0,15,0,5,3,1,4,0,2,0,0,0,2,0,2,0,1,0,0,0,1,110659,Lisboa,Grande Lisboa
Campo de Ourique,75 - 79 anos,M,625,592,33,6,2,0,0,0,1,2,0,0,0,0,0,0,0,0,1,0,20,0,6,5,2,3,1,2,0,0,0,2,0,5,1,0,2,0,0,0,110659,Lisboa,Grande Lisboa
Campo de Ourique,80 - 84 anos,H,295,284,11,1,0,0,0,0,0,1,0,0,0,0,0,0,0,0,0,0,9,0,3,4,0,2,0,0,0,0,0,0,0,1,0,0,1,0,0,0,110659,Lisboa,Grande Lisboa
Campo de Ourique,80 - 84 anos,M,606,564,42,10,2,1,0,0,2,4,0,0,0,0,0,0,1,0,0,0,28,0,6,8,2,11,0,3,0,0,0,3,0,1,0,0,0,0,0,0,110659,Lisboa,Grande Lisboa
Campo de Ourique,85 e mais anos,H,289,281,8,1,0,0,0,0,1,0,0,0,0,0,0,0,0,0,0,0,6,0,3,0,0,3,0,1,0,0,0,1,0,0,0,0,0,0,0,0,110659,Lisboa,Grande Lisboa
Campo de Ourique,85 e mais anos,M,840,803,37,10,2,0,0,0,3,3,0,0,0,0,0,0,1,0,0,0,24,0,7,7,1,9,0,0,0,0,0,0,0,3,0,0,0,0,0,0,110659,Lisboa,Grande Lisboa
Campolide,Total,H,6989,5776,1213,297,14,0,5,8,31,71,0,22,2,8,1,21,2,12,7,34,410,9,135,98,65,66,13,378,5,7,4,329,18,126,36,10,29,9,12,2,110610,Lisboa,Grande Lisboa
Campolide,Total,M,7798,6605,1193,297,15,0,9,6,38,75,0,25,2,5,0,16,2,12,8,43,411,7,152,67,49,81,19,405,4,4,3,361,19,75,9,16,10,7,2,5,110610,Lisboa,Grande Lisboa
Campolide,0 - 4 anos,H,298,289,9,2,0,0,0,0,0,1,0,1,0,0,0,0,0,0,0,0,0,0,0,0,0,0,0,4,0,0,0,2,1,3,0,0,1,0,0,0,110610,Lisboa,Grande Lisboa
Campolide,0 - 4 anos,M,270,257,13,8,0,0,2,0,1,2,0,0,0,0,0,0,0,0,0,0,3,0,1,1,0,0,0,1,0,0,0,1,0,1,0,0,0,0,0,0,110610,Lisboa,Grande Lisboa
Campolide,5 - 9 anos,H,290,251,39,16,0,0,0,0,2,5,0,1,0,1,0,0,0,1,0,2,8,1,3,2,2,0,0,13,1,1,0,11,0,2,0,1,0,1,0,0,110610,Lisboa,Grande Lisboa
Campolide,5 - 9 anos,M,281,254,27,10,0,0,0,0,0,2,0,1,0,0,0,0,0,2,1,2,7,0,5,0,1,0,1,6,0,0,0,6,0,4,1,0,0,0,0,0,110610,Lisboa,Grande Lisboa
Campolide,10 - 14 anos,H,296,264,32,15,0,0,0,0,2,7,0,0,0,1,0,0,0,1,0,1,8,0,5,2,1,0,0,7,0,0,0,6,1,2,1,0,0,0,0,0,110610,Lisboa,Grande Lisboa
Campolide,10 - 14 anos,M,267,226,41,15,0,0,1,0,1,5,0,0,0,0,0,0,0,0,0,1,15,0,5,1,5,1,2,10,0,0,0,8,1,1,0,0,0,0,0,0,110610,Lisboa,Grande Lisboa
Campolide,15 - 19 anos,H,310,268,42,7,1,0,0,0,1,2,0,0,0,0,0,0,0,1,1,0,15,0,6,4,5,0,0,19,0,0,0,17,1,1,0,0,0,0,0,0,110610,Lisboa,Grande Lisboa
Campolide,15 - 19 anos,M,347,307,40,11,0,0,1,0,0,4,0,1,0,2,0,1,0,0,0,0,13,0,6,1,4,1,1,12,0,0,0,10,2,4,1,1,0,1,0,0,110610,Lisboa,Grande Lisboa
Campolide,20 - 24 anos,H,396,322,74,14,0,0,0,0,2,3,0,0,0,2,0,0,0,0,0,2,21,1,5,6,4,1,1,33,0,0,0,32,0,6,0,1,3,2,0,0,110610,Lisboa,Grande Lisboa
Campolide,20 - 24 anos,M,360,298,62,15,0,0,0,0,2,3,0,2,1,1,0,0,0,0,0,6,24,1,6,4,5,3,1,19,0,0,0,19,0,4,2,2,0,0,0,0,110610,Lisboa,Grande Lisboa
Campolide,25 - 29 anos,H,602,456,146,35,0,0,2,0,8,3,0,2,2,0,0,2,1,3,1,4,31,0,7,11,9,0,0,64,1,1,1,56,2,16,5,1,4,0,2,0,110610,Lisboa,Grande Lisboa
Campolide,25 - 29 anos,M,554,430,124,28,3,0,0,0,4,4,0,4,1,0,0,0,0,1,3,3,18,0,5,6,3,0,0,63,0,1,0,55,6,14,3,3,2,1,1,1,110610,Lisboa,Grande Lisboa
Campolide,30 - 34 anos,H,603,437,166,36,4,0,0,2,5,6,0,2,0,1,0,3,0,2,0,2,31,2,4,11,6,0,3,64,1,1,0,54,7,34,13,3,9,3,3,1,110610,Lisboa,Grande Lisboa
Campolide,30 - 34 anos,M,553,398,155,33,1,0,0,1,3,6,0,6,0,0,0,2,0,1,3,6,29,2,8,8,7,1,1,83,1,2,2,72,3,9,0,0,2,3,0,1,110610,Lisboa,Grande Lisboa
Campolide,35 - 39 anos,H,534,407,127,37,4,0,0,1,2,10,0,2,0,1,0,2,0,1,2,4,20,0,4,6,7,1,1,53,0,1,1,47,2,17,5,0,3,0,3,0,110610,Lisboa,Grande Lisboa
Campolide,35 - 39 anos,M,481,371,110,27,1,0,0,1,3,7,0,3,0,0,0,1,1,1,0,5,25,1,5,9,5,1,2,47,0,0,0,43,1,10,1,3,1,1,1,1,110610,Lisboa,Grande Lisboa
Campolide,40 - 44 anos,H,489,382,107,22,1,0,1,1,0,4,0,5,0,1,0,5,0,0,0,0,33,5,9,10,6,0,2,35,0,0,1,32,1,17,6,1,0,3,2,0,110610,Lisboa,Grande Lisboa
Campolide,40 - 44 anos,M,467,355,112,29,4,0,1,0,2,8,0,2,0,0,0,3,0,3,0,2,24,0,9,5,4,1,1,50,1,0,0,49,0,8,0,2,0,1,0,1,110610,Lisboa,Grande Lisboa
Campolide,45 - 49 anos,H,511,380,131,32,2,0,1,0,1,14,0,2,0,0,0,0,0,2,1,5,57,0,22,9,8,16,2,32,1,1,0,27,0,10,5,1,1,0,1,0,110610,Lisboa,Grande Lisboa
Campolide,45 - 49 anos,M,515,397,118,41,2,0,1,0,5,20,0,0,0,1,0,3,0,1,1,5,41,1,17,5,2,12,0,30,2,0,0,25,0,6,1,4,0,0,0,0,110610,Lisboa,Grande Lisboa
Campolide,50 - 54 anos,H,475,376,99,30,1,0,1,1,3,9,0,1,0,0,0,4,0,1,0,6,46,0,19,9,5,10,1,18,0,1,0,16,1,5,0,2,1,0,0,0,110610,Lisboa,Grande Lisboa
Campolide,50 - 54 anos,M,495,395,100,24,1,0,1,2,2,6,0,2,0,1,0,3,0,1,0,3,46,0,19,8,3,9,4,24,0,0,0,19,3,6,0,1,0,0,0,0,110610,Lisboa,Grande Lisboa
Campolide,55 - 59 anos,H,422,343,79,20,1,0,0,1,1,2,0,2,0,0,1,5,0,0,0,4,45,0,18,9,5,11,2,13,1,0,0,11,0,1,0,0,0,0,0,0,110610,Lisboa,Grande Lisboa
Campolide,55 - 59 anos,M,508,428,80,17,1,0,2,0,4,1,0,1,0,0,0,2,0,1,0,4,40,0,18,6,3,8,2,23,0,0,0,22,1,0,0,0,0,0,0,0,110610,Lisboa,Grande Lisboa
Campolide,60 - 64 anos,H,402,345,57,9,0,0,0,1,0,0,0,1,0,1,0,0,0,0,0,2,31,0,13,4,2,8,0,12,0,0,1,10,0,5,1,0,3,0,0,0,110610,Lisboa,Grande Lisboa
Campolide,60 - 64 anos,M,466,415,51,9,1,0,0,1,0,1,0,1,0,0,0,1,1,0,0,2,27,0,10,3,2,9,1,13,0,0,0,12,1,2,0,0,1,0,0,0,110610,Lisboa,Grande Lisboa
Campolide,65 - 69 anos,H,364,319,45,10,0,0,0,0,1,2,0,1,0,0,0,0,1,0,2,2,21,0,8,1,4,7,1,10,0,0,0,8,2,3,0,0,1,0,1,1,110610,Lisboa,Grande Lisboa
Campolide,65 - 69 anos,M,438,393,45,7,1,0,0,0,1,1,0,0,0,0,0,0,0,0,0,3,24,0,11,1,2,10,0,10,0,1,0,9,0,3,0,0,2,0,0,1,110610,Lisboa,Grande Lisboa
Campolide,70 - 74 anos,H,304,281,23,4,0,0,0,0,1,1,0,1,0,0,0,0,0,0,0,0,17,0,4,4,1,5,0,1,0,1,0,0,0,1,0,0,1,0,0,0,110610,Lisboa,Grande Lisboa
Campolide,70 - 74 anos,M,471,419,52,8,0,0,0,1,1,2,0,1,0,0,0,0,0,0,0,1,34,0,12,3,2,12,2,9,0,0,0,7,1,1,0,0,1,0,0,0,110610,Lisboa,Grande Lisboa
Campolide,75 - 79 anos,H,269,255,14,2,0,0,0,1,0,0,0,1,0,0,0,0,0,0,0,0,9,0,2,2,0,4,0,0,0,0,0,0,0,3,0,0,2,0,0,0,110610,Lisboa,Grande Lisboa
Campolide,75 - 79 anos,M,395,380,15,2,0,0,0,0,1,0,0,1,0,0,0,0,0,0,0,0,10,0,2,3,0,4,0,2,0,0,0,2,0,1,0,0,0,0,0,0,110610,Lisboa,Grande Lisboa
Campolide,80 - 84 anos,H,228,208,20,6,0,0,0,0,2,2,0,0,0,0,0,0,0,0,0,0,14,0,4,8,0,2,0,0,0,0,0,0,0,0,0,0,0,0,0,0,110610,Lisboa,Grande Lisboa
Campolide,80 - 84 anos,M,366,349,17,5,0,0,0,0,4,0,0,0,0,0,0,0,0,1,0,0,11,2,5,1,0,2,0,1,0,0,0,1,0,0,0,0,0,0,0,0,110610,Lisboa,Grande Lisboa
Campolide,85 e mais anos,H,196,193,3,0,0,0,0,0,0,0,0,0,0,0,0,0,0,0,0,0,3,0,2,0,0,1,0,0,0,0,0,0,0,0,0,0,0,0,0,0,110610,Lisboa,Grande Lisboa
Campolide,85 e mais anos,M,564,533,31,8,0,0,0,0,4,3,0,0,0,0,0,0,0,0,0,0,20,0,8,2,1,7,1,2,0,0,1,1,0,1,0,0,1,0,0,0,110610,Lisboa,Grande Lisboa
Carnide,Total,H,8350,7497,853,156,20,1,4,2,22,31,1,9,0,6,2,12,3,3,3,15,461,10,202,109,21,88,19,186,0,9,4,156,9,50,0,8,8,14,3,0,110611,Lisboa,Grande Lisboa
Carnide,Total,M,9678,8486,1192,200,12,2,5,2,26,47,0,12,1,4,4,12,2,6,8,30,662,7,278,172,29,124,37,285,6,7,5,242,14,45,0,12,15,4,0,0,110611,Lisboa,Grande Lisboa
Carnide,0 - 4 anos,H,393,382,11,5,0,0,0,0,0,0,0,0,0,0,0,1,0,0,0,0,3,0,2,0,1,0,0,2,0,0,0,2,0,1,0,0,1,0,0,0,110611,Lisboa,Grande Lisboa
Carnide,0 - 4 anos,M,362,350,12,4,0,0,0,0,1,1,0,0,0,0,0,0,0,0,1,0,1,0,1,0,0,0,0,7,0,0,1,5,0,0,0,0,0,0,0,0,110611,Lisboa,Grande Lisboa
Carnide,5 - 9 anos,H,416,395,21,6,0,0,0,0,0,2,0,0,0,2,0,0,0,0,0,1,4,0,2,0,0,1,1,10,0,0,0,8,0,1,0,0,0,1,0,0,110611,Lisboa,Grande Lisboa
Carnide,5 - 9 anos,M,423,389,34,6,0,0,0,0,2,2,0,0,0,0,0,0,1,0,0,0,8,1,1,2,1,1,1,20,0,0,0,19,1,0,0,0,0,0,0,0,110611,Lisboa,Grande Lisboa
Carnide,10 - 14 anos,H,458,426,32,13,0,0,1,0,5,0,0,0,0,0,0,1,0,1,0,2,8,0,4,0,3,1,0,11,0,0,0,10,0,0,0,0,0,0,0,0,110611,Lisboa,Grande Lisboa
Carnide,10 - 14 anos,M,410,383,27,8,0,0,0,0,1,2,0,0,0,0,0,1,0,0,0,1,10,0,6,2,1,1,0,8,0,0,0,7,0,1,0,1,0,0,0,0,110611,Lisboa,Grande Lisboa
Carnide,15 - 19 anos,H,484,452,32,5,0,0,0,0,0,0,0,0,0,1,0,0,0,1,0,1,14,0,11,2,1,0,0,13,0,1,0,12,0,0,0,0,0,0,0,0,110611,Lisboa,Grande Lisboa
Carnide,15 - 19 anos,M,468,431,37,4,0,0,0,0,2,1,0,0,0,0,0,0,0,0,0,0,22,0,11,7,0,0,1,10,0,1,0,8,0,1,0,1,0,0,0,0,110611,Lisboa,Grande Lisboa
Carnide,20 - 24 anos,H,532,492,40,6,0,0,0,0,0,0,0,1,0,0,1,3,0,0,0,1,14,1,1,6,4,1,1,16,0,1,0,12,2,4,0,1,0,2,1,0,110611,Lisboa,Grande Lisboa
Carnide,20 - 24 anos,M,524,461,63,12,0,0,0,0,1,2,0,0,0,0,0,0,0,1,1,6,29,0,12,11,1,0,2,21,0,2,0,18,1,1,0,0,0,1,0,0,110611,Lisboa,Grande Lisboa
Carnide,25 - 29 anos,H,494,442,52,16,3,1,1,0,2,1,0,2,0,1,0,0,0,0,1,1,10,1,3,4,2,0,0,18,0,2,1,15,0,8,0,2,0,5,0,0,110611,Lisboa,Grande Lisboa
Carnide,25 - 29 anos,M,535,457,78,14,1,0,0,1,0,1,0,2,1,0,0,2,0,0,0,3,29,0,14,9,3,0,2,30,1,0,2,26,0,5,0,3,0,2,0,0,110611,Lisboa,Grande Lisboa
Carnide,30 - 34 anos,H,479,406,73,12,1,0,0,0,3,3,0,1,0,0,0,0,0,1,1,2,20,0,10,6,3,0,0,33,0,1,0,27,2,8,0,0,2,3,0,0,110611,Lisboa,Grande Lisboa
Carnide,30 - 34 anos,M,492,420,72,21,2,0,2,0,3,2,0,3,0,0,1,3,0,1,1,2,19,0,5,11,0,0,3,28,0,1,0,26,1,4,0,0,2,1,0,0,110611,Lisboa,Grande Lisboa
Carnide,35 - 39 anos,H,483,432,51,15,1,0,0,0,2,2,0,1,0,1,0,3,1,0,1,2,10,0,1,5,1,1,2,25,0,0,0,22,2,1,0,0,0,0,0,0,110611,Lisboa,Grande Lisboa
Carnide,35 - 39 anos,M,532,457,75,15,1,0,1,0,1,4,0,0,0,0,1,0,1,0,1,1,18,1,8,5,2,0,2,41,0,0,1,33,5,1,0,0,0,0,0,0,110611,Lisboa,Grande Lisboa
Carnide,40 - 44 anos,H,571,501,70,19,4,0,1,1,0,7,0,2,0,0,0,2,0,0,0,1,24,3,10,1,0,6,2,21,0,1,1,19,0,6,0,0,2,3,0,0,110611,Lisboa,Grande Lisboa
Carnide,40 - 44 anos,M,621,522,99,25,2,0,0,0,2,4,0,2,0,0,1,2,0,1,0,6,37,2,16,8,2,4,3,34,2,1,0,29,1,3,0,0,0,0,0,0,110611,Lisboa,Grande Lisboa
Carnide,45 - 49 anos,H,654,547,107,21,4,0,0,0,3,7,0,0,0,0,1,1,1,0,0,2,71,3,41,10,1,12,3,11,0,0,1,9,1,4,0,1,1,0,0,0,110611,Lisboa,Grande Lisboa
Carnide,45 - 49 anos,M,744,607,137,33,5,0,0,0,2,13,0,0,0,1,1,3,0,1,1,3,82,2,48,9,2,18,2,19,2,0,1,15,1,3,0,1,0,0,0,0,110611,Lisboa,Grande Lisboa
Carnide,50 - 54 anos,H,585,498,87,15,3,0,0,0,1,6,1,1,0,1,0,0,0,0,0,1,61,1,37,10,0,12,0,7,0,0,0,7,0,4,0,1,1,0,0,0,110611,Lisboa,Grande Lisboa
Carnide,50 - 54 anos,M,673,546,127,20,1,0,0,1,3,8,0,2,0,0,0,0,0,1,1,2,86,1,33,16,7,26,3,20,1,0,0,17,1,1,0,1,0,0,0,0,110611,Lisboa,Grande Lisboa
Carnide,55 - 59 anos,H,543,475,68,3,1,0,0,1,1,0,0,0,0,0,0,0,0,0,0,0,53,0,28,10,2,11,1,7,0,0,0,6,1,5,0,2,0,0,1,0,110611,Lisboa,Grande Lisboa
Carnide,55 - 59 anos,M,673,559,114,13,0,0,0,0,0,5,0,1,0,0,0,1,0,0,2,2,76,0,31,21,1,17,5,19,0,1,0,16,1,6,0,3,0,0,0,0,110611,Lisboa,Grande Lisboa
Carnide,60 - 64 anos,H,526,465,61,7,1,0,0,0,0,1,0,0,0,0,0,1,1,0,0,1,47,0,16,10,1,17,2,4,0,0,0,4,0,3,0,1,0,0,1,0,110611,Lisboa,Grande Lisboa
Carnide,60 - 64 anos,M,684,587,97,5,0,0,1,0,0,1,0,0,0,1,0,0,0,0,0,2,77,0,31,15,6,20,4,12,0,0,0,12,0,3,0,0,3,0,0,0,110611,Lisboa,Grande Lisboa
Carnide,65 - 69 anos,H,522,465,57,3,1,0,0,0,1,0,0,0,0,0,0,0,0,0,0,0,51,0,11,23,1,12,3,3,0,1,0,1,1,0,0,0,0,0,0,0,110611,Lisboa,Grande Lisboa
Carnide,65 - 69 anos,M,695,624,71,1,0,0,0,0,0,1,0,0,0,0,0,0,0,0,0,0,59,0,27,19,2,8,1,7,0,0,0,5,2,4,0,1,2,0,0,0,110611,Lisboa,Grande Lisboa
Carnide,70 - 74 anos,H,480,441,39,4,0,0,1,0,1,2,0,0,0,0,0,0,0,0,0,0,29,0,8,9,1,7,2,2,0,1,1,0,0,4,0,0,1,0,0,0,110611,Lisboa,Grande Lisboa
Carnide,70 - 74 anos,M,583,539,44,3,0,0,1,0,0,0,0,1,0,1,0,0,0,0,0,0,35,0,12,8,1,11,3,2,0,0,0,2,0,4,0,0,2,0,0,0,110611,Lisboa,Grande Lisboa
Carnide,75 - 79 anos,H,323,294,29,1,0,0,0,0,0,0,0,1,0,0,0,0,0,0,0,0,27,1,12,6,0,6,0,1,0,0,0,1,0,0,0,0,0,0,0,0,110611,Lisboa,Grande Lisboa
Carnide,75 - 79 anos,M,445,406,39,6,0,1,0,0,2,0,0,1,0,0,0,0,0,1,0,1,27,0,9,10,0,6,2,3,0,0,0,2,0,3,0,1,2,0,0,0,110611,Lisboa,Grande Lisboa
Carnide,80 - 84 anos,H,234,221,13,0,0,0,0,0,0,0,0,0,0,0,0,0,0,0,0,0,12,0,5,5,0,0,2,1,0,1,0,0,0,0,0,0,0,0,0,0,110611,Lisboa,Grande Lisboa
Carnide,80 - 84 anos,M,361,336,25,4,0,1,0,0,2,0,0,0,0,1,0,0,0,0,0,0,16,0,3,9,0,3,1,1,0,0,0,1,0,4,0,0,3,0,0,0,110611,Lisboa,Grande Lisboa
Carnide,85 e mais anos,H,173,163,10,5,1,0,0,0,3,0,0,0,0,0,0,0,0,0,0,0,3,0,0,2,0,1,0,1,0,0,0,1,0,1,0,0,0,0,0,0,110611,Lisboa,Grande Lisboa
Carnide,85 e mais anos,M,453,412,41,6,0,0,0,0,4,0,0,0,0,0,0,0,0,0,0,1,31,0,10,10,0,9,2,3,0,1,0,1,0,1,0,0,1,0,0,0,110611,Lisboa,Grande Lisboa
Estrela,Total,H,9379,7304,2075,737,64,7,37,0,57,231,7,76,7,17,13,10,12,14,24,17,393,18,173,52,25,97,11,571,15,80,12,420,13,362,49,14,79,141,24,12,110660,Lisboa,Grande Lisboa
Estrela,Total,M,10888,8675,2213,745,60,10,27,2,66,228,5,64,3,15,22,17,9,16,19,35,482,13,198,80,22,133,16,749,19,77,20,578,22,226,14,16,26,87,6,11,110660,Lisboa,Grande Lisboa
Estrela,0 - 4 anos,H,519,474,45,30,0,0,6,0,3,12,0,0,1,1,2,0,0,0,0,0,2,1,1,0,0,0,0,10,1,5,0,2,0,3,0,0,0,1,0,0,110660,Lisboa,Grande Lisboa
Estrela,0 - 4 anos,M,472,422,50,26,3,0,4,0,2,3,0,4,0,1,0,0,0,0,1,0,3,0,2,0,1,0,0,17,0,0,4,10,0,4,0,0,1,1,0,0,110660,Lisboa,Grande Lisboa
Estrela,5 - 9 anos,H,488,400,88,39,4,0,3,0,5,11,0,1,0,0,1,0,0,0,2,1,7,0,1,2,1,2,0,33,0,6,2,22,2,8,3,0,1,3,0,1,110660,Lisboa,Grande Lisboa
Estrela,5 - 9 anos,M,489,411,78,40,4,1,0,0,4,16,0,4,0,0,0,0,0,1,1,0,7,1,5,0,1,0,0,22,2,4,0,16,0,7,0,1,0,2,0,2,110660,Lisboa,Grande Lisboa
Estrela,10 - 14 anos,H,511,426,85,44,2,0,4,0,4,23,0,2,0,1,1,0,1,0,0,1,7,0,5,2,0,0,0,21,0,4,1,15,0,13,0,0,1,8,1,0,110660,Lisboa,Grande Lisboa
Estrela,10 - 14 anos,M,534,451,83,39,2,1,4,0,4,13,1,0,1,0,0,0,1,1,1,2,12,1,4,4,1,1,0,22,0,5,1,13,1,10,0,0,1,5,1,0,110660,Lisboa,Grande Lisboa
Estrela,15 - 19 anos,H,520,451,69,31,3,0,1,0,6,11,1,0,0,1,0,0,0,2,1,0,9,0,3,2,3,0,1,20,1,4,1,13,0,9,0,1,0,5,0,0,110660,Lisboa,Grande Lisboa
Estrela,15 - 19 anos,M,527,455,72,39,7,0,2,0,1,17,0,1,0,0,1,2,1,0,1,0,6,0,1,2,2,0,0,18,0,6,0,12,0,7,1,2,0,2,0,2,110660,Lisboa,Grande Lisboa
Estrela,20 - 24 anos,H,525,418,107,28,3,2,3,0,2,4,0,4,1,0,0,1,0,0,2,1,14,0,3,2,4,4,1,26,0,1,0,24,0,39,3,2,16,13,1,0,110660,Lisboa,Grande Lisboa
Estrela,20 - 24 anos,M,535,429,106,25,6,0,0,0,0,5,0,0,1,3,0,2,0,0,0,2,19,0,4,7,2,3,2,47,2,4,1,37,1,15,1,2,1,9,0,0,110660,Lisboa,Grande Lisboa
Estrela,25 - 29 anos,H,661,437,224,59,4,0,2,0,3,11,0,14,1,2,1,1,1,1,3,5,8,0,1,4,2,1,0,87,0,4,0,80,2,66,10,1,16,29,4,4,110660,Lisboa,Grande Lisboa
Estrela,25 - 29 anos,M,715,501,214,78,4,2,1,0,3,19,0,15,1,1,5,1,1,2,4,4,14,0,4,4,3,1,1,87,0,2,1,77,4,34,6,4,0,17,0,1,110660,Lisboa,Grande Lisboa
Estrela,30 - 34 anos,H,725,454,271,92,9,2,4,0,1,23,1,12,1,2,1,3,5,2,8,2,17,3,6,2,1,0,2,94,7,9,0,69,2,66,17,2,9,28,6,2,110660,Lisboa,Grande Lisboa
Estrela,30 - 34 anos,M,757,463,294,108,8,2,5,1,11,26,1,11,0,4,6,2,1,5,3,4,20,2,8,5,1,2,1,120,3,11,3,90,4,44,2,2,2,21,2,2,110660,Lisboa,Grande Lisboa
Estrela,35 - 39 anos,H,703,459,244,85,12,0,4,0,7,19,1,8,0,2,4,0,1,3,1,0,18,2,3,3,3,2,0,72,1,8,3,50,2,67,6,1,14,26,8,2,110660,Lisboa,Grande Lisboa
Estrela,35 - 39 anos,M,740,474,266,85,4,0,1,0,7,21,0,13,0,0,4,5,1,3,2,6,28,2,9,4,4,3,4,115,5,15,6,83,3,37,1,1,4,20,0,1,110660,Lisboa,Grande Lisboa
Estrela,40 - 44 anos,H,762,561,201,73,6,2,0,0,2,31,1,10,0,0,2,2,1,0,1,1,27,9,8,3,2,2,1,65,0,10,1,50,2,36,4,1,7,18,2,0,110660,Lisboa,Grande Lisboa
Estrela,40 - 44 anos,M,782,567,215,86,5,3,2,0,11,22,0,4,0,3,3,2,3,2,1,4,26,0,8,9,3,5,0,88,3,9,1,68,3,14,1,1,2,4,1,1,110660,Lisboa,Grande Lisboa
Estrela,45 - 49 anos,H,705,539,166,71,3,0,2,0,4,27,1,9,2,2,1,1,0,3,0,2,42,1,23,2,2,12,1,36,1,5,2,24,3,16,4,2,1,7,0,1,110660,Lisboa,Grande Lisboa
Estrela,45 - 49 anos,M,824,608,216,69,3,0,0,0,3,33,1,4,0,1,3,1,0,0,0,4,70,4,21,8,1,28,3,66,3,5,1,53,1,11,1,0,1,1,0,0,110660,Lisboa,Grande Lisboa
Estrela,50 - 54 anos,H,634,457,177,69,7,0,3,0,4,29,0,3,1,4,0,1,0,3,0,1,64,0,35,5,1,22,1,35,0,4,1,28,0,9,1,2,1,1,0,0,110660,Lisboa,Grande Lisboa
Estrela,50 - 54 anos,M,706,527,179,61,3,1,2,0,5,26,0,4,0,1,0,2,0,1,3,2,54,1,26,6,1,19,0,54,0,4,0,49,1,9,0,2,1,1,0,1,110660,Lisboa,Grande Lisboa
Estrela,55 - 59 anos,H,566,427,139,42,4,1,0,0,6,14,0,2,0,0,0,0,1,0,4,1,53,2,23,5,3,18,2,34,2,9,1,20,0,8,0,2,1,0,0,2,110660,Lisboa,Grande Lisboa
Estrela,55 - 59 anos,M,610,478,132,32,5,0,2,1,5,6,1,2,0,0,0,0,1,0,1,5,51,0,27,8,1,12,3,37,1,3,2,30,1,12,0,1,2,1,0,0,110660,Lisboa,Grande Lisboa
Estrela,60 - 64 anos,H,492,399,93,23,3,0,4,0,3,1,1,1,0,0,0,1,1,0,0,2,43,0,23,5,0,13,0,20,0,5,0,14,0,7,0,0,1,1,2,0,110660,Lisboa,Grande Lisboa
Estrela,60 - 64 anos,M,574,489,85,12,1,0,3,0,2,4,0,0,0,0,0,0,0,0,0,0,45,0,23,6,0,15,0,26,0,5,0,18,1,2,0,0,0,1,0,0,110660,Lisboa,Grande Lisboa
Estrela,65 - 69 anos,H,409,361,48,12,1,0,0,0,4,2,0,3,0,0,0,0,0,0,0,0,24,0,7,6,0,8,2,7,1,2,0,4,0,5,1,0,3,0,0,0,110660,Lisboa,Grande Lisboa
Estrela,65 - 69 anos,M,562,483,79,12,2,0,0,0,1,2,1,1,0,0,0,0,0,1,1,2,44,1,19,5,1,16,0,15,0,3,0,10,2,8,0,0,5,1,1,0,110660,Lisboa,Grande Lisboa
Estrela,70 - 74 anos,H,412,352,60,23,2,0,1,0,1,8,0,4,0,2,0,0,0,0,2,0,28,0,13,6,2,6,0,5,0,2,0,3,0,4,0,0,3,0,0,0,110660,Lisboa,Grande Lisboa
Estrela,70 - 74 anos,M,574,521,53,9,0,0,0,0,1,4,0,1,0,0,0,0,0,0,0,0,32,1,15,5,0,9,0,5,0,0,0,4,0,7,1,0,2,1,1,0,110660,Lisboa,Grande Lisboa
Estrela,75 - 79 anos,H,309,279,30,9,0,0,0,0,0,3,1,1,0,0,0,0,1,0,0,0,15,0,7,2,1,4,0,2,1,1,0,0,0,4,0,0,3,1,0,0,110660,Lisboa,Grande Lisboa
Estrela,75 - 79 anos,M,505,462,43,16,2,0,1,0,2,8,0,0,0,1,0,0,0,0,0,0,23,0,10,3,0,8,2,4,0,1,0,3,0,0,0,0,0,0,0,0,110660,Lisboa,Grande Lisboa
Estrela,80 - 84 anos,H,217,200,17,5,1,0,0,0,2,1,0,1,0,0,0,0,0,0,0,0,9,0,6,1,0,2,0,3,0,1,0,1,0,0,0,0,0,0,0,0,110660,Lisboa,Grande Lisboa
Estrela,80 - 84 anos,M,405,382,23,5,1,0,0,0,4,0,0,0,0,0,0,0,0,0,0,0,11,0,3,1,0,6,0,4,0,0,0,4,0,3,0,0,2,0,0,0,110660,Lisboa,Grande Lisboa
Estrela,85 e mais anos,H,221,210,11,2,0,0,0,0,0,1,0,1,0,0,0,0,0,0,0,0,6,0,5,0,0,1,0,1,0,0,0,1,0,2,0,0,2,0,0,0,110660,Lisboa,Grande Lisboa
Estrela,85 e mais anos,M,577,552,25,3,0,0,0,0,0,3,0,0,0,0,0,0,0,0,0,0,17,0,9,3,0,5,0,2,0,0,0,1,0,2,0,0,2,0,0,1,110660,Lisboa,Grande Lisboa
Lumiar,Total,H,21521,18933,2588,477,47,2,19,3,77,88,2,41,6,13,3,15,2,11,22,33,1240,20,631,139,49,321,34,631,8,39,3,526,22,234,8,84,52,30,7,6,110618,Lisboa,Grande Lisboa
Lumiar,Total,M,24813,21367,3446,625,59,7,27,10,79,136,2,25,7,12,12,20,1,26,26,64,1697,30,853,202,61,420,67,855,15,39,7,708,35,264,5,101,53,22,8,5,110618,Lisboa,Grande Lisboa
Lumiar,0 - 4 anos,H,1137,1093,44,20,3,0,1,0,4,2,0,1,0,0,1,0,0,1,0,0,6,0,4,1,0,0,1,15,0,1,0,12,0,3,0,0,1,1,0,0,110618,Lisboa,Grande Lisboa
Lumiar,0 - 4 anos,M,1033,984,49,19,2,1,3,0,0,3,0,0,0,0,0,0,0,0,1,0,8,0,6,2,0,0,0,18,0,2,0,14,1,4,0,0,0,1,0,0,110618,Lisboa,Grande Lisboa
Lumiar,5 - 9 anos,H,1145,1060,85,23,1,0,4,1,4,1,1,1,0,3,0,1,0,1,1,0,13,0,8,1,1,1,1,42,0,6,0,32,0,7,0,5,0,0,0,0,110618,Lisboa,Grande Lisboa
Lumiar,5 - 9 anos,M,1030,967,63,16,0,1,1,0,2,6,0,0,0,2,0,0,0,0,2,0,23,2,13,2,2,1,2,20,0,1,0,18,0,4,0,2,1,0,0,0,110618,Lisboa,Grande Lisboa
Lumiar,10 - 14 anos,H,1253,1157,96,26,1,0,4,0,8,4,0,2,0,1,0,1,0,0,0,1,29,0,20,2,4,0,2,36,1,5,0,29,0,5,0,2,1,1,0,0,110618,Lisboa,Grande Lisboa
Lumiar,10 - 14 anos,M,1192,1124,68,23,3,0,4,1,6,0,0,1,0,1,0,0,0,1,0,1,25,1,17,0,3,1,1,14,0,1,0,12,0,6,0,3,0,0,0,0,110618,Lisboa,Grande Lisboa
Lumiar,15 - 19 anos,H,1230,1133,97,17,1,0,1,0,3,3,0,0,0,0,0,0,0,0,2,0,39,1,27,5,3,0,3,30,0,1,0,28,0,11,0,4,0,1,0,0,110618,Lisboa,Grande Lisboa
Lumiar,15 - 19 anos,M,1218,1141,77,25,3,0,0,1,5,3,0,0,0,1,0,1,0,0,1,4,29,0,19,5,3,0,2,19,0,0,0,17,0,4,0,3,0,1,0,0,110618,Lisboa,Grande Lisboa
Lumiar,20 - 24 anos,H,1364,1237,127,23,0,0,2,0,5,5,0,2,0,2,0,0,0,1,2,0,52,1,31,7,2,6,1,41,0,2,0,37,1,11,1,4,1,1,1,0,110618,Lisboa,Grande Lisboa
Lumiar,20 - 24 anos,M,1342,1181,161,30,3,0,0,0,5,5,0,3,0,1,1,0,0,2,1,4,61,1,35,12,4,3,4,50,1,3,0,43,1,19,1,9,2,0,2,1,110618,Lisboa,Grande Lisboa
Lumiar,25 - 29 anos,H,1424,1226,198,56,3,0,0,0,5,12,0,9,1,0,0,1,0,2,6,5,42,0,24,8,5,2,1,62,1,8,0,50,2,38,2,9,10,9,1,0,110618,Lisboa,Grande Lisboa
Lumiar,25 - 29 anos,M,1486,1253,233,58,2,0,5,0,3,9,0,5,1,1,1,2,0,3,7,6,59,1,28,13,4,3,2,81,2,3,1,70,3,35,3,12,0,6,2,0,110618,Lisboa,Grande Lisboa
Lumiar,30 - 34 anos,H,1347,1163,184,34,4,0,1,0,2,3,0,7,2,0,0,1,1,1,4,3,39,2,18,4,4,4,2,80,1,3,1,67,4,31,0,6,3,9,3,0,110618,Lisboa,Grande Lisboa
Lumiar,30 - 34 anos,M,1390,1136,254,63,3,1,1,1,8,8,1,3,2,1,1,3,0,3,4,6,57,4,32,9,4,5,3,101,1,4,2,83,3,32,0,11,1,10,0,1,110618,Lisboa,Grande Lisboa
Lumiar,35 - 39 anos,H,1411,1209,202,42,5,0,3,0,2,8,0,1,0,0,0,3,1,1,6,1,41,4,20,6,2,3,2,87,0,3,0,78,5,29,2,12,2,5,1,3,110618,Lisboa,Grande Lisboa
Lumiar,35 - 39 anos,M,1540,1264,276,63,7,0,1,1,5,13,0,2,1,4,2,4,0,4,5,6,66,4,31,11,5,5,5,120,2,6,2,94,6,26,0,13,2,2,0,1,110618,Lisboa,Grande Lisboa
Lumiar,40 - 44 anos,H,1608,1399,209,56,13,0,1,1,12,10,0,5,1,0,0,2,0,1,0,3,68,4,29,8,4,13,6,67,2,1,1,58,1,16,2,8,2,2,0,2,110618,Lisboa,Grande Lisboa
Lumiar,40 - 44 anos,M,1809,1498,311,75,12,0,0,0,8,28,0,1,2,0,2,5,0,0,0,8,91,4,45,11,4,14,6,126,1,3,1,108,6,19,1,10,3,1,0,0,110618,Lisboa,Grande Lisboa
Lumiar,45 - 49 anos,H,1640,1339,301,54,3,0,0,0,6,22,0,6,0,1,0,1,0,0,0,6,181,2,109,6,2,56,1,50,0,1,0,43,2,16,1,12,0,1,0,0,110618,Lisboa,Grande Lisboa
Lumiar,45 - 49 anos,M,1942,1527,415,91,10,2,2,2,7,35,0,3,1,0,2,1,0,4,2,9,214,2,127,10,5,63,3,84,3,1,1,70,6,26,0,20,1,1,1,0,110618,Lisboa,Grande Lisboa
Lumiar,50 - 54 anos,H,1403,1165,238,41,4,0,0,0,8,10,0,1,1,0,0,2,0,1,1,9,147,3,84,8,3,43,2,35,1,0,0,29,1,15,0,11,2,0,0,0,110618,Lisboa,Grande Lisboa
Lumiar,50 - 54 anos,M,1787,1425,362,50,6,1,1,1,7,13,0,1,0,0,1,0,0,5,1,7,220,6,120,7,4,71,5,80,3,4,0,66,3,11,0,5,1,0,0,1,110618,Lisboa,Grande Lisboa
Lumiar,55 - 59 anos,H,1378,1137,241,28,2,1,0,1,5,3,1,1,0,1,1,1,0,2,0,1,164,1,87,17,3,49,4,36,1,2,1,26,4,12,0,4,5,0,0,1,110618,Lisboa,Grande Lisboa
Lumiar,55 - 59 anos,M,1693,1416,277,37,2,1,1,1,4,6,0,2,0,0,0,4,0,1,0,4,172,1,94,14,2,51,6,49,1,3,0,40,4,18,0,4,7,0,1,1,110618,Lisboa,Grande Lisboa
Lumiar,60 - 64 anos,H,1186,1000,186,22,1,0,2,0,4,0,0,1,0,3,1,1,0,0,0,3,127,1,64,15,5,36,3,26,0,2,0,21,1,11,0,3,4,0,1,0,110618,Lisboa,Grande Lisboa
Lumiar,60 - 64 anos,M,1657,1386,271,21,2,0,1,1,3,0,0,0,0,0,2,0,0,2,0,6,203,2,96,18,5,64,9,34,1,3,0,28,1,13,0,3,5,0,1,0,110618,Lisboa,Grande Lisboa
Lumiar,65 - 69 anos,H,1141,992,149,12,3,0,0,0,3,1,0,0,1,1,0,1,0,0,0,1,116,1,51,23,2,35,1,10,1,0,0,7,1,11,0,3,5,0,0,0,110618,Lisboa,Grande Lisboa
Lumiar,65 - 69 anos,M,1591,1351,240,11,1,0,1,0,2,2,0,0,0,1,0,0,0,0,1,1,181,1,79,30,3,56,5,30,0,1,0,24,1,18,0,6,10,0,0,0,110618,Lisboa,Grande Lisboa
Lumiar,70 - 74 anos,H,1087,980,107,13,2,0,0,0,4,2,0,2,0,0,0,0,0,0,0,0,76,0,29,5,4,33,2,9,0,4,0,5,0,9,0,0,9,0,0,0,110618,Lisboa,Grande Lisboa
Lumiar,70 - 74 anos,M,1389,1246,143,11,1,0,2,0,4,1,0,0,0,0,0,0,0,0,0,1,105,0,43,23,6,27,4,15,0,2,0,13,0,12,0,0,5,0,1,0,110618,Lisboa,Grande Lisboa
Lumiar,75 - 79 anos,H,774,723,51,2,0,1,0,0,0,1,0,0,0,0,0,0,0,0,0,0,42,0,8,12,3,18,0,4,0,0,0,3,0,3,0,1,1,0,0,0,110618,Lisboa,Grande Lisboa
Lumiar,75 - 79 anos,M,1056,968,88,11,2,0,2,0,3,0,1,0,0,0,0,0,0,0,1,0,66,1,25,14,2,21,1,5,0,0,0,3,0,6,0,0,6,0,0,0,110618,Lisboa,Grande Lisboa
Lumiar,80 - 84 anos,H,540,498,42,4,1,0,0,0,1,1,0,1,0,0,0,0,0,0,0,0,35,0,11,7,0,15,2,1,0,0,0,1,0,2,0,0,2,0,0,0,110618,Lisboa,Grande Lisboa
Lumiar,80 - 84 anos,M,761,686,75,11,0,0,1,0,3,4,0,1,0,0,0,0,0,1,0,1,56,0,18,9,5,18,3,2,0,0,0,1,0,6,0,0,6,0,0,0,110618,Lisboa,Grande Lisboa
Lumiar,85 e mais anos,H,453,422,31,4,0,0,0,0,1,0,0,1,0,1,0,0,0,0,0,0,23,0,7,4,2,7,0,0,0,0,0,0,0,4,0,0,4,0,0,0,110618,Lisboa,Grande Lisboa
Lumiar,85 e mais anos,M,897,814,83,10,0,0,1,1,4,0,0,3,0,0,0,0,1,0,0,0,61,0,25,12,0,17,6,7,0,2,0,4,0,5,0,0,3,0,0,0,110618,Lisboa,Grande Lisboa
Marvila,Total,H,16598,14812,1786,224,15,1,7,0,23,45,5,12,1,7,0,25,1,9,11,10,885,7,321,202,112,174,36,339,4,13,3,305,7,337,11,145,93,45,9,1,110621,Lisboa,Grande Lisboa
Marvila,Total,M,18881,16606,2275,243,13,0,3,4,31,43,0,14,2,3,4,29,0,14,11,23,1250,6,516,269,120,247,64,449,4,15,3,402,16,332,9,164,89,26,7,1,110621,Lisboa,Grande Lisboa
Marvila,0 - 4 anos,H,747,730,17,6,0,0,0,0,1,0,0,0,0,0,0,0,0,0,2,0,3,0,1,1,0,1,0,6,0,0,0,6,0,2,0,2,0,0,0,0,110621,Lisboa,Grande Lisboa
Marvila,0 - 4 anos,M,720,700,20,7,0,0,0,0,1,0,0,0,0,0,0,1,0,1,0,0,6,0,5,1,0,0,0,2,0,0,0,2,0,5,1,0,1,0,0,0,110621,Lisboa,Grande Lisboa
Marvila,5 - 9 anos,H,800,756,44,14,1,0,1,0,3,0,0,1,1,0,0,1,0,0,0,0,12,0,8,1,1,1,1,11,0,0,0,11,0,7,0,3,0,1,0,0,110621,Lisboa,Grande Lisboa
Marvila,5 - 9 anos,M,716,678,38,6,1,0,0,0,1,1,0,0,0,0,0,0,0,1,1,0,14,0,7,2,2,0,1,12,0,1,0,10,1,6,1,1,0,2,2,0,110621,Lisboa,Grande Lisboa
Marvila,10 - 14 anos,H,876,827,49,8,0,0,0,0,1,0,0,0,0,0,0,1,0,0,1,0,18,0,9,3,4,0,0,17,0,2,0,15,0,5,0,1,1,1,1,1,110621,Lisboa,Grande Lisboa
Marvila,10 - 14 anos,M,839,796,43,8,0,0,0,0,1,2,0,1,1,0,0,0,0,0,1,2,17,0,7,3,5,1,1,12,0,0,0,11,1,6,0,3,0,1,2,0,110621,Lisboa,Grande Lisboa
Marvila,15 - 19 anos,H,923,868,55,5,0,0,0,0,1,0,0,1,0,0,0,1,0,0,0,0,24,0,4,4,8,1,6,12,0,4,0,8,0,14,0,5,2,2,0,0,110621,Lisboa,Grande Lisboa
Marvila,15 - 19 anos,M,884,817,67,14,0,0,0,0,1,2,0,0,1,1,0,1,0,1,0,0,22,0,4,5,9,3,0,19,0,1,0,16,0,12,0,7,0,0,0,0,110621,Lisboa,Grande Lisboa
Marvila,20 - 24 anos,H,972,867,105,15,0,0,1,0,1,2,0,1,0,2,0,0,0,0,2,0,44,0,11,14,11,3,1,30,1,1,0,27,0,16,0,7,1,3,0,0,110621,Lisboa,Grande Lisboa
Marvila,20 - 24 anos,M,972,866,106,16,0,0,1,0,1,4,0,1,0,0,0,1,0,0,1,1,35,1,10,12,5,2,4,36,0,1,0,31,4,19,0,14,0,3,0,0,110621,Lisboa,Grande Lisboa
Marvila,25 - 29 anos,H,1057,879,178,23,0,1,0,0,3,5,0,2,0,3,0,1,0,1,1,3,44,0,10,18,5,2,6,67,0,1,0,64,1,44,2,18,5,17,2,0,110621,Lisboa,Grande Lisboa
Marvila,25 - 29 anos,M,1013,855,158,31,2,0,0,0,6,3,0,2,0,0,0,1,0,1,4,4,33,0,8,9,7,2,5,51,1,2,0,45,2,43,3,22,6,10,0,0,110621,Lisboa,Grande Lisboa
Marvila,30 - 34 anos,H,1005,854,151,36,2,0,0,0,2,9,1,2,0,0,0,4,0,2,2,3,32,0,6,10,11,2,1,50,1,0,1,46,0,33,3,18,2,9,0,0,110621,Lisboa,Grande Lisboa
Marvila,30 - 34 anos,M,1045,903,142,29,2,0,0,1,1,2,0,3,0,2,1,5,0,1,2,4,42,2,15,9,7,4,3,45,0,2,0,42,1,26,2,16,2,2,0,0,110621,Lisboa,Grande Lisboa
Marvila,35 - 39 anos,H,1093,962,131,21,3,0,2,0,0,7,0,2,0,0,0,2,0,1,2,0,34,2,9,5,8,5,3,41,1,1,0,36,2,35,2,15,7,4,0,0,110621,Lisboa,Grande Lisboa
Marvila,35 - 39 anos,M,1129,950,179,37,1,0,0,0,4,7,0,5,0,0,2,6,0,2,1,2,44,0,11,13,8,5,3,66,0,2,0,60,3,32,2,14,6,3,1,0,110621,Lisboa,Grande Lisboa
Marvila,40 - 44 anos,H,1147,995,152,27,1,0,0,0,2,9,3,0,0,0,0,3,1,2,0,1,61,2,20,8,5,17,5,33,1,0,0,31,1,31,2,12,4,5,3,0,110621,Lisboa,Grande Lisboa
Marvila,40 - 44 anos,M,1192,995,197,18,4,0,0,2,2,2,0,0,0,0,0,5,0,0,0,1,86,0,34,13,12,16,8,59,0,2,1,54,1,34,0,17,7,3,1,0,110621,Lisboa,Grande Lisboa
Marvila,45 - 49 anos,H,1141,956,185,23,3,0,1,0,2,5,0,0,0,1,0,6,0,1,0,1,112,1,56,13,9,27,3,18,0,0,0,18,0,32,2,20,6,1,1,0,110621,Lisboa,Grande Lisboa
Marvila,45 - 49 anos,M,1174,941,233,25,1,0,0,0,5,11,0,1,0,0,0,2,0,2,0,2,127,2,62,10,7,38,6,49,1,1,1,45,0,31,0,23,3,2,1,1,110621,Lisboa,Grande Lisboa
Marvila,50 - 54 anos,H,1087,900,187,15,2,0,0,0,1,6,1,0,0,0,0,1,0,0,0,0,119,2,56,6,13,38,1,19,0,2,0,15,1,34,0,22,7,2,0,0,110621,Lisboa,Grande Lisboa
Marvila,50 - 54 anos,M,1306,1090,216,15,0,0,0,0,1,3,0,0,0,0,0,3,0,2,1,1,140,1,59,31,8,35,6,33,0,2,0,30,0,28,0,18,8,0,0,0,110621,Lisboa,Grande Lisboa
Marvila,55 - 59 anos,H,1163,1002,161,12,3,0,0,0,1,0,0,0,0,0,0,5,0,0,1,1,103,0,39,19,11,27,3,22,0,0,0,19,2,24,0,12,10,0,2,0,110621,Lisboa,Grande Lisboa
Marvila,55 - 59 anos,M,1360,1145,215,10,1,0,0,0,0,1,0,1,0,0,1,2,0,1,0,0,151,0,70,24,18,32,4,21,1,0,0,18,2,33,0,20,13,0,0,0,110621,Lisboa,Grande Lisboa
Marvila,60 - 64 anos,H,1101,983,118,6,0,0,2,0,0,0,0,0,0,0,0,0,0,2,0,1,88,0,30,32,11,10,4,5,0,0,1,4,0,19,0,4,14,0,0,0,110621,Lisboa,Grande Lisboa
Marvila,60 - 64 anos,M,1476,1285,191,8,0,0,0,0,1,0,0,0,0,0,0,1,0,1,0,4,155,0,63,40,11,28,8,17,1,0,0,13,1,11,0,3,7,0,0,0,110621,Lisboa,Grande Lisboa
Marvila,65 - 69 anos,H,1126,1030,96,5,0,0,0,0,2,1,0,1,0,0,0,0,0,0,0,0,72,0,27,26,6,10,0,3,0,1,0,2,0,16,0,3,12,0,0,0,110621,Lisboa,Grande Lisboa
Marvila,65 - 69 anos,M,1407,1227,180,6,0,0,1,1,0,2,0,0,0,0,0,1,0,0,0,1,147,0,56,46,7,32,6,13,0,0,1,12,0,14,0,2,12,0,0,0,110621,Lisboa,Grande Lisboa
Marvila,70 - 74 anos,H,940,867,73,3,0,0,0,0,2,0,0,0,0,0,0,0,0,0,0,0,56,0,16,16,7,14,2,3,0,1,0,2,0,11,0,1,10,0,0,0,110621,Lisboa,Grande Lisboa
Marvila,70 - 74 anos,M,1130,1036,94,3,0,0,1,0,1,0,0,0,0,0,0,0,0,0,0,1,71,0,30,15,4,15,5,8,0,1,0,7,0,12,0,3,8,0,0,0,110621,Lisboa,Grande Lisboa
Marvila,75 - 79 anos,H,653,620,33,1,0,0,0,0,0,0,0,1,0,0,0,0,0,0,0,0,25,0,7,13,2,3,0,0,0,0,0,0,0,7,0,0,7,0,0,0,110621,Lisboa,Grande Lisboa
Marvila,75 - 79 anos,M,970,912,58,3,1,0,0,0,1,1,0,0,0,0,0,0,0,0,0,0,46,0,18,7,6,13,1,3,0,0,0,3,0,6,0,0,4,0,0,0,110621,Lisboa,Grande Lisboa
Marvila,80 - 84 anos,H,442,416,26,3,0,0,0,0,1,1,0,1,0,0,0,0,0,0,0,0,20,0,6,8,0,6,0,0,0,0,0,0,0,3,0,1,2,0,0,0,110621,Lisboa,Grande Lisboa
Marvila,80 - 84 anos,M,797,726,71,4,0,0,0,0,3,0,0,0,0,0,0,0,0,1,0,0,59,0,30,13,2,13,1,1,0,0,0,1,0,7,0,1,6,0,0,0,110621,Lisboa,Grande Lisboa
Marvila,85 e mais anos,H,325,300,25,1,0,0,0,0,0,0,0,0,0,1,0,0,0,0,0,0,18,0,6,5,0,7,0,2,0,0,1,1,0,4,0,1,3,0,0,0,110621,Lisboa,Grande Lisboa
Marvila,85 e mais anos,M,751,684,67,3,0,0,0,0,1,2,0,0,0,0,0,0,0,0,0,0,55,0,27,16,2,8,2,2,0,0,0,2,0,7,0,0,6,0,0,0,110621,Lisboa,Grande Lisboa
Misericórdia,Total,H,4809,3405,1404,387,21,0,17,3,41,121,6,46,2,9,5,7,4,12,7,10,286,10,97,65,26,57,10,428,6,45,5,334,6,294,123,8,65,51,22,9,110661,Lisboa,Grande Lisboa
Misericórdia,Total,M,4849,3681,1168,355,17,1,5,2,50,116,7,38,1,10,9,8,2,14,8,9,278,10,97,71,12,58,16,423,8,19,7,344,7,105,20,10,17,31,4,7,110661,Lisboa,Grande Lisboa
Misericórdia,0 - 4 anos,H,163,155,8,3,0,0,0,0,0,2,0,0,0,0,0,0,0,1,0,0,2,1,0,0,0,0,0,1,0,0,0,1,0,2,1,0,0,0,1,0,110661,Lisboa,Grande Lisboa
Misericórdia,0 - 4 anos,M,150,137,13,4,0,0,0,0,0,2,0,0,0,0,0,0,0,0,0,0,1,0,0,0,0,1,0,6,0,0,0,5,0,2,0,0,0,0,0,0,110661,Lisboa,Grande Lisboa
Misericórdia,5 - 9 anos,H,169,142,27,6,0,0,0,0,2,1,0,0,0,0,0,0,0,0,1,0,2,0,1,0,0,0,0,13,0,2,1,9,0,5,2,1,0,2,0,1,110661,Lisboa,Grande Lisboa
Misericórdia,5 - 9 anos,M,126,110,16,9,0,0,1,0,0,4,0,1,0,0,0,0,0,1,1,0,1,0,0,1,0,0,0,5,0,1,0,3,0,1,0,0,0,1,0,0,110661,Lisboa,Grande Lisboa
Misericórdia,10 - 14 anos,H,184,160,24,7,0,0,1,0,0,5,0,0,0,0,0,0,0,0,0,0,1,0,0,0,0,0,1,8,0,1,0,7,0,8,2,0,2,1,0,0,110661,Lisboa,Grande Lisboa
Misericórdia,10 - 14 anos,M,161,143,18,7,1,0,0,0,1,3,0,0,0,0,0,0,0,0,1,1,1,0,0,1,0,0,0,3,0,0,0,3,0,7,2,0,2,2,0,0,110661,Lisboa,Grande Lisboa
Misericórdia,15 - 19 anos,H,175,149,26,9,1,0,1,0,0,3,0,2,0,0,0,0,0,0,0,0,7,0,3,3,1,0,0,7,0,2,0,5,0,3,0,0,0,2,0,0,110661,Lisboa,Grande Lisboa
Misericórdia,15 - 19 anos,M,178,151,27,4,0,0,0,0,0,4,0,0,0,0,0,0,0,0,0,0,4,1,0,2,0,0,0,11,0,0,1,9,0,8,1,1,3,2,0,0,110661,Lisboa,Grande Lisboa
Misericórdia,20 - 24 anos,H,260,172,88,19,0,0,0,2,1,8,0,1,0,2,0,0,0,1,1,0,16,0,7,4,4,1,0,29,0,2,0,24,0,24,12,0,4,6,1,0,110661,Lisboa,Grande Lisboa
Misericórdia,20 - 24 anos,M,251,173,78,25,3,0,0,0,1,9,0,1,1,1,0,0,0,0,0,1,15,1,6,4,1,1,1,26,0,0,1,24,0,12,5,1,0,6,0,0,110661,Lisboa,Grande Lisboa
Misericórdia,25 - 29 anos,H,405,234,171,32,3,0,1,0,3,5,0,8,0,1,1,0,0,0,1,1,8,0,4,3,1,0,0,66,0,1,1,56,1,65,28,2,15,12,4,0,110661,Lisboa,Grande Lisboa
Misericórdia,25 - 29 anos,M,310,191,119,53,2,0,0,0,7,16,1,6,0,2,2,1,0,3,0,2,9,2,0,4,0,0,1,42,0,1,1,38,1,14,6,0,0,4,1,1,110661,Lisboa,Grande Lisboa
Misericórdia,30 - 34 anos,H,437,218,219,59,2,0,2,0,6,15,2,10,2,0,0,1,1,1,1,3,19,1,5,9,1,0,0,75,1,5,2,62,0,65,28,2,16,8,8,1,110661,Lisboa,Grande Lisboa
Misericórdia,30 - 34 anos,M,352,184,168,45,2,0,0,0,7,8,2,5,0,3,3,3,1,1,1,0,16,2,5,6,0,0,2,84,1,2,1,72,0,23,4,2,3,9,1,0,110661,Lisboa,Grande Lisboa
Misericórdia,35 - 39 anos,H,400,219,181,42,4,0,1,0,3,8,2,6,0,2,1,1,0,4,1,0,17,5,3,3,3,1,0,71,0,5,1,57,1,48,23,1,7,11,3,3,110661,Lisboa,Grande Lisboa
Misericórdia,35 - 39 anos,M,340,208,132,37,1,0,0,0,5,11,2,6,0,0,3,0,1,4,0,0,10,0,2,4,1,2,1,74,1,2,1,59,2,9,1,0,1,4,1,2,110661,Lisboa,Grande Lisboa
Misericórdia,40 - 44 anos,H,410,272,138,36,0,0,4,0,6,12,1,2,0,1,0,2,0,3,0,0,16,0,3,6,2,2,0,46,2,3,0,35,1,37,20,0,7,5,2,3,110661,Lisboa,Grande Lisboa
Misericórdia,40 - 44 anos,M,347,238,109,33,1,0,1,0,5,13,1,1,0,0,0,0,0,2,1,1,18,1,5,3,2,5,0,46,3,1,1,38,0,11,1,3,5,1,0,1,110661,Lisboa,Grande Lisboa
Misericórdia,45 - 49 anos,H,409,260,149,47,4,0,4,0,3,15,0,4,0,1,1,0,0,1,1,3,34,2,15,2,2,12,0,50,1,6,0,42,0,17,6,1,7,0,1,1,110661,Lisboa,Grande Lisboa
Misericórdia,45 - 49 anos,M,330,221,109,40,3,1,0,1,3,17,0,2,0,1,0,2,0,0,2,2,33,1,8,6,2,14,1,29,2,2,0,22,0,5,0,2,2,0,1,2,110661,Lisboa,Grande Lisboa
Misericórdia,50 - 54 anos,H,341,227,114,38,4,0,0,1,5,14,1,2,0,1,0,1,1,0,0,2,48,0,23,3,6,12,2,18,0,6,0,10,1,10,1,0,3,3,2,0,110661,Lisboa,Grande Lisboa
Misericórdia,50 - 54 anos,M,316,233,83,28,3,0,2,0,3,8,0,3,0,0,0,2,0,1,1,1,32,1,11,7,1,10,0,17,0,0,0,15,0,6,0,1,0,2,0,0,110661,Lisboa,Grande Lisboa
Misericórdia,55 - 59 anos,H,294,224,70,22,0,0,2,0,3,9,0,2,0,0,0,1,0,0,0,1,28,0,12,3,2,9,1,16,0,4,0,9,1,4,0,1,1,1,0,0,110661,Lisboa,Grande Lisboa
Misericórdia,55 - 59 anos,M,317,221,96,17,0,0,0,0,6,5,0,2,0,1,0,0,0,0,0,0,38,1,19,5,2,8,2,37,1,2,0,31,0,4,0,0,1,0,0,0,110661,Lisboa,Grande Lisboa
Misericórdia,60 - 64 anos,H,288,226,62,20,0,0,1,0,2,7,0,1,0,0,0,1,2,1,1,0,27,1,7,5,2,7,2,14,0,3,0,10,1,1,0,0,0,0,0,0,110661,Lisboa,Grande Lisboa
Misericórdia,60 - 64 anos,M,312,241,71,22,1,0,0,1,5,6,1,6,0,0,0,0,0,0,1,0,26,0,11,7,0,4,3,22,0,2,1,15,2,1,0,0,0,0,0,0,110661,Lisboa,Grande Lisboa
Misericórdia,65 - 69 anos,H,250,192,58,23,2,0,0,0,2,7,0,6,0,1,1,0,0,0,0,0,27,0,5,9,1,6,2,7,1,3,0,3,0,1,0,0,1,0,0,0,110661,Lisboa,Grande Lisboa
Misericórdia,65 - 69 anos,M,285,230,55,14,0,0,1,0,2,5,0,3,0,0,0,0,0,2,0,1,27,0,7,12,0,5,2,11,0,4,0,5,0,2,0,0,0,0,0,1,110661,Lisboa,Grande Lisboa
Misericórdia,70 - 74 anos,H,209,177,32,14,0,0,0,0,2,8,0,1,0,0,0,0,0,0,0,0,12,0,2,7,0,2,1,5,1,1,0,3,0,1,0,0,0,0,0,0,110661,Lisboa,Grande Lisboa
Misericórdia,70 - 74 anos,M,293,261,32,7,0,0,0,0,0,2,0,2,0,2,0,0,0,0,0,0,20,0,10,3,3,4,0,5,0,2,0,3,0,0,0,0,0,0,0,0,110661,Lisboa,Grande Lisboa
Misericórdia,75 - 79 anos,H,189,170,19,5,0,0,0,0,0,1,0,1,0,0,1,0,0,0,0,0,11,0,3,3,1,3,1,1,0,1,0,0,0,2,0,0,1,0,0,0,110661,Lisboa,Grande Lisboa
Misericórdia,75 - 79 anos,M,275,258,17,3,0,0,0,0,1,1,0,0,0,0,0,0,0,0,0,0,11,0,6,1,0,1,2,3,0,0,0,1,1,0,0,0,0,0,0,0,110661,Lisboa,Grande Lisboa
Misericórdia,80 - 84 anos,H,114,102,12,2,1,0,0,0,1,0,0,0,0,0,0,0,0,0,0,0,8,0,3,3,0,2,0,1,0,0,0,1,0,1,0,0,1,0,0,0,110661,Lisboa,Grande Lisboa
Misericórdia,80 - 84 anos,M,231,215,16,5,0,0,0,0,3,1,0,0,0,0,1,0,0,0,0,0,10,0,4,5,0,0,1,1,0,0,0,0,1,0,0,0,0,0,0,0,110661,Lisboa,Grande Lisboa
Misericórdia,85 e mais anos,H,112,106,6,3,0,0,0,0,2,1,0,0,0,0,0,0,0,0,0,0,3,0,1,2,0,0,0,0,0,0,0,0,0,0,0,0,0,0,0,0,110661,Lisboa,Grande Lisboa
Misericórdia,85 e mais anos,M,275,266,9,2,0,0,0,0,1,1,0,0,0,0,0,0,0,0,0,0,6,0,3,0,0,3,0,1,0,0,0,1,0,0,0,0,0,0,0,0,110661,Lisboa,Grande Lisboa
Olivais,Total,H,14917,13319,1598,308,32,0,10,8,40,79,2,25,0,11,3,11,2,8,7,24,525,10,235,77,26,128,20,470,9,10,3,423,22,293,43,87,47,75,12,2,110633,Lisboa,Grande Lisboa
Olivais,Total,M,17262,15283,1979,367,29,0,14,9,39,71,4,22,3,8,4,22,0,17,23,39,702,8,337,83,25,173,41,655,11,7,3,576,33,250,8,100,45,58,2,5,110633,Lisboa,Grande Lisboa
Olivais,0 - 4 anos,H,639,627,12,4,0,0,0,0,0,1,0,0,0,0,0,0,0,0,0,1,1,0,0,0,1,0,0,7,0,2,0,5,0,0,0,0,0,0,0,0,110633,Lisboa,Grande Lisboa
Olivais,0 - 4 anos,M,572,552,20,7,1,0,1,0,2,0,0,0,0,0,0,0,0,0,0,1,1,0,0,1,0,0,0,10,0,0,0,10,0,2,0,2,0,0,0,0,110633,Lisboa,Grande Lisboa
Olivais,5 - 9 anos,H,640,598,42,10,1,0,1,0,4,2,0,0,0,0,0,0,0,0,0,0,10,0,6,1,1,0,1,18,0,2,0,16,0,4,0,1,0,1,0,0,110633,Lisboa,Grande Lisboa
Olivais,5 - 9 anos,M,605,558,47,6,1,0,0,0,1,0,0,0,0,0,0,0,0,0,1,0,4,0,3,0,0,0,1,30,0,0,0,29,0,7,1,3,0,3,0,0,110633,Lisboa,Grande Lisboa
Olivais,10 - 14 anos,H,744,694,50,6,1,0,0,0,0,2,0,1,0,0,1,0,0,0,0,1,13,0,9,0,0,1,1,25,1,0,0,23,1,5,0,1,0,2,0,1,110633,Lisboa,Grande Lisboa
Olivais,10 - 14 anos,M,665,610,55,13,0,0,1,0,2,1,2,1,0,1,0,0,0,1,0,1,15,0,6,1,2,2,2,18,0,1,0,16,1,9,0,4,0,3,0,0,110633,Lisboa,Grande Lisboa
Olivais,15 - 19 anos,H,771,716,55,5,1,0,1,0,1,0,0,0,0,0,0,0,0,0,0,1,18,0,13,2,1,0,2,24,0,0,1,23,0,8,0,5,1,2,0,0,110633,Lisboa,Grande Lisboa
Olivais,15 - 19 anos,M,788,723,65,7,0,0,0,0,0,1,0,0,0,0,0,0,0,0,1,1,27,1,12,2,4,3,4,24,1,0,0,21,0,6,0,4,1,1,0,1,110633,Lisboa,Grande Lisboa
Olivais,20 - 24 anos,H,878,785,93,24,6,0,1,0,2,7,0,2,0,0,0,0,0,0,0,2,21,1,10,3,2,4,0,37,0,1,0,32,3,11,4,2,2,2,0,0,110633,Lisboa,Grande Lisboa
Olivais,20 - 24 anos,M,829,724,105,24,4,0,1,0,1,3,0,2,1,1,0,0,0,0,2,3,30,0,18,2,1,5,0,38,1,0,0,31,4,13,2,6,1,2,0,0,110633,Lisboa,Grande Lisboa
Olivais,25 - 29 anos,H,947,763,184,43,2,0,1,0,8,9,0,5,0,5,0,3,0,0,1,4,32,2,11,8,4,0,2,60,0,0,0,54,6,49,11,5,6,21,2,0,110633,Lisboa,Grande Lisboa
Olivais,25 - 29 anos,M,922,730,192,44,1,0,1,0,4,3,0,4,0,2,0,2,0,2,8,6,24,0,9,7,0,0,4,80,2,0,0,72,4,43,2,15,4,17,0,1,110633,Lisboa,Grande Lisboa
Olivais,30 - 34 anos,H,896,696,200,32,1,0,0,0,4,6,0,4,0,1,0,1,2,3,3,1,21,1,5,8,5,1,0,76,2,1,0,70,2,71,17,17,8,24,2,0,110633,Lisboa,Grande Lisboa
Olivais,30 - 34 anos,M,893,692,201,48,4,0,1,1,4,5,0,4,0,2,3,4,0,2,7,5,20,0,9,3,1,1,1,90,1,0,1,79,7,42,3,10,7,15,1,1,110633,Lisboa,Grande Lisboa
Olivais,35 - 39 anos,H,952,778,174,35,5,0,0,0,5,13,0,5,0,0,1,0,0,2,0,1,24,1,8,4,1,4,2,73,1,0,1,70,1,42,6,8,5,11,4,0,110633,Lisboa,Grande Lisboa
Olivais,35 - 39 anos,M,930,740,190,47,2,0,2,0,5,9,0,3,1,1,0,7,0,4,0,5,32,2,15,5,2,5,2,80,1,4,0,69,4,30,0,13,2,9,0,1,110633,Lisboa,Grande Lisboa
Olivais,40 - 44 anos,H,942,793,149,40,4,0,2,2,3,13,0,2,0,0,1,4,0,0,0,3,30,1,13,2,0,10,0,53,1,1,0,46,5,26,1,10,2,10,0,0,110633,Lisboa,Grande Lisboa
Olivais,40 - 44 anos,M,1079,891,188,43,7,0,2,3,1,11,0,2,0,1,1,4,0,2,0,3,39,1,17,1,2,8,8,86,2,2,0,76,2,20,0,13,3,4,0,0,110633,Lisboa,Grande Lisboa
Olivais,45 - 49 anos,H,972,804,168,42,5,0,1,4,5,12,1,1,0,2,0,0,0,1,1,3,77,2,42,7,1,21,0,30,0,2,0,27,1,19,3,11,2,1,1,0,110633,Lisboa,Grande Lisboa
Olivais,45 - 49 anos,M,1079,870,209,30,4,0,0,0,2,14,0,0,0,0,0,1,0,1,1,3,99,1,51,7,2,32,3,65,1,0,1,59,2,15,0,11,2,1,0,0,110633,Lisboa,Grande Lisboa
Olivais,50 - 54 anos,H,1049,915,134,22,5,0,0,0,1,6,0,2,0,0,0,2,0,0,0,3,72,1,32,8,1,24,3,22,1,0,0,20,1,17,1,11,3,0,1,1,110633,Lisboa,Grande Lisboa
Olivais,50 - 54 anos,M,1230,1058,172,33,3,0,0,2,0,14,0,2,0,0,0,2,0,3,2,3,84,2,39,6,3,27,4,41,1,0,1,32,3,14,0,8,3,1,0,0,110633,Lisboa,Grande Lisboa
Olivais,55 - 59 anos,H,1145,1039,106,16,0,0,2,1,2,3,0,1,0,2,0,0,0,1,1,2,57,1,26,6,0,22,1,17,0,0,0,17,0,16,0,9,4,1,1,0,110633,Lisboa,Grande Lisboa
Olivais,55 - 59 anos,M,1290,1147,143,17,0,0,0,2,3,3,0,1,1,0,0,1,0,1,0,3,80,0,40,13,4,20,3,33,0,0,0,29,3,13,0,5,4,1,0,0,110633,Lisboa,Grande Lisboa
Olivais,60 - 64 anos,H,1043,955,88,8,1,0,0,0,2,2,0,0,0,0,0,0,0,0,0,2,53,0,29,5,4,12,1,14,3,0,1,8,2,13,0,3,7,0,1,0,110633,Lisboa,Grande Lisboa
Olivais,60 - 64 anos,M,1125,1006,119,9,1,0,0,0,0,1,0,0,0,0,0,0,0,0,0,3,72,0,46,5,3,13,1,22,0,0,0,21,1,16,0,4,6,0,1,0,110633,Lisboa,Grande Lisboa
Olivais,65 - 69 anos,H,770,714,56,8,0,0,1,1,0,2,0,0,0,0,0,1,0,0,0,0,36,0,13,6,4,10,2,6,0,0,0,6,0,6,0,2,4,0,0,0,110633,Lisboa,Grande Lisboa
Olivais,65 - 69 anos,M,847,761,86,7,0,0,1,0,1,2,1,0,0,0,0,1,0,0,0,1,56,0,23,8,0,16,6,20,0,0,0,17,2,3,0,1,2,0,0,0,110633,Lisboa,Grande Lisboa
Olivais,70 - 74 anos,H,650,617,33,8,0,0,0,0,1,0,0,2,0,1,0,0,0,1,1,0,18,0,4,4,1,9,0,4,0,0,0,4,0,3,0,2,1,0,0,0,110633,Lisboa,Grande Lisboa
Olivais,70 - 74 anos,M,973,921,52,9,0,0,2,0,1,1,1,1,0,0,0,0,0,0,1,1,35,1,14,8,0,9,1,5,0,0,0,5,0,3,0,0,3,0,0,0,110633,Lisboa,Grande Lisboa
Olivais,75 - 79 anos,H,578,556,22,2,0,0,0,0,1,0,0,0,0,0,0,0,0,0,0,0,16,0,6,6,0,3,1,4,0,1,0,2,0,0,0,0,0,0,0,0,110633,Lisboa,Grande Lisboa
Olivais,75 - 79 anos,M,979,935,44,4,0,0,0,0,4,0,0,0,0,0,0,0,0,0,0,0,26,0,8,6,1,11,0,7,0,0,0,5,0,7,0,1,4,1,0,0,110633,Lisboa,Grande Lisboa
Olivais,80 - 84 anos,H,569,552,17,1,0,0,0,0,0,0,1,0,0,0,0,0,0,0,0,0,14,0,5,3,0,5,1,0,0,0,0,0,0,2,0,0,2,0,0,0,110633,Lisboa,Grande Lisboa
Olivais,80 - 84 anos,M,1099,1057,42,7,1,0,1,1,1,0,0,1,0,0,0,0,0,1,0,0,28,0,16,2,0,8,1,2,1,0,0,1,0,4,0,0,2,0,0,1,110633,Lisboa,Grande Lisboa
Olivais,85 e mais anos,H,732,717,15,2,0,0,0,0,1,1,0,0,0,0,0,0,0,0,0,0,12,0,3,4,0,2,3,0,0,0,0,0,0,1,0,0,0,0,0,0,110633,Lisboa,Grande Lisboa
Olivais,85 e mais anos,M,1357,1308,49,12,0,0,1,0,7,3,0,1,0,0,0,0,0,0,0,0,30,0,11,6,0,13,0,4,0,0,0,4,0,3,0,0,1,0,0,0,110633,Lisboa,Grande Lisboa
Parque das Nações,Total,H,10823,8964,1859,361,39,0,12,1,62,80,4,31,5,5,6,10,1,14,10,12,684,17,356,59,37,157,28,537,4,26,5,447,40,276,16,147,30,17,7,1,110662,Lisboa,Grande Lisboa
Parque das Nações,Total,M,11559,9362,2197,404,23,1,18,1,59,70,3,27,8,13,13,20,1,33,8,31,833,15,448,111,32,156,37,658,10,14,3,576,28,298,8,171,27,17,7,4,110662,Lisboa,Grande Lisboa
Parque das Nações,0 - 4 anos,H,506,468,38,13,1,0,1,0,2,1,1,0,0,0,0,0,0,0,0,1,4,0,2,0,0,0,0,15,1,1,1,11,0,6,0,2,1,1,0,0,110662,Lisboa,Grande Lisboa
Parque das Nações,0 - 4 anos,M,491,454,37,11,0,0,3,0,2,1,1,1,1,0,0,0,0,0,0,0,6,1,3,0,0,1,0,15,1,1,0,12,0,5,0,2,1,0,1,0,110662,Lisboa,Grande Lisboa
Parque das Nações,5 - 9 anos,H,720,636,84,18,1,0,1,0,4,4,0,1,0,0,1,0,0,0,0,0,17,2,11,1,0,0,3,37,1,2,0,32,2,12,0,5,2,0,2,0,110662,Lisboa,Grande Lisboa
Parque das Nações,5 - 9 anos,M,660,575,85,12,0,0,2,0,2,1,0,0,1,1,0,0,0,1,0,0,13,0,10,1,0,0,2,45,0,1,0,42,0,14,0,10,1,1,1,1,110662,Lisboa,Grande Lisboa
Parque das Nações,10 - 14 anos,H,831,722,109,31,0,0,0,0,10,2,0,0,1,0,1,0,0,4,3,1,17,1,12,0,3,1,0,52,1,3,0,42,5,9,0,4,0,0,0,0,110662,Lisboa,Grande Lisboa
Parque das Nações,10 - 14 anos,M,753,660,93,20,1,0,2,0,4,1,0,5,0,2,0,0,0,3,0,0,29,2,17,2,2,2,3,31,0,1,0,28,1,13,0,9,0,0,0,0,110662,Lisboa,Grande Lisboa
Parque das Nações,15 - 19 anos,H,811,732,79,12,1,0,1,0,3,0,0,1,0,0,0,0,0,2,0,1,30,1,24,0,2,0,2,27,0,5,0,19,2,10,0,7,0,1,0,0,110662,Lisboa,Grande Lisboa
Parque das Nações,15 - 19 anos,M,686,621,65,11,0,0,1,0,3,0,0,1,1,0,0,1,0,1,1,0,32,2,18,6,2,2,1,16,0,0,0,15,0,6,1,5,0,0,0,0,110662,Lisboa,Grande Lisboa
Parque das Nações,20 - 24 anos,H,604,519,85,14,2,0,0,0,1,0,0,0,0,0,1,1,0,2,0,1,35,0,25,1,2,1,3,29,0,1,0,24,4,7,2,3,0,0,0,0,110662,Lisboa,Grande Lisboa
Parque das Nações,20 - 24 anos,M,600,509,91,15,1,0,0,0,0,0,0,3,1,2,0,1,0,1,0,4,38,2,22,7,0,1,4,24,1,2,0,20,1,14,1,8,1,2,0,0,110662,Lisboa,Grande Lisboa
Parque das Nações,25 - 29 anos,H,502,397,105,16,2,0,0,0,2,5,0,3,1,1,0,0,0,0,0,0,22,1,10,5,0,0,3,39,0,1,1,33,3,28,3,12,1,5,0,0,110662,Lisboa,Grande Lisboa
Parque das Nações,25 - 29 anos,M,541,404,137,35,1,0,4,0,2,3,0,0,1,0,1,2,0,3,3,2,29,0,12,7,1,3,1,47,0,3,0,40,2,26,1,12,1,5,0,0,110662,Lisboa,Grande Lisboa
Parque das Nações,30 - 34 anos,H,503,372,131,29,1,0,1,0,3,8,1,4,1,2,1,0,0,1,1,1,20,3,7,3,1,0,1,51,0,0,0,45,5,31,6,13,2,7,1,0,110662,Lisboa,Grande Lisboa
Parque das Nações,30 - 34 anos,M,618,408,210,46,1,0,1,0,3,10,1,5,0,1,4,1,1,6,2,3,35,0,17,7,2,1,5,72,0,0,1,64,3,56,3,30,3,8,2,1,110662,Lisboa,Grande Lisboa
Parque das Nações,35 - 39 anos,H,654,480,174,35,2,0,3,1,6,6,0,4,0,0,1,0,0,3,1,3,24,3,9,3,2,2,5,80,0,1,1,71,5,35,4,18,3,2,0,0,110662,Lisboa,Grande Lisboa
Parque das Nações,35 - 39 anos,M,739,506,233,48,0,0,0,0,6,4,1,4,0,1,5,6,0,3,1,8,45,3,16,6,3,6,5,99,0,1,0,92,4,41,0,24,3,0,1,0,110662,Lisboa,Grande Lisboa
Parque das Nações,40 - 44 anos,H,933,757,176,42,8,0,1,0,9,12,0,2,0,0,1,3,1,0,2,0,36,1,20,2,5,3,2,70,0,1,0,62,3,27,0,17,3,1,0,1,110662,Lisboa,Grande Lisboa
Parque das Nações,40 - 44 anos,M,1121,873,248,58,5,0,2,0,6,11,0,5,2,1,1,4,0,2,0,7,72,3,41,5,4,12,2,103,0,1,0,91,4,15,1,10,0,1,0,0,110662,Lisboa,Grande Lisboa
Parque das Nações,45 - 49 anos,H,1099,851,248,56,6,0,2,0,8,22,1,4,2,0,0,2,0,1,0,1,120,4,64,4,4,36,2,36,1,2,1,26,5,36,0,22,2,0,3,0,110662,Lisboa,Grande Lisboa
Parque das Nações,45 - 49 anos,M,1139,875,264,58,7,0,2,0,12,20,0,1,0,2,1,0,0,7,0,0,117,0,81,6,0,27,2,62,3,0,0,50,7,26,0,18,2,0,0,1,110662,Lisboa,Grande Lisboa
Parque das Nações,50 - 54 anos,H,874,704,170,30,5,0,1,0,2,12,0,2,0,0,0,1,0,0,1,0,89,0,53,2,2,32,0,29,0,1,0,24,3,22,0,16,2,0,1,0,110662,Lisboa,Grande Lisboa
Parque das Nações,50 - 54 anos,M,936,720,216,34,3,0,0,0,6,12,0,0,0,2,0,1,0,2,0,1,106,1,57,8,6,29,5,52,4,0,0,43,3,24,0,18,1,0,1,0,110662,Lisboa,Grande Lisboa
Parque das Nações,55 - 59 anos,H,719,568,151,28,3,0,1,0,6,5,0,2,0,0,0,1,0,0,0,0,84,0,44,3,3,28,3,22,0,1,0,18,3,17,0,14,1,0,0,0,110662,Lisboa,Grande Lisboa
Parque das Nações,55 - 59 anos,M,767,608,159,16,1,1,0,0,5,1,0,0,1,0,0,2,0,2,0,1,88,0,45,11,2,26,1,34,0,2,1,28,2,21,0,10,3,0,1,0,110662,Lisboa,Grande Lisboa
Parque das Nações,60 - 64 anos,H,575,460,115,10,2,0,0,0,1,0,0,3,0,1,0,0,0,1,1,1,66,1,26,14,3,21,0,26,0,6,0,20,0,13,0,7,4,0,0,0,110662,Lisboa,Grande Lisboa
Parque das Nações,60 - 64 anos,M,601,478,123,12,0,0,0,1,1,1,0,0,0,0,1,2,0,0,0,4,73,1,41,10,2,16,2,24,0,1,0,21,0,14,1,5,3,0,0,0,110662,Lisboa,Grande Lisboa
Parque das Nações,65 - 69 anos,H,511,420,91,13,4,0,0,0,1,0,0,2,0,0,0,2,0,0,0,2,57,0,25,14,4,13,1,10,0,0,0,8,0,11,1,4,4,0,0,0,110662,Lisboa,Grande Lisboa
Parque das Nações,65 - 69 anos,M,573,468,105,11,1,0,1,0,1,1,0,2,0,1,0,0,0,1,0,1,60,0,31,11,3,9,3,21,0,1,0,19,1,13,0,6,4,0,0,0,110662,Lisboa,Grande Lisboa
Parque das Nações,70 - 74 anos,H,428,369,59,7,0,0,0,0,0,2,0,3,0,1,0,0,0,0,1,0,39,0,18,5,2,11,1,6,0,0,0,6,0,7,0,3,2,0,0,0,110662,Lisboa,Grande Lisboa
Parque das Nações,70 - 74 anos,M,503,441,62,8,1,0,0,0,1,2,0,0,0,0,0,0,0,1,1,0,37,0,14,11,1,8,1,11,1,0,0,10,0,5,0,2,1,0,0,1,110662,Lisboa,Grande Lisboa
Parque das Nações,75 - 79 anos,H,273,249,24,2,0,0,0,0,1,1,0,0,0,0,0,0,0,0,0,0,12,0,2,1,2,7,0,6,0,1,0,5,0,4,0,0,2,0,0,0,110662,Lisboa,Grande Lisboa
Parque das Nações,75 - 79 anos,M,340,311,29,3,1,0,0,0,1,1,0,0,0,0,0,0,0,0,0,0,23,0,10,6,2,5,0,0,0,0,0,0,0,3,0,1,2,0,0,0,110662,Lisboa,Grande Lisboa
Parque das Nações,80 - 84 anos,H,153,147,6,1,0,0,0,0,1,0,0,0,0,0,0,0,0,0,0,0,4,0,0,0,2,1,1,1,0,0,0,1,0,0,0,0,0,0,0,0,110662,Lisboa,Grande Lisboa
Parque das Nações,80 - 84 anos,M,253,230,23,2,0,0,0,0,1,0,0,0,0,0,0,0,0,0,0,0,19,0,7,5,0,7,0,2,0,0,1,1,0,0,0,0,0,0,0,0,110662,Lisboa,Grande Lisboa
Parque das Nações,85 e mais anos,H,127,113,14,4,1,0,0,0,2,0,1,0,0,0,0,0,0,0,0,0,8,0,4,1,0,1,1,1,0,0,1,0,0,1,0,0,1,0,0,0,110662,Lisboa,Grande Lisboa
Parque das Nações,85 e mais anos,M,238,221,17,4,0,0,0,0,3,1,0,0,0,0,0,0,0,0,0,0,11,0,6,2,2,1,0,0,0,0,0,0,0,2,0,1,1,0,0,0,110662,Lisboa,Grande Lisboa
Penha de França,Total,H,13280,10206,3074,662,51,2,21,12,67,119,7,90,6,11,6,55,6,12,18,74,581,15,240,84,55,103,18,922,4,13,9,843,29,906,417,35,70,286,41,3,110663,Lisboa,Grande Lisboa
Penha de França,Total,M,15195,12244,2951,796,53,3,15,11,77,154,4,96,4,19,29,59,5,30,16,111,607,12,233,113,42,145,20,1118,10,21,10,1000,28,427,76,38,27,230,16,3,110663,Lisboa,Grande Lisboa
Penha de França,0 - 4 anos,H,552,531,21,11,1,0,0,0,0,1,0,0,0,1,0,0,0,0,0,0,1,0,1,0,0,0,0,6,0,0,0,6,0,3,2,0,0,0,0,0,110663,Lisboa,Grande Lisboa
Penha de França,0 - 4 anos,M,569,541,28,12,1,0,0,0,1,5,0,1,0,1,0,0,0,0,0,0,1,0,1,0,0,0,0,7,0,0,0,6,0,8,4,0,1,2,0,0,110663,Lisboa,Grande Lisboa
Penha de França,5 - 9 anos,H,492,429,63,17,1,0,2,0,4,2,0,1,0,0,0,1,0,0,1,1,4,0,1,0,0,1,1,21,0,0,0,21,0,21,9,0,2,9,1,0,110663,Lisboa,Grande Lisboa
Penha de França,5 - 9 anos,M,477,420,57,26,3,0,1,0,2,4,1,0,0,0,0,0,0,0,0,5,5,0,2,1,0,1,0,14,0,0,0,13,1,12,2,1,1,7,1,0,110663,Lisboa,Grande Lisboa
Penha de França,10 - 14 anos,H,522,452,70,19,3,0,1,0,3,2,0,0,0,0,0,0,0,2,0,2,13,0,5,3,2,0,2,23,0,0,0,22,0,15,6,1,2,6,0,0,110663,Lisboa,Grande Lisboa
Penha de França,10 - 14 anos,M,464,418,46,7,1,0,0,0,1,0,0,0,0,0,0,1,0,0,1,1,6,0,1,2,0,1,0,18,0,1,0,16,1,15,1,0,0,11,1,0,110663,Lisboa,Grande Lisboa
Penha de França,15 - 19 anos,H,547,447,100,20,2,0,0,1,0,1,1,1,0,1,0,3,0,0,0,3,18,0,7,4,2,0,1,32,0,1,0,30,1,30,3,0,2,11,1,0,110663,Lisboa,Grande Lisboa
Penha de França,15 - 19 anos,M,533,468,65,16,2,0,0,1,0,1,0,0,0,2,0,0,0,1,0,4,15,0,1,7,2,4,1,22,0,1,0,19,0,12,1,0,1,9,0,0,110663,Lisboa,Grande Lisboa
Penha de França,20 - 24 anos,H,767,546,221,37,2,0,2,1,2,6,0,7,1,0,0,1,0,1,1,6,27,1,8,4,9,0,0,77,0,0,0,72,2,80,32,4,7,26,3,0,110663,Lisboa,Grande Lisboa
Penha de França,20 - 24 anos,M,746,561,185,48,3,0,2,2,5,9,0,7,1,4,0,2,0,1,0,6,25,0,6,4,4,5,0,73,0,0,1,66,4,39,10,4,0,15,1,0,110663,Lisboa,Grande Lisboa
Penha de França,25 - 29 anos,H,1196,723,473,92,6,0,3,1,11,14,1,9,3,3,1,5,2,0,8,11,41,3,9,6,9,4,0,150,0,2,2,139,5,190,110,3,14,45,9,0,110663,Lisboa,Grande Lisboa
Penha de França,25 - 29 anos,M,1164,742,422,128,5,3,0,1,14,28,0,22,0,3,7,4,3,2,2,16,30,2,7,9,3,6,0,170,1,2,4,152,2,93,27,5,7,49,2,1,110663,Lisboa,Grande Lisboa
Penha de França,30 - 34 anos,H,1327,777,550,98,8,0,1,0,11,15,0,27,2,1,1,9,0,1,2,8,40,0,15,8,4,1,3,201,2,5,2,176,8,211,94,3,17,77,15,0,110663,Lisboa,Grande Lisboa
Penha de França,30 - 34 anos,M,1216,763,453,141,9,0,4,1,17,17,0,30,1,4,9,14,0,8,5,5,33,3,8,11,3,2,3,169,2,3,4,139,4,110,19,4,1,73,6,0,110663,Lisboa,Grande Lisboa
Penha de França,35 - 39 anos,H,1211,771,440,88,6,0,3,3,11,14,2,17,0,3,1,8,0,2,2,2,35,5,10,8,5,0,0,142,0,0,0,128,8,174,91,5,6,61,6,1,110663,Lisboa,Grande Lisboa
Penha de França,35 - 39 anos,M,1148,768,380,120,10,0,2,1,10,24,0,19,1,0,7,11,2,5,4,8,29,1,6,7,5,2,1,167,3,5,1,143,6,64,10,5,6,37,1,0,110663,Lisboa,Grande Lisboa
Penha de França,40 - 44 anos,H,1098,776,322,89,5,1,2,1,10,22,3,9,0,1,3,9,0,3,3,9,35,0,13,2,2,10,2,111,0,1,3,104,2,87,45,3,8,29,0,0,110663,Lisboa,Grande Lisboa
Penha de França,40 - 44 anos,M,1105,818,287,85,7,0,1,1,6,18,1,8,0,0,5,8,0,2,1,15,38,4,12,4,6,4,4,140,1,1,0,134,3,24,2,7,0,13,1,0,110663,Lisboa,Grande Lisboa
Penha de França,45 - 49 anos,H,1023,730,293,68,8,0,4,0,5,17,0,3,0,1,0,8,1,1,0,9,103,4,55,10,1,23,2,71,1,1,1,66,0,50,18,5,1,16,3,1,110663,Lisboa,Grande Lisboa
Penha de França,45 - 49 anos,M,1040,781,259,69,4,0,1,1,4,21,0,3,1,1,1,9,0,2,2,14,78,1,41,14,1,17,0,97,2,2,0,88,2,13,0,4,0,6,0,2,110663,Lisboa,Grande Lisboa
Penha de França,50 - 54 anos,H,802,634,168,37,5,0,1,1,3,10,0,1,0,0,0,6,0,0,0,8,73,0,36,3,10,21,0,42,0,1,0,38,2,16,5,5,1,3,1,0,110663,Lisboa,Grande Lisboa
Penha de França,50 - 54 anos,M,859,627,232,42,3,0,0,1,3,10,2,0,0,2,0,6,0,3,0,7,86,0,39,11,6,24,3,93,1,2,0,85,3,11,0,5,0,2,0,0,110663,Lisboa,Grande Lisboa
Penha de França,55 - 59 anos,H,666,539,127,30,1,0,0,2,0,5,0,4,0,0,0,3,2,1,1,7,61,1,30,5,7,13,2,23,1,0,1,20,1,13,1,5,0,2,2,0,110663,Lisboa,Grande Lisboa
Penha de França,55 - 59 anos,M,856,672,184,38,4,0,2,1,1,6,0,2,0,1,0,2,0,2,0,12,69,0,33,8,4,22,1,68,0,0,0,66,1,9,0,1,2,3,1,0,110663,Lisboa,Grande Lisboa
Penha de França,60 - 64 anos,H,666,570,96,23,2,1,2,1,0,5,0,0,0,0,0,2,1,0,0,4,51,1,21,8,2,14,3,15,0,1,0,14,0,7,1,0,5,1,0,0,110663,Lisboa,Grande Lisboa
Penha de França,60 - 64 anos,M,845,730,115,25,0,0,1,0,3,4,0,1,0,1,0,2,0,1,0,7,41,0,20,5,1,12,2,47,0,2,0,43,1,2,0,0,0,0,1,0,110663,Lisboa,Grande Lisboa
Penha de França,65 - 69 anos,H,592,526,66,12,1,0,0,0,2,4,0,1,0,0,0,0,0,0,0,3,43,0,15,18,0,6,2,5,0,1,0,4,0,5,0,1,3,0,0,1,110663,Lisboa,Grande Lisboa
Penha de França,65 - 69 anos,M,828,734,94,19,0,0,0,1,3,2,0,2,0,0,0,0,0,1,1,8,48,1,18,11,3,12,3,18,0,2,0,16,0,9,0,2,4,2,0,0,110663,Lisboa,Grande Lisboa
Penha de França,70 - 74 anos,H,608,577,31,15,0,0,0,1,4,0,0,7,0,0,0,0,0,1,0,1,11,0,6,2,0,2,0,2,0,0,0,2,0,3,0,0,1,0,0,0,110663,Lisboa,Grande Lisboa
Penha de França,70 - 74 anos,M,892,842,50,7,0,0,0,0,2,0,0,0,0,0,0,0,0,2,0,3,34,0,12,6,2,11,0,6,0,0,0,5,0,3,0,0,1,1,1,0,110663,Lisboa,Grande Lisboa
Penha de França,75 - 79 anos,H,465,446,19,2,0,0,0,0,1,0,0,0,0,0,0,0,0,0,0,0,15,0,6,1,1,4,0,1,0,0,0,1,0,1,0,0,1,0,0,0,110663,Lisboa,Grande Lisboa
Penha de França,75 - 79 anos,M,759,735,24,3,0,0,0,0,1,2,0,0,0,0,0,0,0,0,0,0,17,0,8,3,0,5,1,3,0,0,0,3,0,1,0,0,1,0,0,0,110663,Lisboa,Grande Lisboa
Penha de França,80 - 84 anos,H,399,389,10,3,0,0,0,0,0,0,0,3,0,0,0,0,0,0,0,0,7,0,0,1,1,4,0,0,0,0,0,0,0,0,0,0,0,0,0,0,110663,Lisboa,Grande Lisboa
Penha de França,80 - 84 anos,M,712,690,22,4,1,0,1,0,0,1,0,1,0,0,0,0,0,0,0,0,16,0,4,3,1,6,1,2,0,0,0,2,0,0,0,0,0,0,0,0,110663,Lisboa,Grande Lisboa
Penha de França,85 e mais anos,H,347,343,4,1,0,0,0,0,0,1,0,0,0,0,0,0,0,0,0,0,3,0,2,1,0,0,0,0,0,0,0,0,0,0,0,0,0,0,0,0,110663,Lisboa,Grande Lisboa
Penha de França,85 e mais anos,M,982,934,48,6,0,0,0,0,4,2,0,0,0,0,0,0,0,0,0,0,36,0,14,7,1,11,0,4,0,0,0,4,0,2,0,0,2,0,0,0,110663,Lisboa,Grande Lisboa
Santa Clara,Total,H,11013,9344,1669,199,16,0,1,0,19,43,0,8,3,3,1,12,0,11,4,39,967,12,318,141,95,100,229,382,7,11,2,330,19,121,31,27,17,13,11,0,110664,Lisboa,Grande Lisboa
Santa Clara,Total,M,12632,10306,2326,298,15,2,5,1,39,57,0,1,6,3,3,22,1,19,8,54,1440,8,484,223,131,134,419,484,2,9,1,438,20,103,7,35,13,13,17,1,110664,Lisboa,Grande Lisboa
Santa Clara,0 - 4 anos,H,798,779,19,2,0,0,0,0,0,1,0,0,0,0,0,0,0,0,0,0,6,0,3,0,0,1,1,6,1,0,0,5,0,5,2,2,0,0,0,0,110664,Lisboa,Grande Lisboa
Santa Clara,0 - 4 anos,M,718,685,33,8,1,0,0,0,2,0,0,0,0,0,0,0,0,0,1,1,10,0,2,0,4,0,0,11,0,1,0,9,0,4,0,1,2,0,1,0,110664,Lisboa,Grande Lisboa
Santa Clara,5 - 9 anos,H,735,671,64,5,1,0,0,0,0,3,0,0,0,0,0,0,0,0,0,0,32,1,13,1,3,1,10,22,1,2,0,18,1,5,0,0,2,0,1,0,110664,Lisboa,Grande Lisboa
Santa Clara,5 - 9 anos,M,701,645,56,8,0,0,1,0,0,1,0,0,0,0,0,0,0,0,0,2,30,0,14,3,4,1,8,12,0,0,0,11,1,6,0,3,0,0,3,0,110664,Lisboa,Grande Lisboa
Santa Clara,10 - 14 anos,H,773,691,82,6,0,0,0,0,1,0,0,0,0,0,0,0,0,1,0,1,46,0,11,2,5,0,22,26,0,1,0,22,3,4,1,1,0,1,0,0,110664,Lisboa,Grande Lisboa
Santa Clara,10 - 14 anos,M,737,665,72,11,1,0,0,0,4,2,0,0,0,0,0,0,0,1,0,1,47,0,15,6,4,1,18,9,1,2,0,5,1,5,0,2,0,1,1,0,110664,Lisboa,Grande Lisboa
Santa Clara,15 - 19 anos,H,691,616,75,3,0,0,0,0,0,0,0,0,0,0,0,0,0,1,0,1,46,1,12,3,8,1,19,24,1,3,0,18,1,2,0,2,0,0,0,0,110664,Lisboa,Grande Lisboa
Santa Clara,15 - 19 anos,M,703,594,109,8,1,0,0,0,0,1,0,0,1,0,0,1,0,0,0,1,77,2,13,13,13,0,33,19,0,0,0,17,1,5,0,0,0,1,1,0,110664,Lisboa,Grande Lisboa
Santa Clara,20 - 24 anos,H,727,622,105,11,0,0,0,0,0,1,0,0,0,0,0,1,0,0,0,5,64,0,18,10,6,2,20,24,0,1,0,22,0,6,0,1,1,1,1,0,110664,Lisboa,Grande Lisboa
Santa Clara,20 - 24 anos,M,761,618,143,21,1,0,1,0,2,0,0,1,0,1,0,2,0,2,0,3,77,0,24,14,9,3,25,40,0,3,0,37,0,5,0,1,1,2,1,0,110664,Lisboa,Grande Lisboa
Santa Clara,25 - 29 anos,H,698,554,144,26,5,0,0,0,0,5,0,0,1,0,0,1,0,1,1,6,65,1,10,11,9,4,23,39,0,0,0,37,1,14,3,2,2,4,2,0,110664,Lisboa,Grande Lisboa
Santa Clara,25 - 29 anos,M,793,613,180,30,0,1,0,1,2,2,0,0,2,1,0,0,0,2,4,6,89,0,30,12,8,1,33,51,0,0,0,47,3,10,2,1,0,3,1,0,110664,Lisboa,Grande Lisboa
Santa Clara,30 - 34 anos,H,766,598,168,15,1,0,0,0,1,2,0,2,1,0,0,1,0,2,1,1,75,4,17,18,9,5,17,59,1,3,1,54,0,19,7,0,5,3,1,0,110664,Lisboa,Grande Lisboa
Santa Clara,30 - 34 anos,M,836,612,224,29,2,0,0,0,4,5,0,0,0,0,1,1,0,2,1,4,112,2,21,23,18,5,37,69,1,0,0,65,2,14,4,4,0,3,3,0,110664,Lisboa,Grande Lisboa
Santa Clara,35 - 39 anos,H,781,610,171,30,4,0,0,0,6,11,0,0,0,0,0,0,0,0,1,5,69,1,17,8,10,1,25,49,1,0,0,43,3,23,10,7,1,2,1,0,110664,Lisboa,Grande Lisboa
Santa Clara,35 - 39 anos,M,893,681,212,29,2,0,0,0,3,9,0,0,0,0,1,5,0,2,1,3,105,0,29,10,17,4,43,64,0,1,0,57,3,14,1,9,0,2,1,0,110664,Lisboa,Grande Lisboa
Santa Clara,40 - 44 anos,H,869,712,157,14,1,0,0,0,3,4,0,0,0,0,0,1,0,0,0,4,83,1,26,8,9,5,21,40,1,0,1,35,2,20,7,5,0,2,2,0,110664,Lisboa,Grande Lisboa
Santa Clara,40 - 44 anos,M,974,751,223,39,2,0,0,0,6,12,0,0,3,0,0,3,0,2,0,4,115,0,45,12,10,7,36,63,0,0,0,62,0,6,0,3,0,1,0,0,110664,Lisboa,Grande Lisboa
Santa Clara,45 - 49 anos,H,814,651,163,30,0,0,0,0,1,7,0,1,1,0,0,2,0,2,0,8,102,0,50,3,9,19,15,26,0,0,0,23,3,5,1,2,1,0,1,0,110664,Lisboa,Grande Lisboa
Santa Clara,45 - 49 anos,M,938,696,242,45,3,0,2,0,4,11,0,0,0,0,0,3,1,4,0,13,137,1,59,9,13,23,29,56,0,1,0,49,5,4,0,2,0,0,1,0,110664,Lisboa,Grande Lisboa
Santa Clara,50 - 54 anos,H,709,554,155,23,1,0,1,0,2,4,0,3,0,1,0,2,0,2,0,3,97,2,49,13,9,6,16,31,1,0,0,26,3,4,0,2,0,0,0,0,110664,Lisboa,Grande Lisboa
Santa Clara,50 - 54 anos,M,810,623,187,19,0,0,0,0,0,5,0,0,0,0,0,5,0,2,0,4,135,0,55,19,8,14,38,29,0,0,0,27,1,3,0,2,0,0,0,1,110664,Lisboa,Grande Lisboa
Santa Clara,55 - 59 anos,H,573,468,105,11,2,0,0,0,1,0,0,1,0,1,0,3,0,0,0,2,75,0,39,8,4,10,11,17,0,0,0,14,2,2,0,0,0,0,0,0,110664,Lisboa,Grande Lisboa
Santa Clara,55 - 59 anos,M,753,571,182,16,0,0,0,0,2,2,0,0,0,1,0,1,0,0,0,6,137,1,39,24,10,20,39,24,0,0,0,21,2,5,0,3,0,0,1,0,110664,Lisboa,Grande Lisboa
Santa Clara,60 - 64 anos,H,537,433,104,8,0,0,0,0,0,1,0,0,0,0,0,1,0,1,0,2,82,0,22,20,9,14,13,10,0,1,0,5,0,4,0,1,1,0,2,0,110664,Lisboa,Grande Lisboa
Santa Clara,60 - 64 anos,M,686,524,162,9,0,0,1,0,2,1,0,0,0,0,0,0,0,0,0,3,128,1,42,26,7,13,37,19,0,1,0,16,0,6,0,3,1,0,1,0,110664,Lisboa,Grande Lisboa
Santa Clara,65 - 69 anos,H,475,401,74,3,0,0,0,0,1,1,0,0,0,0,1,0,0,0,0,0,61,0,15,20,4,10,10,6,0,0,0,6,0,4,0,2,1,0,0,0,110664,Lisboa,Grande Lisboa
Santa Clara,65 - 69 anos,M,628,521,107,3,0,0,0,0,1,0,0,0,0,0,1,0,0,1,0,0,91,0,33,20,4,12,22,6,0,0,0,5,1,7,0,1,2,0,1,0,110664,Lisboa,Grande Lisboa
Santa Clara,70 - 74 anos,H,417,375,42,5,0,0,0,0,1,2,0,1,0,0,0,0,0,1,0,0,31,0,8,9,0,9,4,3,0,0,0,2,0,3,0,0,2,0,0,0,110664,Lisboa,Grande Lisboa
Santa Clara,70 - 74 anos,M,560,495,65,5,0,0,0,0,1,1,0,0,0,0,0,0,0,1,0,1,47,1,17,12,2,10,5,7,0,0,0,7,0,6,0,0,5,0,0,0,110664,Lisboa,Grande Lisboa
Santa Clara,75 - 79 anos,H,286,270,16,4,1,0,0,0,0,1,0,0,0,1,0,0,0,0,1,0,12,1,4,2,1,3,0,0,0,0,0,0,0,0,0,0,0,0,0,0,110664,Lisboa,Grande Lisboa
Santa Clara,75 - 79 anos,M,451,408,43,9,2,0,0,0,1,2,0,0,0,0,0,1,0,0,1,2,32,0,12,6,0,6,7,2,0,0,1,1,0,0,0,0,0,0,0,0,110664,Lisboa,Grande Lisboa
Santa Clara,80 - 84 anos,H,242,226,16,1,0,0,0,0,0,0,0,0,0,0,0,0,0,0,0,1,14,0,2,4,0,5,2,0,0,0,0,0,0,1,0,0,1,0,0,0,110664,Lisboa,Grande Lisboa
Santa Clara,80 - 84 anos,M,342,302,40,3,0,0,0,0,1,2,0,0,0,0,0,0,0,0,0,0,34,0,15,7,0,6,6,2,0,0,0,2,0,1,0,0,1,0,0,0,110664,Lisboa,Grande Lisboa
Santa Clara,85 e mais anos,H,122,113,9,2,0,0,0,0,2,0,0,0,0,0,0,0,0,0,0,0,7,0,2,1,0,4,0,0,0,0,0,0,0,0,0,0,0,0,0,0,110664,Lisboa,Grande Lisboa
Santa Clara,85 e mais anos,M,348,302,46,6,0,1,0,0,4,1,0,0,0,0,0,0,0,0,0,0,37,0,19,7,0,8,3,1,0,0,0,0,0,2,0,0,1,0,1,0,110664,Lisboa,Grande Lisboa
Santa Maria Maior,Total,H,5623,3035,2588,316,33,2,5,0,55,77,2,41,1,12,2,7,4,5,4,13,243,8,96,32,24,34,6,354,1,25,9,296,10,1670,1341,41,103,116,55,5,110665,Lisboa,Grande Lisboa
Santa Maria Maior,Total,M,4428,3192,1236,348,34,3,7,0,52,67,0,58,1,7,11,3,4,8,10,23,219,6,93,37,13,43,6,359,3,21,4,307,5,306,129,38,29,79,9,4,110665,Lisboa,Grande Lisboa
Santa Maria Maior,0 - 4 anos,H,182,155,27,14,1,0,0,0,2,3,0,1,0,0,0,0,1,0,0,0,2,0,1,0,1,0,0,2,0,0,1,1,0,9,8,0,0,1,0,0,110665,Lisboa,Grande Lisboa
Santa Maria Maior,0 - 4 anos,M,162,140,22,8,1,0,0,0,0,0,0,3,0,0,0,0,0,0,1,0,1,0,0,0,1,0,0,7,0,0,0,7,0,6,6,0,0,0,0,0,110665,Lisboa,Grande Lisboa
Santa Maria Maior,5 - 9 anos,H,145,104,41,6,0,0,0,0,1,2,0,0,0,0,0,1,0,0,0,0,6,0,4,0,1,0,0,14,0,0,0,14,0,15,9,1,2,3,0,0,110665,Lisboa,Grande Lisboa
Santa Maria Maior,5 - 9 anos,M,109,87,22,10,0,0,0,0,1,2,0,0,0,0,0,0,0,0,1,0,3,0,3,0,0,0,0,5,0,2,0,3,0,4,2,0,0,2,0,0,110665,Lisboa,Grande Lisboa
Santa Maria Maior,10 - 14 anos,H,163,124,39,5,0,0,0,0,0,3,0,0,0,0,0,0,0,0,0,0,8,0,5,0,1,0,0,8,0,2,0,6,0,18,9,0,1,7,1,0,110665,Lisboa,Grande Lisboa
Santa Maria Maior,10 - 14 anos,M,114,83,31,12,1,0,0,0,0,4,0,1,0,0,0,0,0,0,0,0,0,0,0,0,0,0,0,6,0,0,0,5,0,13,8,2,0,3,0,0,110665,Lisboa,Grande Lisboa
Santa Maria Maior,15 - 19 anos,H,151,112,39,7,0,0,0,0,4,2,0,0,0,0,0,0,0,0,0,0,11,0,6,0,4,0,1,11,0,2,0,8,1,10,5,1,3,1,0,0,110665,Lisboa,Grande Lisboa
Santa Maria Maior,15 - 19 anos,M,136,103,33,8,0,0,0,0,1,3,0,1,0,0,0,0,0,0,0,1,2,0,2,0,0,0,0,12,0,2,0,10,0,11,5,1,0,4,1,0,110665,Lisboa,Grande Lisboa
Santa Maria Maior,20 - 24 anos,H,330,143,187,13,2,0,0,0,2,2,0,0,0,1,0,0,0,0,0,2,18,0,10,4,0,1,0,38,0,3,0,32,2,118,85,3,13,11,4,0,110665,Lisboa,Grande Lisboa
Santa Maria Maior,20 - 24 anos,M,236,129,107,24,5,1,0,0,3,8,0,1,1,1,0,0,0,1,0,3,5,1,2,2,0,0,0,36,0,0,0,33,0,42,20,3,4,10,1,0,110665,Lisboa,Grande Lisboa
Santa Maria Maior,25 - 29 anos,H,651,206,445,43,7,0,0,0,12,9,0,7,0,2,0,0,1,0,0,1,18,1,2,6,3,0,2,69,0,3,2,57,2,315,260,2,20,21,10,0,110665,Lisboa,Grande Lisboa
Santa Maria Maior,25 - 29 anos,M,373,193,180,43,5,0,1,0,7,5,0,7,0,1,3,0,2,1,1,2,14,0,2,3,2,0,3,57,0,1,1,50,2,66,35,2,3,19,4,0,110665,Lisboa,Grande Lisboa
Santa Maria Maior,30 - 34 anos,H,778,215,563,41,1,0,1,0,5,11,1,10,0,1,2,0,0,2,0,2,11,2,4,2,1,0,0,70,0,1,2,66,0,440,367,4,23,30,12,1,110665,Lisboa,Grande Lisboa
Santa Maria Maior,30 - 34 anos,M,339,146,193,45,1,1,0,0,9,5,0,11,0,0,4,0,0,1,1,4,20,1,5,5,2,2,0,66,0,1,2,60,1,62,28,2,8,21,1,0,110665,Lisboa,Grande Lisboa
Santa Maria Maior,35 - 39 anos,H,695,233,462,27,4,1,1,0,5,3,0,2,0,3,0,1,0,1,1,1,20,1,7,3,2,1,1,54,0,4,1,45,2,361,305,6,17,22,10,0,110665,Lisboa,Grande Lisboa
Santa Maria Maior,35 - 39 anos,M,314,181,133,44,4,0,1,0,6,5,0,15,0,2,1,1,0,1,1,1,8,0,3,1,2,0,1,46,1,3,0,40,1,34,13,3,4,11,1,1,110665,Lisboa,Grande Lisboa
Santa Maria Maior,40 - 44 anos,H,501,222,279,29,3,0,0,0,5,9,1,2,1,0,0,0,0,0,2,1,16,1,7,2,4,1,0,31,1,1,1,27,0,203,167,5,7,14,10,0,110665,Lisboa,Grande Lisboa
Santa Maria Maior,40 - 44 anos,M,297,195,102,33,3,0,2,0,3,9,0,6,0,0,1,1,1,0,1,1,13,1,3,4,1,3,0,32,0,1,0,28,0,23,6,7,4,4,1,1,110665,Lisboa,Grande Lisboa
Santa Maria Maior,45 - 49 anos,H,407,233,174,29,4,0,0,0,2,14,0,2,0,2,0,2,0,1,0,0,38,1,16,3,1,10,0,13,0,2,1,7,2,94,72,8,7,3,3,0,110665,Lisboa,Grande Lisboa
Santa Maria Maior,45 - 49 anos,M,290,188,102,34,5,0,0,0,7,8,0,3,0,0,1,0,0,2,0,3,23,0,16,1,1,2,1,25,0,2,0,21,0,19,2,10,1,2,0,1,110665,Lisboa,Grande Lisboa
Santa Maria Maior,50 - 54 anos,H,308,197,111,27,7,1,0,0,4,4,0,4,0,0,0,1,1,0,0,1,22,2,14,0,3,1,0,12,0,4,0,7,0,49,36,4,4,2,2,1,110665,Lisboa,Grande Lisboa
Santa Maria Maior,50 - 54 anos,M,249,169,80,24,5,0,1,0,1,3,0,3,0,0,0,0,1,1,1,3,26,0,12,3,2,8,1,25,0,3,1,20,1,4,0,2,1,1,0,1,110665,Lisboa,Grande Lisboa
Santa Maria Maior,55 - 59 anos,H,294,215,79,22,0,0,1,0,5,6,0,3,0,1,0,0,0,0,0,2,24,0,9,2,2,5,0,14,0,1,0,13,0,19,10,4,3,0,2,0,110665,Lisboa,Grande Lisboa
Santa Maria Maior,55 - 59 anos,M,280,221,59,13,1,0,0,0,2,4,0,1,0,0,0,1,0,0,1,0,21,0,11,5,1,4,0,16,1,3,0,11,0,9,3,2,1,0,0,0,110665,Lisboa,Grande Lisboa
Santa Maria Maior,60 - 64 anos,H,240,178,62,18,2,0,0,0,3,0,0,2,0,1,0,1,0,0,1,2,20,0,4,2,1,4,2,10,0,1,1,8,0,12,5,2,2,1,0,2,110665,Lisboa,Grande Lisboa
Santa Maria Maior,60 - 64 anos,M,280,229,51,17,2,1,1,0,1,2,0,3,0,0,0,0,0,0,2,4,19,1,7,1,0,7,0,9,0,0,0,8,0,6,1,2,1,1,0,0,110665,Lisboa,Grande Lisboa
Santa Maria Maior,65 - 69 anos,H,237,202,35,15,1,0,2,0,1,1,0,5,0,1,0,1,0,1,0,0,8,0,2,2,0,2,0,4,0,1,0,2,0,7,3,1,1,0,1,1,110665,Lisboa,Grande Lisboa
Santa Maria Maior,65 - 69 anos,M,239,197,42,13,0,0,0,0,2,5,0,2,0,1,0,0,0,1,0,1,19,1,9,3,1,4,0,9,1,1,0,6,0,1,0,1,0,0,0,0,110665,Lisboa,Grande Lisboa
Santa Maria Maior,70 - 74 anos,H,196,170,26,13,1,0,0,0,2,5,0,3,0,0,0,0,1,0,0,1,11,0,5,2,0,4,0,2,0,0,0,2,0,0,0,0,0,0,0,0,110665,Lisboa,Grande Lisboa
Santa Maria Maior,70 - 74 anos,M,247,228,19,4,0,0,1,0,0,1,0,1,0,0,1,0,0,0,0,0,9,1,4,1,0,1,0,3,0,1,0,2,0,3,0,1,0,1,0,0,110665,Lisboa,Grande Lisboa
Santa Maria Maior,75 - 79 anos,H,152,139,13,5,0,0,0,0,1,3,0,0,0,0,0,0,0,0,0,0,7,0,0,2,0,4,0,1,0,0,0,1,0,0,0,0,0,0,0,0,110665,Lisboa,Grande Lisboa
Santa Maria Maior,75 - 79 anos,M,239,223,16,7,0,0,0,0,4,1,0,0,0,2,0,0,0,0,0,0,7,0,1,3,0,3,0,1,0,0,0,0,0,1,0,0,0,0,0,0,110665,Lisboa,Grande Lisboa
Santa Maria Maior,80 - 84 anos,H,103,100,3,0,0,0,0,0,0,0,0,0,0,0,0,0,0,0,0,0,2,0,0,1,0,1,0,1,0,0,0,0,1,0,0,0,0,0,0,0,110665,Lisboa,Grande Lisboa
Santa Maria Maior,80 - 84 anos,M,215,194,21,4,1,0,0,0,2,1,0,0,0,0,0,0,0,0,0,0,13,0,6,3,0,4,0,3,0,0,0,3,0,1,0,0,1,0,0,0,110665,Lisboa,Grande Lisboa
Santa Maria Maior,85 e mais anos,H,90,87,3,2,0,0,0,0,1,0,0,0,0,0,0,0,0,0,0,0,1,0,0,1,0,0,0,0,0,0,0,0,0,0,0,0,0,0,0,0,110665,Lisboa,Grande Lisboa
Santa Maria Maior,85 e mais anos,M,309,286,23,5,0,0,0,0,3,1,0,0,0,0,0,0,0,0,0,0,16,0,7,2,0,5,0,1,0,1,0,0,0,1,0,0,1,0,0,0,110665,Lisboa,Grande Lisboa
Santo António,Total,H,5313,3938,1375,432,32,2,14,1,41,140,4,58,0,6,1,5,12,4,13,12,260,14,102,32,15,59,13,392,3,33,8,314,11,285,137,16,26,55,8,6,110666,Lisboa,Grande Lisboa
Santo António,Total,M,5747,4433,1314,436,32,5,15,1,56,125,4,55,0,4,8,16,7,6,7,16,289,9,105,53,13,73,18,456,3,28,7,376,11,133,16,13,13,40,4,0,110666,Lisboa,Grande Lisboa
Santo António,0 - 4 anos,H,242,224,18,7,2,0,1,0,0,1,0,0,0,1,0,0,0,0,0,0,4,2,0,0,0,1,1,5,0,0,0,5,0,2,0,0,0,0,0,0,110666,Lisboa,Grande Lisboa
Santo António,0 - 4 anos,M,190,179,11,5,0,0,0,0,0,2,0,0,0,0,0,0,0,0,0,1,1,0,0,0,0,1,0,4,0,1,0,3,0,1,1,0,0,0,0,0,110666,Lisboa,Grande Lisboa
Santo António,5 - 9 anos,H,217,180,37,19,1,0,1,0,0,11,0,2,0,0,0,0,0,1,0,0,2,0,0,0,0,2,0,8,0,3,0,5,0,8,4,0,0,1,1,0,110666,Lisboa,Grande Lisboa
Santo António,5 - 9 anos,M,214,193,21,9,0,0,1,0,2,3,0,3,0,0,0,0,0,0,0,0,2,0,0,2,0,0,0,8,0,2,0,5,0,2,0,0,0,1,0,0,110666,Lisboa,Grande Lisboa
Santo António,10 - 14 anos,H,242,209,33,24,0,0,0,0,4,12,0,1,0,0,0,1,0,1,2,0,3,0,1,2,0,0,0,5,0,1,0,4,0,1,0,0,0,0,0,0,110666,Lisboa,Grande Lisboa
Santo António,10 - 14 anos,M,201,165,36,21,2,0,0,0,4,6,0,2,0,0,1,2,0,0,0,1,2,0,0,1,0,0,1,12,0,1,0,9,1,1,0,0,0,1,0,0,110666,Lisboa,Grande Lisboa
Santo António,15 - 19 anos,H,232,200,32,10,0,0,0,0,1,6,0,0,0,0,0,1,0,0,0,0,8,0,2,0,1,0,2,6,0,0,0,6,0,7,2,0,0,3,0,1,110666,Lisboa,Grande Lisboa
Santo António,15 - 19 anos,M,247,208,39,17,1,0,1,0,3,5,0,2,0,1,0,1,0,0,0,0,8,0,1,4,0,0,1,10,0,0,0,10,0,4,0,0,0,2,0,0,110666,Lisboa,Grande Lisboa
Santo António,20 - 24 anos,H,280,207,73,15,2,1,0,0,0,2,1,4,0,1,0,0,0,0,0,0,11,0,5,1,2,1,0,22,0,0,0,20,2,25,9,1,5,8,0,0,110666,Lisboa,Grande Lisboa
Santo António,20 - 24 anos,M,304,220,84,27,0,0,3,0,2,7,0,5,0,1,1,1,0,0,1,0,10,0,3,1,1,2,3,29,0,0,0,28,1,18,2,2,3,7,1,0,110666,Lisboa,Grande Lisboa
Santo António,25 - 29 anos,H,450,280,170,45,5,0,2,0,4,7,0,13,0,1,0,1,0,0,3,1,10,2,1,1,1,1,4,57,0,3,1,49,3,58,38,1,4,11,1,0,110666,Lisboa,Grande Lisboa
Santo António,25 - 29 anos,M,427,256,171,59,9,0,2,0,5,11,1,15,0,0,1,0,0,2,2,3,8,0,2,2,1,1,1,79,0,2,0,67,5,25,7,2,1,11,0,0,110666,Lisboa,Grande Lisboa
Santo António,30 - 34 anos,H,506,304,202,48,3,0,1,0,1,10,1,11,0,1,0,1,2,1,2,2,14,3,2,3,3,0,0,75,0,3,1,63,2,65,35,2,3,17,3,0,110666,Lisboa,Grande Lisboa
Santo António,30 - 34 anos,M,422,259,163,50,5,0,2,0,4,10,1,3,0,1,1,6,0,2,0,1,7,3,1,0,1,1,0,89,0,6,2,73,1,17,4,0,1,3,1,0,110666,Lisboa,Grande Lisboa
Santo António,35 - 39 anos,H,431,270,161,40,4,0,4,0,1,18,1,5,0,0,1,0,1,1,0,0,13,5,2,0,0,2,0,61,1,3,2,51,1,45,29,2,2,8,0,2,110666,Lisboa,Grande Lisboa
Santo António,35 - 39 anos,M,391,261,130,49,1,1,1,0,2,15,1,9,0,1,1,1,2,1,0,0,14,1,2,5,2,2,1,54,0,2,0,47,1,13,1,0,1,6,0,0,110666,Lisboa,Grande Lisboa
Santo António,40 - 44 anos,H,443,314,129,46,2,1,1,0,4,18,0,4,0,0,0,0,0,0,2,4,16,1,5,6,1,1,1,46,0,4,1,35,2,21,10,1,3,3,0,0,110666,Lisboa,Grande Lisboa
Santo António,40 - 44 anos,M,412,302,110,50,4,1,1,0,4,21,0,6,0,0,1,1,0,0,1,2,17,0,6,3,2,2,3,32,0,2,0,29,0,11,0,2,0,3,1,0,110666,Lisboa,Grande Lisboa
Santo António,45 - 49 anos,H,407,288,119,38,4,0,3,0,5,13,0,4,0,0,0,0,0,0,1,0,41,0,21,2,2,13,1,25,0,2,1,19,0,15,9,0,1,1,0,0,110666,Lisboa,Grande Lisboa
Santo António,45 - 49 anos,M,412,286,126,34,2,0,0,0,5,15,0,2,0,0,0,2,1,1,0,1,42,2,18,5,1,11,1,38,2,0,2,31,0,12,1,4,1,2,0,0,110666,Lisboa,Grande Lisboa
Santo António,50 - 54 anos,H,324,239,85,38,5,0,1,0,4,15,0,2,0,0,0,1,0,0,1,2,23,0,15,1,0,6,0,13,0,2,0,8,0,10,1,2,0,2,0,1,110666,Lisboa,Grande Lisboa
Santo António,50 - 54 anos,M,364,278,86,21,3,0,0,0,2,6,0,2,0,0,0,1,0,0,1,2,40,0,22,3,1,12,0,18,0,3,0,14,0,7,0,1,1,2,0,0,110666,Lisboa,Grande Lisboa
Santo António,55 - 59 anos,H,336,248,88,29,2,0,0,0,4,9,1,2,0,0,0,0,1,0,0,1,29,0,16,5,1,6,0,23,1,5,0,16,0,6,0,3,1,1,0,1,110666,Lisboa,Grande Lisboa
Santo António,55 - 59 anos,M,376,270,106,28,0,0,2,1,6,8,0,2,0,0,0,0,2,0,0,3,33,1,12,3,0,12,2,41,1,4,1,29,0,4,0,0,0,1,0,0,110666,Lisboa,Grande Lisboa
Santo António,60 - 64 anos,H,280,197,83,26,1,0,0,1,6,1,0,2,0,1,0,0,5,0,1,2,34,1,14,2,2,9,2,14,1,2,0,10,0,9,0,2,2,0,2,0,110666,Lisboa,Grande Lisboa
Santo António,60 - 64 anos,M,331,255,76,23,0,1,0,0,5,6,1,1,0,0,0,0,1,0,1,1,32,1,9,3,2,13,2,15,0,2,1,12,0,6,0,1,1,0,1,0,110666,Lisboa,Grande Lisboa
Santo António,65 - 69 anos,H,247,180,67,21,1,0,0,0,3,8,0,3,0,0,0,0,1,0,1,0,20,0,10,3,0,4,1,18,0,2,1,15,0,8,0,1,3,0,0,0,110666,Lisboa,Grande Lisboa
Santo António,65 - 69 anos,M,311,246,65,16,1,0,0,0,2,6,0,1,0,0,2,1,1,0,0,1,29,1,9,6,1,10,2,17,0,2,0,13,2,3,0,1,1,0,0,0,110666,Lisboa,Grande Lisboa
Santo António,70 - 74 anos,H,243,202,41,8,0,0,0,0,1,5,0,0,0,0,0,0,1,0,0,0,21,0,7,2,2,7,1,9,0,2,0,6,1,2,0,0,0,0,1,1,110666,Lisboa,Grande Lisboa
Santo António,70 - 74 anos,M,270,244,26,5,0,0,0,0,0,1,0,2,0,0,0,0,0,0,0,0,12,0,6,3,0,2,0,4,0,1,1,1,0,5,0,0,1,1,0,0,110666,Lisboa,Grande Lisboa
Santo António,75 - 79 anos,H,175,151,24,13,0,0,0,0,1,3,0,3,0,1,0,0,1,0,0,0,6,0,0,2,0,4,0,4,0,1,1,1,0,1,0,1,0,0,0,0,110666,Lisboa,Grande Lisboa
Santo António,75 - 79 anos,M,260,245,15,7,1,1,0,0,3,2,0,0,0,0,0,0,0,0,0,0,2,0,1,1,0,0,0,4,0,0,0,3,0,2,0,0,2,0,0,0,110666,Lisboa,Grande Lisboa
Santo António,80 - 84 anos,H,133,124,9,4,0,0,0,0,1,1,0,2,0,0,0,0,0,0,0,0,4,0,1,2,0,1,0,0,0,0,0,0,0,1,0,0,1,0,0,0,110666,Lisboa,Grande Lisboa
Santo António,80 - 84 anos,M,259,239,20,4,2,0,0,0,1,0,0,0,0,0,0,0,0,0,1,0,13,0,7,4,1,1,0,1,0,0,0,1,0,2,0,0,0,0,0,0,110666,Lisboa,Grande Lisboa
Santo António,85 e mais anos,H,125,121,4,1,0,0,0,0,1,0,0,0,0,0,0,0,0,0,0,0,1,0,0,0,0,1,0,1,0,0,0,1,0,1,0,0,1,0,0,0,110666,Lisboa,Grande Lisboa
Santo António,85 e mais anos,M,356,327,29,11,1,1,2,0,6,1,0,0,0,0,0,0,0,0,0,0,17,0,6,7,0,3,1,1,0,0,0,1,0,0,0,0,0,0,0,0,110666,Lisboa,Grande Lisboa
São Domingos de Benfica,Total,H,15423,13417,2006,382,35,1,20,1,51,93,5,29,3,18,6,16,6,10,14,28,798,13,392,80,35,223,24,600,13,16,11,510,28,223,15,93,37,24,6,3,110639,Lisboa,Grande Lisboa
São Domingos de Benfica,Total,M,18653,15921,2732,487,38,1,13,4,56,99,4,27,4,10,15,24,2,25,16,62,1156,17,580,117,39,330,37,863,10,22,6,763,39,222,8,84,37,20,4,4,110639,Lisboa,Grande Lisboa
São Domingos de Benfica,0 - 4 anos,H,642,618,24,8,1,0,0,0,3,0,1,0,0,1,0,0,0,0,1,0,5,1,4,0,0,0,0,10,0,1,0,6,1,1,0,0,0,0,0,0,110639,Lisboa,Grande Lisboa
São Domingos de Benfica,0 - 4 anos,M,668,642,26,11,3,0,0,0,5,0,1,0,0,0,0,0,1,0,0,0,3,0,1,1,1,0,0,9,0,1,0,8,0,3,0,1,0,1,0,0,110639,Lisboa,Grande Lisboa
São Domingos de Benfica,5 - 9 anos,H,687,633,54,10,0,0,0,1,3,1,0,0,0,0,0,1,0,0,1,0,12,0,8,1,0,2,0,28,1,1,0,23,1,4,0,3,0,0,0,0,110639,Lisboa,Grande Lisboa
São Domingos de Benfica,5 - 9 anos,M,657,607,50,17,5,0,1,0,1,1,1,0,1,0,0,1,0,0,2,2,9,1,4,0,0,2,2,20,0,1,0,19,0,3,0,1,0,1,0,1,110639,Lisboa,Grande Lisboa
São Domingos de Benfica,10 - 14 anos,H,735,687,48,3,0,0,2,0,0,0,0,0,0,0,0,0,0,0,0,0,13,0,7,0,1,3,1,22,0,0,1,20,1,10,0,7,0,1,0,0,110639,Lisboa,Grande Lisboa
São Domingos de Benfica,10 - 14 anos,M,668,618,50,4,0,0,0,0,0,1,0,0,0,0,0,0,0,0,0,2,18,0,13,2,0,1,1,24,0,1,0,23,0,4,0,2,1,0,0,0,110639,Lisboa,Grande Lisboa
São Domingos de Benfica,15 - 19 anos,H,816,745,71,11,1,0,1,0,2,2,0,0,0,0,0,0,1,1,0,0,29,0,18,4,5,2,0,27,0,2,1,24,0,4,0,3,0,0,0,0,110639,Lisboa,Grande Lisboa
São Domingos de Benfica,15 - 19 anos,M,780,698,82,15,2,0,0,0,2,0,0,1,0,0,0,1,0,0,1,3,22,1,14,2,2,2,0,38,1,0,0,34,1,7,1,4,0,1,0,0,110639,Lisboa,Grande Lisboa
São Domingos de Benfica,20 - 24 anos,H,915,782,133,24,1,0,4,0,4,6,0,2,0,1,0,0,1,0,0,2,39,0,28,6,3,1,0,52,1,1,0,49,1,18,0,10,1,2,0,0,110639,Lisboa,Grande Lisboa
São Domingos de Benfica,20 - 24 anos,M,952,790,162,37,2,0,1,0,3,7,1,2,3,1,0,1,0,0,2,7,50,1,29,9,3,5,2,47,0,3,0,43,1,28,0,9,1,3,0,0,110639,Lisboa,Grande Lisboa
São Domingos de Benfica,25 - 29 anos,H,1142,945,197,50,2,0,4,0,5,8,2,5,1,4,0,0,2,3,4,2,25,0,16,4,2,0,0,85,1,1,1,73,3,37,4,10,8,8,1,0,110639,Lisboa,Grande Lisboa
São Domingos de Benfica,25 - 29 anos,M,1213,979,234,59,3,0,4,2,6,8,0,5,0,3,4,0,0,4,4,6,35,1,23,4,2,2,1,119,3,4,0,102,8,21,1,9,0,6,0,0,110639,Lisboa,Grande Lisboa
São Domingos de Benfica,30 - 34 anos,H,1061,868,193,48,2,0,5,0,4,11,0,3,0,3,2,2,0,3,5,1,24,3,10,4,3,0,4,92,3,3,1,81,4,28,2,6,3,7,3,1,110639,Lisboa,Grande Lisboa
São Domingos de Benfica,30 - 34 anos,M,1147,918,229,64,2,0,1,0,2,7,0,6,0,2,5,6,0,6,4,5,28,2,16,1,2,3,3,107,1,3,1,93,7,27,4,7,3,6,2,3,110639,Lisboa,Grande Lisboa
São Domingos de Benfica,35 - 39 anos,H,983,819,164,38,3,0,0,0,6,6,1,6,2,3,1,2,0,0,2,3,26,2,13,2,1,6,0,66,1,0,1,57,6,33,9,13,2,4,0,1,110639,Lisboa,Grande Lisboa
São Domingos de Benfica,35 - 39 anos,M,1057,852,205,39,4,1,0,0,5,9,1,2,0,1,2,1,0,4,0,6,40,3,19,5,3,7,3,114,0,2,1,104,1,12,1,7,0,1,1,0,110639,Lisboa,Grande Lisboa
São Domingos de Benfica,40 - 44 anos,H,1139,969,170,41,6,1,0,0,3,16,0,4,0,0,1,2,0,0,0,4,47,3,25,2,3,8,3,70,2,1,0,62,1,12,0,6,1,0,0,0,110639,Lisboa,Grande Lisboa
São Domingos de Benfica,40 - 44 anos,M,1240,1004,236,59,2,0,0,0,9,19,0,4,0,0,0,6,0,2,0,7,46,1,26,8,2,8,1,112,1,1,2,100,5,19,0,9,1,1,0,0,110639,Lisboa,Grande Lisboa
São Domingos de Benfica,45 - 49 anos,H,1062,845,217,53,7,0,1,0,6,21,0,0,0,0,0,6,0,1,0,5,91,1,52,3,1,29,1,54,1,1,2,46,3,19,0,13,0,2,2,0,110639,Lisboa,Grande Lisboa
São Domingos de Benfica,45 - 49 anos,M,1275,984,291,66,6,0,2,0,5,23,0,1,0,0,2,5,0,3,2,4,130,2,69,8,1,45,3,80,3,2,1,69,4,15,0,13,0,0,0,0,110639,Lisboa,Grande Lisboa
São Domingos de Benfica,50 - 54 anos,H,973,784,189,31,4,0,1,0,3,15,0,2,0,0,0,1,0,1,1,2,107,3,55,10,3,31,2,33,3,2,1,23,2,17,0,10,4,0,0,1,110639,Lisboa,Grande Lisboa
São Domingos de Benfica,50 - 54 anos,M,1228,986,242,36,5,0,0,1,0,10,0,2,0,1,0,1,0,4,0,5,130,2,63,11,4,42,2,58,1,1,0,53,2,18,1,10,0,0,0,0,110639,Lisboa,Grande Lisboa
São Domingos de Benfica,55 - 59 anos,H,929,786,143,22,2,0,1,0,3,3,1,3,0,2,1,0,0,1,0,4,90,0,40,4,3,36,5,22,0,0,1,19,0,9,0,6,0,0,0,0,110639,Lisboa,Grande Lisboa
São Domingos de Benfica,55 - 59 anos,M,1154,934,220,15,0,0,0,1,1,5,0,1,0,1,0,1,0,1,0,3,144,1,73,14,6,44,3,51,0,1,0,46,3,10,0,4,0,0,1,0,110639,Lisboa,Grande Lisboa
São Domingos de Benfica,60 - 64 anos,H,843,723,120,12,0,0,0,0,2,0,0,2,0,1,0,0,0,0,0,4,85,0,39,8,2,30,2,17,0,3,1,8,5,6,0,2,1,0,0,0,110639,Lisboa,Grande Lisboa
São Domingos de Benfica,60 - 64 anos,M,1114,914,200,14,1,0,1,0,3,1,0,0,0,0,1,1,0,1,0,4,144,0,65,11,5,53,6,37,0,0,0,30,4,5,0,1,1,0,0,0,110639,Lisboa,Grande Lisboa
São Domingos de Benfica,65 - 69 anos,H,809,706,103,8,0,0,1,0,1,1,0,1,0,1,1,1,0,0,0,0,80,0,34,13,4,21,2,9,0,0,0,9,0,6,0,3,2,0,0,0,110639,Lisboa,Grande Lisboa
São Domingos de Benfica,65 - 69 anos,M,1149,987,162,10,0,0,2,0,0,1,0,0,0,0,1,0,0,0,0,5,113,0,51,9,2,43,6,28,0,2,0,22,2,11,0,3,7,0,0,0,110639,Lisboa,Grande Lisboa
São Domingos de Benfica,70 - 74 anos,H,834,767,67,9,2,0,0,0,1,0,0,0,0,1,0,1,2,0,0,1,52,0,20,5,3,22,2,4,0,0,0,2,0,2,0,0,2,0,0,0,110639,Lisboa,Grande Lisboa
São Domingos de Benfica,70 - 74 anos,M,1333,1184,149,15,0,0,0,0,2,3,0,1,0,1,0,0,1,0,0,3,105,1,47,8,2,40,1,8,0,0,0,8,0,21,0,3,10,0,0,0,110639,Lisboa,Grande Lisboa
São Domingos de Benfica,75 - 79 anos,H,774,730,44,5,2,0,0,0,2,1,0,0,0,0,0,0,0,0,0,0,27,0,7,5,0,14,1,3,0,0,0,3,0,9,0,0,9,0,0,0,110639,Lisboa,Grande Lisboa
São Domingos de Benfica,75 - 79 anos,M,1171,1085,86,7,0,0,0,0,3,0,0,1,0,0,0,0,0,0,1,0,71,1,35,14,1,15,1,5,0,0,1,4,0,3,0,0,3,0,0,0,110639,Lisboa,Grande Lisboa
São Domingos de Benfica,80 - 84 anos,H,568,526,42,5,0,0,0,0,2,1,0,1,0,1,0,0,0,0,0,0,28,0,8,6,1,12,1,2,0,0,0,2,0,7,0,1,3,0,0,0,110639,Lisboa,Grande Lisboa
São Domingos de Benfica,80 - 84 anos,M,851,802,49,6,1,0,0,0,2,1,0,1,0,0,0,0,0,0,0,0,31,0,16,5,2,7,0,4,0,0,0,4,0,8,0,0,7,0,0,0,110639,Lisboa,Grande Lisboa
São Domingos de Benfica,85 e mais anos,H,511,484,27,4,2,0,0,0,1,1,0,0,0,0,0,0,0,0,0,0,18,0,8,3,0,6,0,4,0,0,1,3,0,1,0,0,1,0,0,0,110639,Lisboa,Grande Lisboa
São Domingos de Benfica,85 e mais anos,M,996,937,59,13,2,0,1,0,7,3,0,0,0,0,0,0,0,0,0,0,37,0,16,5,1,11,2,2,0,0,0,1,1,7,0,1,3,0,0,0,110639,Lisboa,Grande Lisboa
São Vicente,Total,H,6635,4792,1843,481,48,4,11,3,53,107,4,85,3,11,2,20,5,8,11,20,314,8,133,48,24,55,8,573,3,26,13,502,12,466,238,8,66,102,31,9,110667,Lisboa,Grande Lisboa
São Vicente,Total,M,7321,5637,1684,515,44,5,15,3,57,105,6,94,3,12,11,24,7,9,13,27,306,3,129,53,17,52,20,669,6,25,11,589,13,191,38,9,21,75,9,3,110667,Lisboa,Grande Lisboa
São Vicente,0 - 4 anos,H,266,248,18,2,0,0,0,0,0,0,0,1,0,1,0,0,0,0,0,0,2,0,2,0,0,0,0,11,0,2,0,9,0,3,2,0,0,1,0,0,110667,Lisboa,Grande Lisboa
São Vicente,0 - 4 anos,M,249,231,18,6,0,0,0,0,1,2,0,1,0,0,0,0,0,0,0,0,1,0,0,0,0,0,0,8,0,0,0,8,0,3,2,0,1,0,0,0,110667,Lisboa,Grande Lisboa
São Vicente,5 - 9 anos,H,231,203,28,6,1,0,0,0,0,0,0,0,0,1,0,0,0,0,1,0,3,0,3,0,0,0,0,13,0,2,0,11,0,6,1,0,1,3,1,0,110667,Lisboa,Grande Lisboa
São Vicente,5 - 9 anos,M,199,166,33,11,0,0,0,0,1,3,0,0,1,0,1,0,0,0,1,1,4,0,2,1,0,0,0,11,0,0,0,10,1,7,2,0,1,3,0,0,110667,Lisboa,Grande Lisboa
São Vicente,10 - 14 anos,H,255,223,32,3,1,0,0,0,2,0,0,0,0,0,0,0,0,0,0,0,10,0,5,1,1,0,1,11,0,2,0,9,0,7,1,3,0,3,0,1,110667,Lisboa,Grande Lisboa
São Vicente,10 - 14 anos,M,233,198,35,5,0,0,0,0,1,3,0,1,0,0,0,0,0,0,0,0,8,0,2,2,0,0,1,16,0,2,0,14,0,6,1,0,2,2,1,0,110667,Lisboa,Grande Lisboa
São Vicente,15 - 19 anos,H,247,211,36,3,0,0,0,0,0,0,0,1,0,0,0,0,0,0,0,1,9,0,2,3,1,0,0,14,0,0,0,14,0,10,3,0,1,4,0,0,110667,Lisboa,Grande Lisboa
São Vicente,15 - 19 anos,M,222,186,36,5,1,0,0,0,0,0,0,0,0,0,0,1,1,0,0,1,12,0,5,1,1,1,3,15,0,0,0,15,0,4,0,1,0,3,0,0,110667,Lisboa,Grande Lisboa
São Vicente,20 - 24 anos,H,365,227,138,32,9,1,0,0,4,7,0,1,0,0,0,1,0,0,0,3,11,0,4,2,2,0,0,49,0,0,1,47,1,45,23,1,6,8,4,1,110667,Lisboa,Grande Lisboa
São Vicente,20 - 24 anos,M,328,228,100,27,6,1,0,0,1,3,0,6,1,2,0,1,2,0,1,0,11,0,5,2,0,1,1,43,0,2,0,38,3,19,11,0,1,4,1,0,110667,Lisboa,Grande Lisboa
São Vicente,25 - 29 anos,H,579,303,276,61,5,0,2,0,6,19,0,10,1,0,0,3,0,0,2,0,20,1,5,6,4,0,0,106,0,0,0,97,5,89,46,1,14,21,5,0,110667,Lisboa,Grande Lisboa
São Vicente,25 - 29 anos,M,585,308,277,90,3,1,1,0,15,16,1,20,1,2,3,7,1,0,3,5,14,1,6,3,2,1,0,131,1,7,2,108,2,42,12,1,1,24,2,0,110667,Lisboa,Grande Lisboa
São Vicente,30 - 34 anos,H,719,343,376,94,7,1,1,0,9,25,0,18,0,0,0,3,0,3,3,5,24,2,8,3,3,2,0,134,1,1,5,119,2,121,72,0,10,27,9,3,110667,Lisboa,Grande Lisboa
São Vicente,30 - 34 anos,M,638,344,294,103,13,1,4,1,12,16,1,22,0,1,3,1,0,4,2,3,20,1,4,5,3,0,3,126,1,6,1,114,1,42,7,0,2,26,2,3,110667,Lisboa,Grande Lisboa
São Vicente,35 - 39 anos,H,617,350,267,71,4,0,2,1,8,11,0,22,1,3,1,2,1,0,0,3,25,2,6,5,2,2,4,90,1,3,4,79,1,78,49,0,10,15,3,3,110667,Lisboa,Grande Lisboa
São Vicente,35 - 39 anos,M,576,372,204,82,6,1,2,0,6,20,4,16,0,3,3,2,0,2,1,5,23,1,6,5,0,0,4,82,1,1,2,72,2,17,2,1,2,7,1,0,110667,Lisboa,Grande Lisboa
São Vicente,40 - 44 anos,H,585,412,173,47,3,0,1,0,6,7,2,9,0,1,1,4,1,0,2,3,17,1,5,4,1,1,1,50,0,3,1,42,1,59,27,3,7,13,7,0,110667,Lisboa,Grande Lisboa
São Vicente,40 - 44 anos,M,529,371,158,53,6,0,0,1,7,10,0,10,0,1,1,6,1,0,2,1,21,0,4,6,1,4,1,71,1,3,2,62,0,13,0,4,1,2,1,0,110667,Lisboa,Grande Lisboa
São Vicente,45 - 49 anos,H,482,330,152,52,6,1,1,2,6,18,0,6,0,0,0,2,1,2,1,1,45,0,23,3,1,14,0,34,0,1,1,30,1,21,9,0,5,5,1,0,110667,Lisboa,Grande Lisboa
São Vicente,45 - 49 anos,M,491,345,146,47,5,0,3,1,4,15,0,6,0,1,0,3,0,1,1,2,39,0,19,4,2,11,1,50,1,1,3,44,0,10,0,0,1,4,1,0,110667,Lisboa,Grande Lisboa
São Vicente,50 - 54 anos,H,431,316,115,41,4,0,2,0,5,6,0,6,1,0,0,3,0,2,1,3,38,1,21,4,3,7,0,24,0,5,1,18,0,12,4,0,4,1,1,0,110667,Lisboa,Grande Lisboa
São Vicente,50 - 54 anos,M,431,320,111,24,1,0,0,0,1,6,0,4,0,0,0,1,1,1,0,5,34,0,18,5,2,7,0,50,0,1,1,45,3,3,0,1,0,0,0,0,110667,Lisboa,Grande Lisboa
São Vicente,55 - 59 anos,H,333,251,82,20,6,1,0,0,3,2,1,0,0,0,0,1,0,0,1,0,35,1,14,7,1,10,1,23,1,3,0,18,1,4,1,0,1,1,0,0,110667,Lisboa,Grande Lisboa
São Vicente,55 - 59 anos,M,386,299,87,19,1,0,1,0,3,2,0,1,0,0,0,2,0,1,1,2,32,0,14,4,1,11,1,32,1,2,0,25,1,4,0,0,1,0,0,0,110667,Lisboa,Grande Lisboa
São Vicente,60 - 64 anos,H,294,236,58,16,1,0,1,0,0,4,1,2,0,1,0,0,1,0,0,1,31,0,17,3,2,6,0,8,0,4,0,3,0,3,0,0,2,0,0,0,110667,Lisboa,Grande Lisboa
São Vicente,60 - 64 anos,M,375,317,58,9,1,0,0,0,0,2,0,0,0,1,0,0,0,0,0,1,32,0,19,4,1,5,1,11,0,0,0,11,0,6,0,0,1,0,0,0,110667,Lisboa,Grande Lisboa
São Vicente,65 - 69 anos,H,313,279,34,13,0,0,1,0,2,3,0,6,0,1,0,0,0,0,0,0,12,0,3,3,2,3,0,4,0,0,0,4,0,4,0,0,2,0,0,1,110667,Lisboa,Grande Lisboa
São Vicente,65 - 69 anos,M,368,317,51,9,0,0,1,0,0,3,0,3,0,0,0,0,0,0,0,1,22,0,10,6,1,3,2,14,0,0,0,14,0,6,1,0,2,0,0,0,110667,Lisboa,Grande Lisboa
São Vicente,70 - 74 anos,H,257,234,23,10,1,0,0,0,1,3,0,2,0,1,0,1,0,0,0,0,11,0,3,1,1,6,0,0,0,0,0,0,0,2,0,0,1,0,0,0,110667,Lisboa,Grande Lisboa
São Vicente,70 - 74 anos,M,448,414,34,13,0,1,1,0,2,3,0,2,0,1,0,0,0,0,0,0,12,0,3,2,2,5,0,4,0,0,0,4,0,5,0,1,2,0,0,0,110667,Lisboa,Grande Lisboa
São Vicente,75 - 79 anos,H,262,247,15,6,0,0,0,0,1,2,0,1,0,1,0,0,1,0,0,0,7,0,3,2,0,1,0,1,0,0,0,1,0,1,0,0,1,0,0,0,110667,Lisboa,Grande Lisboa
São Vicente,75 - 79 anos,M,394,373,21,9,1,0,2,0,2,0,0,2,0,0,0,0,1,0,1,0,8,0,5,1,1,1,0,3,0,0,0,3,0,1,0,0,1,0,0,0,110667,Lisboa,Grande Lisboa
São Vicente,80 - 84 anos,H,195,182,13,3,0,0,0,0,0,0,0,0,0,1,0,0,0,0,0,0,8,0,6,1,0,1,0,1,0,0,0,1,0,1,0,0,1,0,0,0,110667,Lisboa,Grande Lisboa
São Vicente,80 - 84 anos,M,376,367,9,2,0,0,0,0,1,0,0,0,0,0,0,0,0,0,0,0,3,0,2,0,0,1,0,2,0,0,0,2,0,2,0,0,2,0,0,0,110667,Lisboa,Grande Lisboa
São Vicente,85 e mais anos,H,204,197,7,1,0,0,0,0,0,0,0,0,0,0,0,0,0,1,0,0,6,0,3,0,0,2,1,0,0,0,0,0,0,0,0,0,0,0,0,0,110667,Lisboa,Grande Lisboa
São Vicente,85 e mais anos,M,493,481,12,1,0,0,0,0,0,1,0,0,0,0,0,0,0,0,0,0,10,0,5,2,0,1,2,0,0,0,0,0,0,1,0,0,0,0,0,0,110667,Lisboa,Grande Lisboa
