Place of Residence,Age Group,Gender,Total,Portuguesa,Estrangeira,Europa,Alemanha,Áustria,Bélgica,Bulgária,Espanha,França,Irlanda,Itália,Luxemburgo,Países Baixos,Polónia,Roménia,Suécia,Federação da Rússia,Suíça,Ucrânia,África,África do Sul,Angola,Cabo Verde,Guiné-Bissau,Moçambique,São Tomé e Príncipe,América,Canadá,Estados Unidos da América,Argentina,Brasil,Venezuela,Ásia,Bangladeche,China,Índia,Nepal,Paquistão,Oceânia,freguesia_code,municipio,region
Sintra,Total,H,181792,149372,32420,4826,354,13,103,50,250,908,20,145,54,84,11,531,29,131,162,912,17798,195,6438,4593,2875,1914,1049,7920,44,147,30,7246,296,1852,255,367,528,210,143,24,1111,Sintra,Grande Lisboa
Sintra,Total,M,203814,163619,40195,5210,383,9,91,64,267,979,20,98,51,73,41,570,31,238,155,1090,23239,233,8651,6510,3152,2430,1618,10210,59,136,39,9371,377,1497,101,392,320,140,99,39,1111,Sintra,Grande Lisboa
Sintra,0 - 4 anos,H,9189,8779,410,125,8,0,4,0,20,18,1,3,1,5,0,2,0,2,3,6,112,4,61,17,15,2,9,148,0,9,0,135,3,25,5,5,4,1,4,0,1111,Sintra,Grande Lisboa
Sintra,0 - 4 anos,M,8839,8400,439,110,8,1,3,0,10,15,3,2,3,0,0,4,1,2,9,3,128,3,63,24,19,4,8,170,0,11,0,149,6,29,1,9,4,1,1,2,1111,Sintra,Grande Lisboa
Sintra,5 - 9 anos,H,9262,8156,1106,199,7,1,8,0,18,35,2,3,1,6,0,6,2,5,14,17,381,6,201,62,59,7,27,454,3,12,0,415,17,70,10,6,19,8,8,2,1111,Sintra,Grande Lisboa
Sintra,5 - 9 anos,M,8985,7942,1043,186,12,0,9,0,5,27,4,4,3,5,1,4,1,6,11,20,379,3,196,68,53,14,21,403,3,13,1,368,11,72,7,14,12,3,11,3,1111,Sintra,Grande Lisboa
Sintra,10 - 14 anos,H,10439,9157,1282,183,7,1,9,1,24,19,1,7,4,4,0,6,0,6,5,23,600,4,268,143,111,11,40,424,0,10,1,387,16,74,4,22,14,9,9,1,1111,Sintra,Grande Lisboa
Sintra,10 - 14 anos,M,10189,8906,1283,195,4,0,5,2,33,16,2,8,7,3,0,13,4,4,8,26,600,3,231,160,113,13,50,418,1,9,2,381,19,67,5,22,9,6,5,3,1111,Sintra,Grande Lisboa
Sintra,15 - 19 anos,H,11337,9879,1458,178,11,0,5,1,16,17,3,10,3,0,0,16,2,7,7,27,766,4,207,274,170,11,53,448,1,9,1,422,9,66,3,27,12,10,7,0,1111,Sintra,Grande Lisboa
Sintra,15 - 19 anos,M,11086,9445,1641,158,7,0,7,2,16,11,2,7,6,3,0,13,2,2,11,18,923,8,288,313,170,14,91,499,3,16,0,467,7,61,7,15,7,9,9,0,1111,Sintra,Grande Lisboa
Sintra,20 - 24 anos,H,12124,9766,2358,299,13,1,6,5,12,27,1,9,6,1,2,31,0,7,18,69,1284,10,311,504,287,27,81,667,0,7,2,634,10,106,9,21,39,10,7,2,1111,Sintra,Grande Lisboa
Sintra,20 - 24 anos,M,12076,9462,2614,303,25,0,7,4,9,25,0,5,2,4,3,29,2,8,13,78,1546,7,456,622,272,34,111,691,1,2,1,650,24,71,13,15,4,13,9,3,1111,Sintra,Grande Lisboa
Sintra,25 - 29 anos,H,11770,8723,3047,377,20,0,9,4,16,36,3,13,4,6,1,36,0,8,41,81,1505,12,344,593,379,17,92,934,6,14,0,857,42,230,35,22,80,44,21,1,1111,Sintra,Grande Lisboa
Sintra,25 - 29 anos,M,12161,8842,3319,391,22,1,8,3,20,46,0,8,4,3,2,31,0,8,37,96,1762,11,390,765,363,25,164,1028,9,8,1,957,36,136,27,25,18,29,10,2,1111,Sintra,Grande Lisboa
Sintra,30 - 34 anos,H,11487,8256,3231,363,17,1,4,2,15,48,1,10,7,9,1,33,2,15,32,73,1519,17,387,536,361,12,139,1025,8,16,3,930,48,321,84,33,89,66,23,3,1111,Sintra,Grande Lisboa
Sintra,30 - 34 anos,M,12318,8494,3824,487,15,1,7,3,13,61,0,9,4,7,13,78,1,28,37,109,1958,24,460,841,353,28,197,1160,6,16,5,1051,57,206,24,46,45,43,19,13,1111,Sintra,Grande Lisboa
Sintra,35 - 39 anos,H,11934,8873,3061,475,21,2,7,9,17,90,2,14,6,4,3,85,1,14,16,93,1259,31,325,389,268,42,126,1095,3,14,7,1002,52,226,47,30,73,26,23,6,1111,Sintra,Grande Lisboa
Sintra,35 - 39 anos,M,13138,9268,3870,519,32,1,5,11,10,98,1,16,9,0,8,93,1,29,12,113,1726,37,456,597,353,43,177,1479,8,13,5,1374,53,144,6,34,27,16,15,2,1111,Sintra,Grande Lisboa
Sintra,40 - 44 anos,H,13683,10561,3122,659,63,2,6,7,28,157,1,15,10,6,1,109,4,17,2,113,1278,24,434,293,280,78,97,989,5,10,5,929,28,195,40,39,47,20,16,1,1111,Sintra,Grande Lisboa
Sintra,40 - 44 anos,M,15553,11368,4185,717,74,1,5,8,23,154,3,9,4,4,6,124,2,28,5,150,1896,35,650,538,343,132,136,1427,8,9,3,1326,48,144,5,60,28,14,7,1,1111,Sintra,Grande Lisboa
Sintra,45 - 49 anos,H,14828,11145,3683,768,82,1,16,9,12,241,2,9,9,12,1,85,2,22,3,155,2132,25,1058,294,241,367,71,635,8,13,3,568,24,146,12,54,26,11,16,2,1111,Sintra,Grande Lisboa
Sintra,45 - 49 anos,M,16897,12218,4679,836,89,0,5,11,23,290,0,6,6,15,3,89,4,35,3,148,2696,32,1287,458,310,403,139,1025,7,10,4,949,25,119,1,56,8,4,4,3,1111,Sintra,Grande Lisboa
Sintra,50 - 54 anos,H,13881,10708,3173,502,47,0,8,1,19,135,1,11,3,9,0,76,3,4,2,102,2108,34,948,370,221,375,95,457,4,3,1,412,22,105,3,46,10,3,6,1,1111,Sintra,Grande Lisboa
Sintra,50 - 54 anos,M,16272,12139,4133,554,54,2,8,6,19,156,1,4,2,9,2,55,5,36,1,107,2736,27,1213,594,258,433,157,751,11,6,6,680,32,87,1,37,10,1,2,5,1111,Sintra,Grande Lisboa
Sintra,55 - 59 anos,H,12440,10013,2427,253,19,0,3,4,12,33,0,3,0,5,1,28,4,8,4,77,1745,11,695,340,232,322,94,336,5,7,3,302,11,92,2,26,18,1,2,1,1111,Sintra,Grande Lisboa
Sintra,55 - 59 anos,M,14252,11255,2997,276,15,0,2,7,16,33,3,4,0,6,1,16,1,19,1,95,2148,16,882,499,203,377,133,492,1,10,2,441,21,80,3,24,16,0,1,1,1111,Sintra,Grande Lisboa
Sintra,60 - 64 anos,H,10333,8668,1665,186,15,1,9,5,7,13,1,13,0,6,0,8,0,9,4,53,1275,6,500,281,142,256,49,145,1,5,2,126,8,58,1,17,24,0,0,1,1111,Sintra,Grande Lisboa
Sintra,60 - 64 anos,M,12248,9970,2278,178,6,0,10,3,7,15,1,3,0,4,0,12,1,14,3,69,1693,8,716,376,171,295,90,331,1,5,4,288,25,76,1,14,33,1,2,0,1111,Sintra,Grande Lisboa
Sintra,65 - 69 anos,H,8710,7602,1108,104,7,1,2,2,10,11,1,5,0,4,0,7,5,3,5,20,857,4,334,242,59,155,39,98,0,7,0,79,5,47,0,11,21,1,1,2,1111,Sintra,Grande Lisboa
Sintra,65 - 69 anos,M,10861,9279,1582,101,3,0,3,3,5,9,0,4,0,1,0,8,1,10,1,37,1241,3,532,299,87,218,65,180,0,3,1,156,9,60,0,6,22,0,2,0,1111,Sintra,Grande Lisboa
Sintra,70 - 74 anos,H,7743,7132,611,71,5,1,2,0,6,17,0,8,0,3,0,2,2,3,3,3,465,2,166,115,37,112,14,41,0,4,1,33,1,34,0,5,11,0,0,0,1111,Sintra,Grande Lisboa
Sintra,70 - 74 anos,M,9918,8976,942,83,5,1,2,1,11,10,0,5,1,6,1,1,2,7,2,9,708,6,324,127,40,159,36,84,0,1,3,73,3,67,0,11,27,0,0,0,1111,Sintra,Grande Lisboa
Sintra,75 - 79 anos,H,6064,5713,351,50,7,1,4,0,7,5,0,9,0,2,1,1,2,0,2,0,256,0,93,77,7,56,14,15,0,4,1,9,0,29,0,3,17,0,0,1,1111,Sintra,Grande Lisboa
Sintra,75 - 79 anos,M,7676,7136,540,35,4,0,4,0,12,3,0,1,0,0,1,0,2,0,0,5,436,5,198,81,26,99,12,35,0,1,0,32,0,33,0,1,18,0,2,1,1111,Sintra,Grande Lisboa
Sintra,80 - 84 anos,H,3778,3594,184,19,2,0,1,0,7,4,0,3,0,1,0,0,0,0,0,0,140,1,54,40,4,33,4,5,0,2,0,3,0,20,0,0,16,0,0,0,1111,Sintra,Grande Lisboa
Sintra,80 - 84 anos,M,5664,5259,405,50,7,1,0,0,18,6,0,2,0,2,0,0,1,2,1,7,305,3,138,77,8,59,13,22,0,2,1,17,0,28,0,3,20,0,0,0,1111,Sintra,Grande Lisboa
Sintra,85 e mais anos,H,2790,2647,143,15,3,0,0,0,4,2,0,0,0,1,0,0,0,1,1,0,116,0,52,23,2,31,5,4,0,1,0,3,0,8,0,0,8,0,0,0,1111,Sintra,Grande Lisboa
Sintra,85 e mais anos,M,5681,5260,421,31,1,0,1,0,17,4,0,1,0,1,0,0,0,0,0,0,358,2,171,71,10,80,18,15,0,1,0,12,1,17,0,0,12,0,0,0,1111,Sintra,Grande Lisboa
Algueirão-Mem Martins,Total,H,32390,26456,5934,949,57,3,13,6,43,153,4,24,5,11,4,91,4,36,24,298,2973,38,1160,676,427,406,145,1667,8,15,3,1559,49,338,27,73,92,52,28,7,111102,Sintra,Grande Lisboa
Algueirão-Mem Martins,Total,M,36259,29091,7168,1041,68,1,12,8,29,159,7,12,10,13,8,97,3,65,25,334,3702,57,1506,876,426,496,224,2138,4,8,5,2016,56,278,7,91,45,33,17,9,111102,Sintra,Grande Lisboa
Algueirão-Mem Martins,0 - 4 anos,H,1672,1610,62,18,0,0,0,0,7,2,0,1,0,0,0,0,0,0,0,4,19,1,12,2,3,1,0,23,0,0,0,21,2,2,1,0,0,0,0,0,111102,Sintra,Grande Lisboa
Algueirão-Mem Martins,0 - 4 anos,M,1612,1549,63,10,0,0,0,0,1,3,0,0,1,0,0,0,0,0,0,0,20,1,13,2,0,1,2,27,0,0,0,26,0,5,0,2,0,0,0,1,111102,Sintra,Grande Lisboa
Algueirão-Mem Martins,5 - 9 anos,H,1672,1510,162,34,0,0,0,0,3,8,0,1,0,2,0,0,0,0,2,5,48,2,31,2,7,3,2,68,1,0,0,61,3,12,2,2,6,1,0,0,111102,Sintra,Grande Lisboa
Algueirão-Mem Martins,5 - 9 anos,M,1681,1481,200,40,0,0,1,0,2,8,2,1,1,1,0,0,0,3,0,7,76,2,35,10,11,3,7,71,0,0,0,70,0,13,1,4,1,1,1,0,111102,Sintra,Grande Lisboa
Algueirão-Mem Martins,10 - 14 anos,H,1934,1687,247,35,0,0,1,0,5,2,0,1,1,0,0,1,0,1,1,9,77,1,38,16,13,3,3,120,0,1,0,115,3,14,0,3,1,6,1,1,111102,Sintra,Grande Lisboa
Algueirão-Mem Martins,10 - 14 anos,M,1934,1738,196,26,1,0,1,0,3,0,2,0,2,1,0,0,0,0,1,7,78,1,31,19,18,2,5,82,0,0,0,81,1,10,0,5,2,2,0,0,111102,Sintra,Grande Lisboa
Algueirão-Mem Martins,15 - 19 anos,H,2084,1854,230,26,1,0,1,0,2,1,0,3,0,0,0,2,0,0,1,8,103,2,30,37,19,1,7,94,0,0,0,92,1,7,0,2,2,2,0,0,111102,Sintra,Grande Lisboa
Algueirão-Mem Martins,15 - 19 anos,M,2013,1737,276,25,0,0,0,0,2,0,0,1,1,1,0,2,0,1,1,5,124,1,41,33,28,6,9,121,1,2,0,117,1,6,0,2,1,1,1,0,111102,Sintra,Grande Lisboa
Algueirão-Mem Martins,20 - 24 anos,H,2138,1726,412,54,3,1,0,0,1,6,0,1,0,0,1,4,0,3,2,23,200,2,50,76,43,6,11,140,0,1,0,136,1,18,0,4,5,1,4,0,111102,Sintra,Grande Lisboa
Algueirão-Mem Martins,20 - 24 anos,M,2129,1677,452,61,2,0,1,0,1,2,0,1,0,2,0,7,0,1,1,29,231,0,65,96,33,7,23,148,0,1,0,142,1,11,0,3,2,3,2,1,111102,Sintra,Grande Lisboa
Algueirão-Mem Martins,25 - 29 anos,H,2080,1548,532,84,4,0,3,2,2,4,1,2,0,3,0,8,0,1,5,28,215,4,49,86,46,4,17,199,2,3,0,180,9,33,2,3,8,9,5,1,111102,Sintra,Grande Lisboa
Algueirão-Mem Martins,25 - 29 anos,M,2162,1610,552,72,4,0,3,1,1,7,0,1,1,0,1,3,0,0,8,26,241,0,68,92,48,4,24,205,1,0,0,192,9,34,2,5,5,7,5,0,111102,Sintra,Grande Lisboa
Algueirão-Mem Martins,30 - 34 anos,H,2066,1472,594,72,3,0,0,0,2,8,0,2,1,2,0,3,1,3,5,22,253,1,62,80,74,4,18,205,2,2,1,192,4,62,9,10,17,17,4,2,111102,Sintra,Grande Lisboa
Algueirão-Mem Martins,30 - 34 anos,M,2236,1577,659,93,3,0,1,0,0,12,0,1,0,1,2,12,0,7,9,29,272,10,76,109,47,5,17,246,0,0,2,223,10,42,3,15,3,11,4,6,111102,Sintra,Grande Lisboa
Algueirão-Mem Martins,35 - 39 anos,H,2248,1660,588,91,3,0,1,1,1,15,2,1,0,0,2,14,1,4,3,30,201,6,60,54,43,8,15,257,0,4,1,241,8,38,4,9,11,6,6,1,111102,Sintra,Grande Lisboa
Algueirão-Mem Martins,35 - 39 anos,M,2394,1711,683,106,9,0,1,3,1,11,1,0,0,0,3,20,0,9,1,37,259,5,82,80,43,15,29,295,0,1,1,281,8,23,0,8,7,2,1,0,111102,Sintra,Grande Lisboa
Algueirão-Mem Martins,40 - 44 anos,H,2540,1963,577,130,12,1,0,0,6,27,1,3,0,1,1,15,0,10,0,34,202,4,82,34,38,17,18,202,1,1,1,188,5,42,6,10,9,6,4,1,111102,Sintra,Grande Lisboa
Algueirão-Mem Martins,40 - 44 anos,M,2904,2122,782,145,16,0,0,0,2,20,0,1,1,1,1,20,0,8,1,46,298,6,111,78,52,29,11,315,0,0,0,302,8,24,0,12,0,4,0,0,111102,Sintra,Grande Lisboa
Algueirão-Mem Martins,45 - 49 anos,H,2776,2052,724,170,15,0,1,1,4,50,0,0,3,1,0,16,0,7,0,53,399,6,202,46,35,88,8,128,1,0,0,124,2,26,3,9,2,4,3,1,111102,Sintra,Grande Lisboa
Algueirão-Mem Martins,45 - 49 anos,M,3169,2226,943,194,14,0,1,2,2,55,0,1,2,3,1,16,1,12,0,56,491,10,247,60,42,95,20,236,1,2,2,220,5,22,1,10,1,1,0,0,111102,Sintra,Grande Lisboa
Algueirão-Mem Martins,50 - 54 anos,H,2531,1944,587,110,14,0,1,0,2,23,0,0,0,1,0,19,1,0,0,33,361,4,173,50,35,69,20,97,1,1,0,84,6,19,0,7,3,0,0,0,111102,Sintra,Grande Lisboa
Algueirão-Mem Martins,50 - 54 anos,M,2912,2156,756,103,12,1,0,1,2,25,0,1,0,2,0,10,2,8,0,25,470,9,237,82,31,80,17,166,1,0,0,158,4,16,0,8,1,1,0,1,111102,Sintra,Grande Lisboa
Algueirão-Mem Martins,55 - 59 anos,H,2215,1709,506,49,1,0,0,1,3,1,0,1,0,1,0,5,1,2,0,25,351,2,155,58,43,74,11,84,0,0,0,81,2,22,0,5,5,0,1,0,111102,Sintra,Grande Lisboa
Algueirão-Mem Martins,55 - 59 anos,M,2457,1934,523,63,3,0,0,0,1,12,2,0,0,0,0,4,0,5,1,25,337,4,134,65,28,74,21,98,0,0,0,88,4,25,0,10,3,0,1,0,111102,Sintra,Grande Lisboa
Algueirão-Mem Martins,60 - 64 anos,H,1738,1421,317,42,0,0,2,1,0,1,0,3,0,0,0,2,0,2,3,20,242,0,109,52,16,50,5,26,0,0,0,25,1,7,0,3,3,0,0,0,111102,Sintra,Grande Lisboa
Algueirão-Mem Martins,60 - 64 anos,M,2067,1662,405,48,2,0,1,1,1,1,0,1,0,0,0,2,0,3,1,26,274,2,120,56,22,59,10,70,0,1,0,65,4,13,0,3,6,0,0,0,111102,Sintra,Grande Lisboa
Algueirão-Mem Martins,65 - 69 anos,H,1413,1230,183,8,0,0,0,0,0,0,0,0,0,0,0,2,0,2,0,3,147,1,51,53,3,27,6,17,0,0,0,15,2,11,0,5,3,0,0,0,111102,Sintra,Grande Lisboa
Algueirão-Mem Martins,65 - 69 anos,M,1865,1580,285,23,0,0,1,0,0,0,0,1,0,0,0,1,0,6,0,11,225,1,106,48,9,38,15,26,0,0,0,25,0,11,0,1,2,0,1,0,111102,Sintra,Grande Lisboa
Algueirão-Mem Martins,70 - 74 anos,H,1270,1168,102,14,0,1,1,0,3,2,0,3,0,0,0,0,0,1,1,1,72,1,27,14,6,21,0,6,0,2,0,4,0,10,0,1,4,0,0,0,111102,Sintra,Grande Lisboa
Algueirão-Mem Martins,70 - 74 anos,M,1593,1437,156,11,0,0,0,0,3,1,0,1,1,0,0,0,0,2,0,1,120,1,47,20,8,35,6,13,0,0,0,12,1,12,0,2,6,0,0,0,111102,Sintra,Grande Lisboa
Algueirão-Mem Martins,75 - 79 anos,H,975,918,57,6,0,0,2,0,1,1,0,2,0,0,0,0,0,0,0,0,43,0,15,9,0,17,2,1,0,0,0,0,0,7,0,0,5,0,0,0,111102,Sintra,Grande Lisboa
Algueirão-Mem Martins,75 - 79 anos,M,1251,1154,97,5,0,0,1,0,3,0,0,0,0,0,0,0,0,0,0,1,74,2,39,7,2,18,3,11,0,0,0,9,0,7,0,1,2,0,1,0,111102,Sintra,Grande Lisboa
Algueirão-Mem Martins,80 - 84 anos,H,611,574,37,2,0,0,0,0,0,2,0,0,0,0,0,0,0,0,0,0,28,1,9,7,2,8,1,0,0,0,0,0,0,7,0,0,7,0,0,0,111102,Sintra,Grande Lisboa
Algueirão-Mem Martins,80 - 84 anos,M,923,842,81,12,2,0,0,0,3,1,0,0,0,1,0,0,0,0,1,3,60,2,26,12,2,13,3,6,0,1,0,4,0,3,0,0,2,0,0,0,111102,Sintra,Grande Lisboa
Algueirão-Mem Martins,85 e mais anos,H,427,410,17,4,1,0,0,0,1,0,0,0,0,0,0,0,0,0,1,0,12,0,5,0,1,5,1,0,0,0,0,0,0,1,0,0,1,0,0,0,111102,Sintra,Grande Lisboa
Algueirão-Mem Martins,85 e mais anos,M,957,898,59,4,0,0,0,0,1,1,0,1,0,0,0,0,0,0,0,0,52,0,28,7,2,12,2,2,0,0,0,1,0,1,0,0,1,0,0,0,111102,Sintra,Grande Lisboa
Casal de Cambra,Total,H,6340,5282,1058,155,14,0,2,2,3,47,0,4,1,0,0,25,1,2,7,21,508,5,177,141,64,41,61,345,1,2,0,338,1,50,3,6,11,6,5,0,111115,Sintra,Grande Lisboa
Casal de Cambra,Total,M,7007,5705,1302,149,16,0,2,1,4,35,0,3,2,1,4,25,0,4,4,23,689,9,263,172,86,46,101,405,5,3,1,388,3,58,2,6,14,7,2,1,111115,Sintra,Grande Lisboa
Casal de Cambra,0 - 4 anos,H,369,354,15,3,0,0,0,0,0,1,0,0,0,0,0,1,0,0,0,0,4,0,2,1,0,0,1,7,0,0,0,6,0,1,0,0,0,0,0,0,111115,Sintra,Grande Lisboa
Casal de Cambra,0 - 4 anos,M,326,309,17,3,0,0,0,0,1,1,0,0,0,0,0,0,0,0,0,0,3,0,1,0,1,0,1,7,0,0,0,7,0,4,0,0,0,0,0,0,111115,Sintra,Grande Lisboa
Casal de Cambra,5 - 9 anos,H,377,320,57,10,0,0,1,0,1,2,0,1,0,0,0,0,1,0,1,1,15,1,9,3,0,0,2,26,0,0,0,26,0,6,1,0,0,0,0,0,111115,Sintra,Grande Lisboa
Casal de Cambra,5 - 9 anos,M,330,307,23,3,0,0,0,0,0,0,0,0,1,0,0,0,0,0,0,0,7,0,4,1,2,0,0,12,2,0,0,10,0,1,0,0,1,0,0,0,111115,Sintra,Grande Lisboa
Casal de Cambra,10 - 14 anos,H,404,354,50,11,0,0,0,0,0,3,0,0,0,0,0,0,0,1,1,2,18,0,8,3,1,0,5,20,0,0,0,19,0,1,0,1,0,0,0,0,111115,Sintra,Grande Lisboa
Casal de Cambra,10 - 14 anos,M,422,389,33,8,0,0,0,0,1,1,0,0,0,0,0,2,0,0,0,0,16,1,5,4,3,0,3,7,1,0,0,6,0,2,0,0,1,0,0,0,111115,Sintra,Grande Lisboa
Casal de Cambra,15 - 19 anos,H,415,365,50,5,0,0,0,0,0,0,0,0,0,0,0,3,0,0,1,0,26,1,3,7,8,1,6,16,0,0,0,16,0,3,0,1,0,0,1,0,111115,Sintra,Grande Lisboa
Casal de Cambra,15 - 19 anos,M,443,382,61,6,1,0,0,0,0,1,0,0,0,0,0,1,0,0,1,1,24,1,5,10,2,0,5,28,0,2,0,25,0,3,0,1,0,0,1,0,111115,Sintra,Grande Lisboa
Casal de Cambra,20 - 24 anos,H,442,343,99,10,0,0,0,0,0,1,0,0,0,0,0,1,0,0,0,2,48,0,11,19,10,0,7,39,0,1,0,38,0,2,0,0,1,0,0,0,111115,Sintra,Grande Lisboa
Casal de Cambra,20 - 24 anos,M,432,335,97,14,2,0,0,0,0,1,0,0,0,0,3,0,0,0,1,3,52,0,19,15,8,0,9,29,0,0,0,28,0,2,0,0,0,0,0,0,111115,Sintra,Grande Lisboa
Casal de Cambra,25 - 29 anos,H,379,292,87,4,1,0,0,1,0,0,0,0,0,0,0,0,0,0,0,1,44,0,9,21,6,1,5,34,1,1,0,31,1,5,0,0,2,1,1,0,111115,Sintra,Grande Lisboa
Casal de Cambra,25 - 29 anos,M,441,322,119,16,3,0,0,0,0,4,0,1,1,0,0,1,0,0,1,3,51,1,13,21,6,1,9,47,1,0,0,46,0,5,1,0,2,1,0,0,111115,Sintra,Grande Lisboa
Casal de Cambra,30 - 34 anos,H,408,322,86,8,0,0,0,0,0,3,0,0,0,0,0,3,0,0,1,0,33,1,12,8,4,2,4,37,0,0,0,37,0,8,0,1,2,2,1,0,111115,Sintra,Grande Lisboa
Casal de Cambra,30 - 34 anos,M,432,323,109,12,1,0,0,0,0,2,0,0,0,0,1,5,0,0,0,0,40,0,13,11,4,0,9,49,1,0,1,47,0,8,1,0,3,3,0,0,111115,Sintra,Grande Lisboa
Casal de Cambra,35 - 39 anos,H,465,360,105,12,0,0,0,0,1,6,0,1,0,0,0,1,0,0,3,0,34,1,16,7,4,1,4,54,0,0,0,54,0,5,1,0,2,1,1,0,111115,Sintra,Grande Lisboa
Casal de Cambra,35 - 39 anos,M,546,380,166,10,1,0,0,0,0,2,0,1,0,0,0,2,0,0,1,3,69,2,18,18,12,1,17,79,0,0,0,76,2,8,0,0,0,2,1,0,111115,Sintra,Grande Lisboa
Casal de Cambra,40 - 44 anos,H,490,382,108,26,5,0,0,0,0,13,0,1,0,0,0,5,0,0,0,1,28,0,8,9,2,1,6,49,0,0,0,49,0,5,1,1,2,0,0,0,111115,Sintra,Grande Lisboa
Casal de Cambra,40 - 44 anos,M,583,431,152,23,3,0,1,1,1,7,0,1,0,0,0,5,0,1,0,1,66,2,26,14,9,2,12,56,0,0,0,55,1,7,0,4,1,0,0,0,111115,Sintra,Grande Lisboa
Casal de Cambra,45 - 49 anos,H,500,379,121,35,5,0,0,1,0,10,0,1,0,0,0,5,0,0,0,8,62,1,34,9,7,6,4,22,0,0,0,21,0,2,0,0,0,0,1,0,111115,Sintra,Grande Lisboa
Casal de Cambra,45 - 49 anos,M,526,386,140,25,2,0,0,0,0,9,0,0,0,1,0,4,0,0,0,6,85,0,45,11,8,10,10,26,0,0,0,25,0,3,0,0,0,0,0,1,111115,Sintra,Grande Lisboa
Casal de Cambra,50 - 54 anos,H,457,357,100,19,3,0,0,0,0,4,0,0,1,0,0,4,0,1,0,2,60,0,28,7,7,9,7,16,0,0,0,16,0,5,0,1,0,1,0,0,111115,Sintra,Grande Lisboa
Casal de Cambra,50 - 54 anos,M,539,403,136,19,3,0,1,0,0,6,0,0,0,0,0,3,0,2,0,2,84,0,43,15,12,6,5,29,0,0,0,29,0,4,0,0,1,0,0,0,111115,Sintra,Grande Lisboa
Casal de Cambra,55 - 59 anos,H,362,294,68,6,0,0,1,0,0,2,0,0,0,0,0,1,0,0,0,2,44,0,12,9,7,8,6,14,0,0,0,14,0,4,0,0,1,0,0,0,111115,Sintra,Grande Lisboa
Casal de Cambra,55 - 59 anos,M,427,338,89,3,0,0,0,0,0,0,0,0,0,0,0,0,0,0,0,2,67,1,19,17,9,10,11,18,0,1,0,17,0,1,0,0,0,0,0,0,111115,Sintra,Grande Lisboa
Casal de Cambra,60 - 64 anos,H,307,255,52,2,0,0,0,0,0,0,0,0,0,0,0,1,0,0,0,1,44,0,9,19,7,4,2,6,0,0,0,6,0,0,0,0,0,0,0,0,111115,Sintra,Grande Lisboa
Casal de Cambra,60 - 64 anos,M,387,320,67,3,0,0,0,0,0,1,0,0,0,0,0,1,0,0,0,1,46,0,17,17,4,4,3,13,0,0,0,13,0,5,0,1,2,1,0,0,111115,Sintra,Grande Lisboa
Casal de Cambra,65 - 69 anos,H,339,310,29,2,0,0,0,0,1,0,0,0,0,0,0,0,0,0,0,1,22,0,5,11,0,3,2,3,0,0,0,3,0,2,0,1,0,1,0,0,111115,Sintra,Grande Lisboa
Casal de Cambra,65 - 69 anos,M,372,326,46,2,0,0,0,0,0,0,0,0,0,0,0,1,0,0,0,1,38,0,18,9,4,3,4,3,0,0,0,2,0,3,0,0,2,0,0,0,111115,Sintra,Grande Lisboa
Casal de Cambra,70 - 74 anos,H,239,222,17,2,0,0,0,0,0,2,0,0,0,0,0,0,0,0,0,0,15,0,7,4,0,3,0,0,0,0,0,0,0,0,0,0,0,0,0,0,111115,Sintra,Grande Lisboa
Casal de Cambra,70 - 74 anos,M,284,259,25,1,0,0,0,0,0,0,0,0,0,0,0,0,0,1,0,0,20,1,8,4,1,5,1,2,0,0,0,2,0,2,0,0,1,0,0,0,111115,Sintra,Grande Lisboa
Casal de Cambra,75 - 79 anos,H,202,197,5,0,0,0,0,0,0,0,0,0,0,0,0,0,0,0,0,0,3,0,1,2,0,0,0,2,0,0,0,2,0,0,0,0,0,0,0,0,111115,Sintra,Grande Lisboa
Casal de Cambra,75 - 79 anos,M,237,226,11,0,0,0,0,0,0,0,0,0,0,0,0,0,0,0,0,0,11,0,5,1,1,2,2,0,0,0,0,0,0,0,0,0,0,0,0,0,111115,Sintra,Grande Lisboa
Casal de Cambra,80 - 84 anos,H,108,104,4,0,0,0,0,0,0,0,0,0,0,0,0,0,0,0,0,0,4,0,2,0,1,1,0,0,0,0,0,0,0,0,0,0,0,0,0,0,111115,Sintra,Grande Lisboa
Casal de Cambra,80 - 84 anos,M,162,155,7,1,0,0,0,0,1,0,0,0,0,0,0,0,0,0,0,0,6,0,2,2,0,2,0,0,0,0,0,0,0,0,0,0,0,0,0,0,111115,Sintra,Grande Lisboa
Casal de Cambra,85 e mais anos,H,77,72,5,0,0,0,0,0,0,0,0,0,0,0,0,0,0,0,0,0,4,0,1,2,0,1,0,0,0,0,0,0,0,1,0,0,1,0,0,0,111115,Sintra,Grande Lisboa
Casal de Cambra,85 e mais anos,M,118,114,4,0,0,0,0,0,0,0,0,0,0,0,0,0,0,0,0,0,4,0,2,2,0,0,0,0,0,0,0,0,0,0,0,0,0,0,0,0,111115,Sintra,Grande Lisboa
Colares,Total,H,3686,3248,438,211,24,0,4,1,8,21,0,2,0,6,1,55,3,3,5,28,95,2,49,8,3,24,1,117,1,12,5,94,3,13,0,4,2,0,0,2,111105,Sintra,Grande Lisboa
Colares,Total,M,4060,3514,546,258,25,2,6,4,13,25,1,7,0,8,2,64,5,15,3,35,130,3,71,6,2,39,3,139,4,14,4,106,5,18,0,6,0,1,1,1,111105,Sintra,Grande Lisboa
Colares,0 - 4 anos,H,145,133,12,7,2,0,1,0,0,1,0,0,0,1,0,0,0,0,1,0,0,0,0,0,0,0,0,5,0,0,0,5,0,0,0,0,0,0,0,0,111105,Sintra,Grande Lisboa
Colares,0 - 4 anos,M,143,126,17,6,1,0,0,0,0,1,0,0,0,0,0,0,0,1,1,0,1,0,1,0,0,0,0,8,0,1,0,6,1,2,0,0,0,0,0,0,111105,Sintra,Grande Lisboa
Colares,5 - 9 anos,H,187,167,20,10,1,0,0,0,0,2,0,0,0,0,0,2,0,0,0,0,2,0,0,1,0,1,0,6,0,1,0,5,0,2,0,0,0,0,0,0,111105,Sintra,Grande Lisboa
Colares,5 - 9 anos,M,176,156,20,14,2,0,2,0,1,0,0,0,0,1,0,2,0,1,1,0,1,0,1,0,0,0,0,5,0,1,0,4,0,0,0,0,0,0,0,0,111105,Sintra,Grande Lisboa
Colares,10 - 14 anos,H,205,189,16,9,0,0,0,1,1,2,0,0,0,0,0,2,0,0,0,0,2,0,1,1,0,0,0,5,0,1,0,4,0,0,0,0,0,0,0,0,111105,Sintra,Grande Lisboa
Colares,10 - 14 anos,M,194,181,13,5,0,0,0,0,0,0,0,0,0,1,0,1,0,2,0,0,2,0,1,0,0,1,0,5,0,1,0,4,0,1,0,0,0,0,0,0,111105,Sintra,Grande Lisboa
Colares,15 - 19 anos,H,210,197,13,3,0,0,0,0,0,0,0,0,0,0,0,0,1,0,0,0,0,0,0,0,0,0,0,10,0,1,1,8,0,0,0,0,0,0,0,0,111105,Sintra,Grande Lisboa
Colares,15 - 19 anos,M,195,186,9,6,0,0,0,0,0,0,0,0,0,1,0,3,1,0,0,1,0,0,0,0,0,0,0,3,0,0,0,2,0,0,0,0,0,0,0,0,111105,Sintra,Grande Lisboa
Colares,20 - 24 anos,H,177,157,20,10,0,0,0,0,0,0,0,0,0,0,0,6,0,0,1,2,1,0,0,0,0,0,1,9,0,0,0,9,0,0,0,0,0,0,0,0,111105,Sintra,Grande Lisboa
Colares,20 - 24 anos,M,188,167,21,11,2,0,0,1,1,0,0,1,0,1,0,2,0,1,0,1,2,0,0,1,0,1,0,7,0,0,0,7,0,1,0,0,0,0,1,0,111105,Sintra,Grande Lisboa
Colares,25 - 29 anos,H,176,151,25,6,1,0,0,0,1,0,0,0,0,0,0,1,0,0,0,1,3,0,0,1,0,0,0,15,0,0,0,13,1,1,0,1,0,0,0,0,111105,Sintra,Grande Lisboa
Colares,25 - 29 anos,M,170,141,29,15,2,0,0,1,1,0,0,0,0,0,0,6,0,0,0,2,3,0,0,1,0,1,0,10,0,0,0,10,0,1,0,0,0,1,0,0,111105,Sintra,Grande Lisboa
Colares,30 - 34 anos,H,166,141,25,15,4,0,1,0,0,0,0,0,0,0,1,4,0,1,0,3,0,0,0,0,0,0,0,8,0,0,0,7,0,1,0,1,0,0,0,1,111105,Sintra,Grande Lisboa
Colares,30 - 34 anos,M,175,134,41,19,1,0,0,0,1,3,0,0,0,0,1,8,0,2,0,1,4,0,2,1,0,0,0,12,0,0,0,9,2,5,0,2,0,0,0,1,111105,Sintra,Grande Lisboa
Colares,35 - 39 anos,H,236,191,45,24,2,0,0,0,0,2,0,0,0,0,0,12,0,0,0,2,5,1,2,1,1,0,0,14,1,2,1,8,2,1,0,0,0,0,0,1,111105,Sintra,Grande Lisboa
Colares,35 - 39 anos,M,249,193,56,36,2,1,0,0,0,5,0,2,0,0,0,11,0,4,0,5,1,0,1,0,0,0,0,18,1,2,0,15,0,1,0,0,0,0,0,0,111105,Sintra,Grande Lisboa
Colares,40 - 44 anos,H,268,216,52,29,0,0,0,0,1,5,0,0,0,0,0,14,0,1,0,4,4,1,1,0,1,1,0,17,0,2,2,13,0,2,0,0,0,0,0,0,111105,Sintra,Grande Lisboa
Colares,40 - 44 anos,M,266,215,51,32,3,0,0,1,0,3,1,0,0,0,1,13,0,0,1,2,3,0,0,0,1,2,0,15,0,3,1,10,0,1,0,0,0,0,0,0,111105,Sintra,Grande Lisboa
Colares,45 - 49 anos,H,280,243,37,17,2,0,0,0,0,2,0,0,0,0,0,6,0,1,0,2,13,0,10,0,0,3,0,7,0,1,0,6,0,0,0,0,0,0,0,0,111105,Sintra,Grande Lisboa
Colares,45 - 49 anos,M,321,265,56,22,1,0,0,0,2,2,0,1,0,0,0,7,1,1,0,4,17,2,11,0,0,4,0,17,0,2,2,13,0,0,0,0,0,0,0,0,111105,Sintra,Grande Lisboa
Colares,50 - 54 anos,H,248,208,40,14,0,0,0,0,0,3,0,1,0,1,0,3,0,0,0,3,22,0,10,3,0,8,0,3,0,0,0,3,0,1,0,1,0,0,0,0,111105,Sintra,Grande Lisboa
Colares,50 - 54 anos,M,294,237,57,21,2,0,0,0,2,6,0,0,0,0,0,4,0,1,0,4,23,0,11,1,0,11,0,11,2,0,0,8,1,2,0,1,0,0,0,0,111105,Sintra,Grande Lisboa
Colares,55 - 59 anos,H,295,258,37,16,3,0,0,0,0,0,0,0,0,0,0,3,1,0,0,7,12,0,6,0,1,5,0,8,0,0,0,8,0,1,0,0,0,0,0,0,111105,Sintra,Grande Lisboa
Colares,55 - 59 anos,M,298,253,45,19,3,0,0,1,0,1,0,1,0,0,0,4,1,0,0,6,15,0,10,0,0,4,0,10,1,1,0,6,0,1,0,1,0,0,0,0,111105,Sintra,Grande Lisboa
Colares,60 - 64 anos,H,267,242,25,11,2,0,1,0,1,0,0,0,0,0,0,1,0,0,1,1,9,0,4,0,0,5,0,3,0,1,0,2,0,2,0,1,0,0,0,0,111105,Sintra,Grande Lisboa
Colares,60 - 64 anos,M,258,223,35,16,1,0,2,0,0,2,0,0,0,1,0,2,0,0,0,7,14,0,9,0,0,4,1,5,0,2,0,2,1,0,0,0,0,0,0,0,111105,Sintra,Grande Lisboa
Colares,65 - 69 anos,H,220,190,30,16,2,0,0,0,3,1,0,0,0,1,0,0,0,0,1,3,10,0,7,0,0,1,0,3,0,1,0,2,0,1,0,0,1,0,0,0,111105,Sintra,Grande Lisboa
Colares,65 - 69 anos,M,272,242,30,7,0,0,0,0,0,1,0,0,0,0,0,1,0,1,0,0,15,0,9,1,0,3,1,7,0,0,0,7,0,1,0,1,0,0,0,0,111105,Sintra,Grande Lisboa
Colares,70 - 74 anos,H,219,204,15,8,0,0,0,0,0,2,0,0,0,2,0,0,0,0,1,0,7,0,5,0,0,0,0,0,0,0,0,0,0,0,0,0,0,0,0,0,111105,Sintra,Grande Lisboa
Colares,70 - 74 anos,M,276,248,28,13,3,0,0,0,1,0,0,1,0,3,0,0,1,1,0,0,11,1,4,0,1,4,0,3,0,0,1,1,0,1,0,0,0,0,0,0,111105,Sintra,Grande Lisboa
Colares,75 - 79 anos,H,174,157,17,11,3,0,0,0,0,1,0,1,0,0,0,1,1,0,0,0,4,0,2,1,0,0,0,2,0,0,1,1,0,0,0,0,0,0,0,0,111105,Sintra,Grande Lisboa
Colares,75 - 79 anos,M,178,165,13,7,2,0,1,0,1,0,0,1,0,0,0,0,0,0,0,1,4,0,2,0,0,2,0,2,0,0,0,2,0,0,0,0,0,0,0,0,111105,Sintra,Grande Lisboa
Colares,80 - 84 anos,H,97,92,5,3,1,0,1,0,1,0,0,0,0,0,0,0,0,0,0,0,1,0,1,0,0,0,0,1,0,1,0,0,0,0,0,0,0,0,0,0,111105,Sintra,Grande Lisboa
Colares,80 - 84 anos,M,145,134,11,6,0,1,0,0,3,0,0,0,0,0,0,0,1,0,0,1,4,0,4,0,0,0,0,0,0,0,0,0,0,1,0,1,0,0,0,0,111105,Sintra,Grande Lisboa
Colares,85 e mais anos,H,116,112,4,2,1,0,0,0,0,0,0,0,0,1,0,0,0,0,0,0,0,0,0,0,0,0,0,1,0,1,0,0,0,1,0,0,1,0,0,0,111105,Sintra,Grande Lisboa
Colares,85 e mais anos,M,262,248,14,3,0,0,1,0,0,1,0,0,0,0,0,0,0,0,0,0,10,0,5,1,0,2,1,1,0,1,0,0,0,0,0,0,0,0,0,0,111105,Sintra,Grande Lisboa
Rio de Mouro,Total,H,23265,18888,4377,564,40,2,11,7,32,133,3,15,6,7,2,31,7,17,21,103,2550,20,1075,620,284,283,161,1045,5,20,4,959,40,215,27,48,72,8,14,3,111108,Sintra,Grande Lisboa
Rio de Mouro,Total,M,26224,20696,5528,595,31,1,12,7,30,144,2,13,3,9,6,44,4,25,22,124,3350,33,1438,858,325,368,219,1402,8,16,6,1285,56,178,11,43,43,10,7,3,111108,Sintra,Grande Lisboa
Rio de Mouro,0 - 4 anos,H,1295,1237,58,15,0,0,1,0,4,2,0,0,0,1,0,0,0,0,0,0,20,0,14,3,1,0,1,21,0,4,0,17,0,2,2,0,0,0,0,0,111108,Sintra,Grande Lisboa
Rio de Mouro,0 - 4 anos,M,1209,1157,52,19,0,0,2,0,2,1,1,0,0,0,0,2,0,0,2,1,15,0,8,2,2,0,1,16,0,1,0,14,1,2,0,0,1,0,0,0,111108,Sintra,Grande Lisboa
Rio de Mouro,5 - 9 anos,H,1244,1082,162,33,1,0,1,0,4,6,2,0,0,1,0,0,1,2,3,2,58,0,36,9,5,1,4,63,2,0,0,56,4,8,0,0,1,1,4,0,111108,Sintra,Grande Lisboa
Rio de Mouro,5 - 9 anos,M,1199,1060,139,23,0,0,1,0,0,4,0,2,0,0,1,0,1,0,2,4,54,0,36,9,2,3,2,53,0,1,0,49,1,9,0,1,3,1,1,0,111108,Sintra,Grande Lisboa
Rio de Mouro,10 - 14 anos,H,1376,1206,170,31,1,1,1,0,5,4,0,2,0,1,0,2,0,1,0,5,85,0,44,22,8,4,5,42,0,1,0,39,2,12,0,4,5,0,1,0,111108,Sintra,Grande Lisboa
Rio de Mouro,10 - 14 anos,M,1405,1238,167,22,0,0,1,0,3,4,0,3,0,1,0,1,1,0,1,3,82,1,39,18,10,1,5,55,0,0,0,50,3,8,0,1,2,0,0,0,111108,Sintra,Grande Lisboa
Rio de Mouro,15 - 19 anos,H,1503,1302,201,20,2,0,1,0,0,4,0,0,0,0,0,3,0,2,0,3,102,0,30,34,18,1,13,73,0,2,0,69,2,6,0,4,1,0,1,0,111108,Sintra,Grande Lisboa
Rio de Mouro,15 - 19 anos,M,1480,1278,202,16,1,0,1,0,1,2,0,1,0,0,0,1,0,0,2,2,124,2,40,43,22,2,9,57,0,1,0,53,1,5,1,1,1,0,0,0,111108,Sintra,Grande Lisboa
Rio de Mouro,20 - 24 anos,H,1601,1262,339,50,2,0,1,0,1,4,0,2,1,0,0,2,0,3,6,15,177,1,52,72,27,3,9,96,0,1,0,91,3,16,0,6,7,0,0,0,111108,Sintra,Grande Lisboa
Rio de Mouro,20 - 24 anos,M,1627,1294,333,35,5,0,0,0,1,5,0,1,0,0,0,2,0,0,1,7,190,0,62,73,24,5,16,101,0,0,0,99,2,6,1,1,1,1,0,1,111108,Sintra,Grande Lisboa
Rio de Mouro,25 - 29 anos,H,1564,1114,450,55,4,0,0,0,2,4,0,1,1,0,1,4,0,2,6,13,236,2,77,85,42,4,18,131,0,1,0,121,7,28,4,4,16,1,1,0,111108,Sintra,Grande Lisboa
Rio de Mouro,25 - 29 anos,M,1644,1181,463,50,2,0,1,0,0,12,0,0,1,1,0,2,0,0,6,14,251,2,64,106,36,3,26,148,0,2,0,138,3,14,6,0,2,2,0,0,111108,Sintra,Grande Lisboa
Rio de Mouro,30 - 34 anos,H,1525,1099,426,42,3,0,1,0,1,9,1,1,0,1,0,1,0,0,6,7,210,2,71,75,28,1,23,135,0,4,1,123,4,39,14,3,13,4,1,0,111108,Sintra,Grande Lisboa
Rio de Mouro,30 - 34 anos,M,1737,1198,539,53,0,1,1,1,5,11,0,1,0,0,1,4,0,4,5,8,293,2,91,120,35,6,31,166,2,5,2,146,11,25,2,4,7,5,2,2,111108,Sintra,Grande Lisboa
Rio de Mouro,35 - 39 anos,H,1588,1226,362,43,0,1,1,2,1,6,0,1,1,0,0,4,0,0,0,14,159,1,50,49,25,4,22,132,1,1,2,118,9,28,4,3,12,1,3,0,111108,Sintra,Grande Lisboa
Rio de Mouro,35 - 39 anos,M,1771,1277,494,52,4,0,0,2,1,7,0,1,1,0,1,5,0,1,1,14,216,6,74,67,38,4,20,209,0,1,1,192,10,17,0,6,1,1,2,0,111108,Sintra,Grande Lisboa
Rio de Mouro,40 - 44 anos,H,1805,1409,396,70,8,0,0,1,3,16,0,1,1,0,0,7,2,2,0,13,189,4,71,42,24,18,16,123,0,1,0,121,1,14,3,4,2,1,1,0,111108,Sintra,Grande Lisboa
Rio de Mouro,40 - 44 anos,M,2145,1566,579,91,9,0,1,1,4,22,0,2,1,1,1,15,1,2,0,21,281,6,99,83,35,22,28,192,0,1,0,184,4,15,0,7,5,0,0,0,111108,Sintra,Grande Lisboa
Rio de Mouro,45 - 49 anos,H,1918,1425,493,86,9,0,2,0,1,38,0,2,1,1,1,5,0,2,0,19,295,2,162,29,23,60,9,93,1,3,0,83,4,18,0,8,4,0,1,1,111108,Sintra,Grande Lisboa
Rio de Mouro,45 - 49 anos,M,2249,1612,637,104,4,0,1,1,3,51,0,1,0,2,0,8,0,7,2,15,377,5,208,50,31,54,18,140,1,1,0,132,2,16,0,8,1,0,1,0,111108,Sintra,Grande Lisboa
Rio de Mouro,50 - 54 anos,H,1780,1336,444,50,3,0,1,0,4,24,0,1,1,0,0,3,2,1,0,4,317,5,165,46,28,55,10,66,1,0,0,58,3,10,0,6,0,0,1,1,111108,Sintra,Grande Lisboa
Rio de Mouro,50 - 54 anos,M,2087,1509,578,58,6,0,1,1,2,17,0,0,0,2,1,3,1,5,0,11,417,4,205,86,30,65,20,91,4,1,0,78,7,12,0,6,2,0,0,0,111108,Sintra,Grande Lisboa
Rio de Mouro,55 - 59 anos,H,1535,1253,282,23,1,0,0,1,0,9,0,0,0,1,0,0,0,1,0,3,218,2,90,40,27,38,10,32,0,0,1,29,0,8,0,3,1,0,0,1,111108,Sintra,Grande Lisboa
Rio de Mouro,55 - 59 anos,M,1816,1407,409,24,0,0,0,0,0,4,0,0,0,0,1,0,0,2,0,7,315,1,145,64,25,54,20,60,0,0,1,55,3,10,1,3,2,0,0,0,111108,Sintra,Grande Lisboa
Rio de Mouro,60 - 64 anos,H,1292,1050,242,18,3,0,1,2,0,2,0,1,0,0,0,0,0,0,0,2,197,1,96,39,14,36,6,18,0,0,0,17,1,9,0,0,4,0,0,0,111108,Sintra,Grande Lisboa
Rio de Mouro,60 - 64 anos,M,1528,1184,344,16,0,0,1,1,0,0,1,0,0,0,0,0,0,2,0,7,265,1,130,53,22,45,8,51,1,0,2,41,4,12,0,2,4,0,1,0,111108,Sintra,Grande Lisboa
Rio de Mouro,65 - 69 anos,H,1043,874,169,14,2,0,0,1,0,3,0,1,0,1,0,0,2,0,0,2,139,0,57,40,9,21,9,10,0,1,0,9,0,6,0,1,2,0,0,0,111108,Sintra,Grande Lisboa
Rio de Mouro,65 - 69 anos,M,1284,1031,253,10,0,0,0,0,0,1,0,0,0,0,0,0,0,2,0,5,205,1,96,47,8,41,6,30,0,1,0,24,3,8,0,1,2,0,0,0,111108,Sintra,Grande Lisboa
Rio de Mouro,70 - 74 anos,H,842,755,87,3,0,0,0,0,0,1,0,0,0,0,0,0,0,1,0,1,75,0,27,19,4,17,5,6,0,1,0,4,0,3,0,0,1,0,0,0,111108,Sintra,Grande Lisboa
Rio de Mouro,70 - 74 anos,M,1076,938,138,10,0,0,1,0,1,1,0,1,0,1,0,1,0,0,0,3,101,0,55,15,2,22,3,17,0,1,0,15,1,10,0,1,4,0,0,0,111108,Sintra,Grande Lisboa
Rio de Mouro,75 - 79 anos,H,641,591,50,4,0,0,0,0,2,1,0,1,0,0,0,0,0,0,0,0,40,0,18,9,1,9,1,2,0,0,0,2,0,4,0,2,1,0,0,0,111108,Sintra,Grande Lisboa
Rio de Mouro,75 - 79 anos,M,796,713,83,4,0,0,0,0,3,0,0,0,0,0,0,0,0,0,0,1,69,1,38,9,2,16,1,6,0,0,0,6,0,4,0,0,3,0,0,0,111108,Sintra,Grande Lisboa
Rio de Mouro,80 - 84 anos,H,430,407,23,5,0,0,0,0,3,0,0,1,0,0,0,0,0,0,0,0,14,0,5,5,0,4,0,1,0,0,0,1,0,3,0,0,1,0,0,0,111108,Sintra,Grande Lisboa
Rio de Mouro,80 - 84 anos,M,578,526,52,5,0,0,0,0,1,2,0,0,0,1,0,0,0,0,0,1,38,0,21,5,1,7,3,5,0,0,0,4,0,4,0,1,1,0,0,0,111108,Sintra,Grande Lisboa
Rio de Mouro,85 e mais anos,H,283,260,23,2,1,0,0,0,1,0,0,0,0,0,0,0,0,0,0,0,19,0,10,2,0,7,0,1,0,0,0,1,0,1,0,0,1,0,0,0,111108,Sintra,Grande Lisboa
Rio de Mouro,85 e mais anos,M,593,527,66,3,0,0,0,0,3,0,0,0,0,0,0,0,0,0,0,0,57,1,27,8,0,18,2,5,0,0,0,5,0,1,0,0,1,0,0,0,111108,Sintra,Grande Lisboa
União das freguesias de Agualva e Mira-Sintra,Total,H,19152,14851,4301,389,37,1,6,3,23,80,0,10,4,12,1,36,1,9,19,73,2934,14,861,955,558,212,201,746,0,9,4,690,26,230,32,30,99,16,27,2,111122,Sintra,Grande Lisboa
União das freguesias de Agualva e Mira-Sintra,Total,M,22171,16604,5567,414,28,2,6,5,24,87,0,6,6,4,4,45,1,22,12,89,3992,22,1152,1448,637,280,339,976,4,13,4,892,50,182,11,29,70,11,18,3,111122,Sintra,Grande Lisboa
União das freguesias de Agualva e Mira-Sintra,0 - 4 anos,H,989,948,41,15,1,0,2,0,3,1,0,2,0,0,0,0,0,0,1,0,13,0,5,4,1,0,3,11,0,0,0,11,0,2,0,0,2,0,0,0,111122,Sintra,Grande Lisboa
União das freguesias de Agualva e Mira-Sintra,0 - 4 anos,M,890,842,48,7,0,0,0,0,1,3,0,0,0,0,0,0,0,0,0,2,19,0,6,9,2,0,1,20,0,4,0,16,0,2,0,0,1,1,0,0,111122,Sintra,Grande Lisboa
União das freguesias de Agualva e Mira-Sintra,5 - 9 anos,H,920,773,147,18,0,0,0,0,3,3,0,0,0,0,0,0,0,1,1,2,81,0,30,23,15,0,8,41,0,0,0,38,2,7,2,0,4,0,1,0,111122,Sintra,Grande Lisboa
União das freguesias de Agualva e Mira-Sintra,5 - 9 anos,M,935,799,136,17,3,0,1,0,2,4,0,0,0,0,0,0,0,0,1,0,76,1,27,23,14,1,6,41,0,1,1,38,1,2,0,0,0,0,1,0,111122,Sintra,Grande Lisboa
União das freguesias de Agualva e Mira-Sintra,10 - 14 anos,H,994,838,156,16,4,0,0,0,3,1,0,0,1,1,0,0,0,0,1,2,99,0,31,37,21,1,4,37,0,0,1,33,1,4,1,0,0,0,2,0,111122,Sintra,Grande Lisboa
União das freguesias de Agualva e Mira-Sintra,10 - 14 anos,M,967,778,189,21,0,0,0,0,4,1,0,1,1,0,0,4,0,0,0,2,124,0,29,40,33,1,16,38,0,0,1,34,2,6,1,1,1,1,1,0,111122,Sintra,Grande Lisboa
União das freguesias de Agualva e Mira-Sintra,15 - 19 anos,H,1143,890,253,17,1,0,0,0,1,2,0,0,0,0,0,0,0,0,2,3,172,0,38,61,45,1,9,50,0,2,0,45,2,14,0,5,2,2,4,0,111122,Sintra,Grande Lisboa
União das freguesias de Agualva e Mira-Sintra,15 - 19 anos,M,1108,845,263,11,1,0,0,0,1,1,0,0,1,0,0,0,0,0,1,2,201,2,48,86,32,0,25,44,1,3,0,39,1,7,0,0,1,0,4,0,111122,Sintra,Grande Lisboa
União das freguesias de Agualva e Mira-Sintra,20 - 24 anos,H,1337,971,366,15,3,0,0,0,0,3,0,0,0,0,0,0,0,0,1,3,271,1,53,111,67,6,18,71,0,1,0,68,0,9,1,0,7,1,0,0,111122,Sintra,Grande Lisboa
União das freguesias de Agualva e Mira-Sintra,20 - 24 anos,M,1390,980,410,27,1,0,0,0,0,3,0,0,1,0,0,2,0,1,3,8,309,1,67,149,58,5,21,68,0,1,0,63,3,6,1,1,0,1,1,0,111122,Sintra,Grande Lisboa
União das freguesias de Agualva e Mira-Sintra,25 - 29 anos,H,1376,923,453,37,1,0,0,1,0,5,0,2,1,0,0,2,0,0,8,8,305,2,50,130,86,1,20,79,0,1,0,74,4,32,5,5,16,2,3,0,111122,Sintra,Grande Lisboa
União das freguesias de Agualva e Mira-Sintra,25 - 29 anos,M,1445,925,520,38,2,1,2,0,1,3,0,0,0,0,0,6,0,2,3,12,359,3,60,178,70,3,34,107,0,1,0,100,5,16,3,4,5,2,2,0,111122,Sintra,Grande Lisboa
União das freguesias de Agualva e Mira-Sintra,30 - 34 anos,H,1239,806,433,24,2,1,1,0,1,2,0,1,0,4,0,0,0,3,2,4,273,3,62,112,61,0,27,99,0,1,0,91,5,37,13,2,16,3,2,0,111122,Sintra,Grande Lisboa
União das freguesias de Agualva e Mira-Sintra,30 - 34 anos,M,1397,825,572,38,1,0,1,0,1,4,0,1,0,1,1,6,0,2,3,10,399,2,68,183,80,4,50,106,0,0,0,101,5,28,4,6,12,2,2,1,111122,Sintra,Grande Lisboa
União das freguesias de Agualva e Mira-Sintra,35 - 39 anos,H,1150,758,392,46,1,0,0,0,3,12,0,2,1,2,0,9,0,0,2,11,204,2,37,83,43,2,23,104,0,0,1,93,6,37,5,3,13,4,7,1,111122,Sintra,Grande Lisboa
União das freguesias de Agualva e Mira-Sintra,35 - 39 anos,M,1315,806,509,32,2,0,0,0,0,10,0,3,1,0,1,5,0,3,0,4,324,1,69,131,72,1,34,141,2,2,0,127,10,12,0,2,5,0,1,0,111122,Sintra,Grande Lisboa
União das freguesias de Agualva e Mira-Sintra,40 - 44 anos,H,1267,905,362,46,10,0,0,1,2,7,0,0,1,1,0,11,0,1,0,6,203,1,59,56,52,8,13,88,0,0,0,85,2,25,3,6,10,3,2,0,111122,Sintra,Grande Lisboa
União das freguesias de Agualva e Mira-Sintra,40 - 44 anos,M,1498,984,514,56,5,0,1,1,2,15,0,0,0,0,1,12,0,1,0,13,333,7,94,103,75,13,29,109,0,1,0,103,4,15,0,3,5,3,4,1,111122,Sintra,Grande Lisboa
União das freguesias de Agualva e Mira-Sintra,45 - 49 anos,H,1381,954,427,71,10,0,1,1,2,22,0,0,0,0,0,10,0,1,0,14,288,3,126,53,43,35,16,59,0,3,0,52,2,9,0,1,3,1,4,0,111122,Sintra,Grande Lisboa
União das freguesias de Agualva e Mira-Sintra,45 - 49 anos,M,1656,1070,586,59,9,0,1,2,3,18,0,0,0,0,0,6,0,3,0,9,392,3,144,105,54,46,31,122,1,0,0,111,4,13,0,2,2,1,1,0,111122,Sintra,Grande Lisboa
União das freguesias de Agualva e Mira-Sintra,50 - 54 anos,H,1399,1023,376,42,4,0,0,0,1,16,0,0,0,3,0,3,0,0,0,8,280,1,113,68,40,34,15,41,0,0,0,39,1,13,0,4,3,0,2,0,111122,Sintra,Grande Lisboa
União das freguesias de Agualva e Mira-Sintra,50 - 54 anos,M,1716,1173,543,55,2,1,0,1,1,19,0,0,2,1,0,1,0,4,0,9,407,1,143,130,48,40,39,67,0,0,1,59,6,14,0,6,4,0,0,0,111122,Sintra,Grande Lisboa
União das freguesias de Agualva e Mira-Sintra,55 - 59 anos,H,1294,989,305,15,0,0,0,0,0,3,0,0,0,0,0,1,0,0,1,7,249,1,74,72,37,36,22,28,0,0,1,26,0,13,1,2,5,0,0,0,111122,Sintra,Grande Lisboa
União das freguesias de Agualva e Mira-Sintra,55 - 59 anos,M,1566,1176,390,17,0,0,0,0,2,1,0,0,0,1,0,3,0,2,0,7,312,1,116,103,34,38,17,52,0,0,0,49,3,8,1,0,3,0,0,1,111122,Sintra,Grande Lisboa
União das freguesias de Agualva e Mira-Sintra,60 - 64 anos,H,1090,869,221,8,0,0,0,0,0,1,0,0,0,1,0,0,0,1,0,2,189,0,65,57,21,34,9,16,0,0,0,15,1,7,1,2,3,0,0,1,111122,Sintra,Grande Lisboa
União das freguesias de Agualva e Mira-Sintra,60 - 64 anos,M,1315,1020,295,13,0,0,0,0,0,2,0,0,0,0,0,0,0,3,0,6,245,0,84,73,37,32,14,27,0,0,0,24,3,10,1,2,3,0,0,0,111122,Sintra,Grande Lisboa
União das freguesias de Agualva e Mira-Sintra,65 - 69 anos,H,991,830,161,8,0,0,1,0,2,1,0,0,0,0,0,0,0,1,0,3,134,0,54,36,19,16,7,14,0,0,0,14,0,5,0,0,4,0,0,0,111122,Sintra,Grande Lisboa
União das freguesias de Agualva e Mira-Sintra,65 - 69 anos,M,1335,1106,229,9,0,0,0,1,0,1,0,0,0,1,0,0,1,0,0,5,190,0,70,56,13,34,11,20,0,0,0,15,3,10,0,0,6,0,0,0,111122,Sintra,Grande Lisboa
União das freguesias de Agualva e Mira-Sintra,70 - 74 anos,H,990,896,94,3,0,0,0,0,1,1,0,0,0,0,0,0,0,0,0,0,79,0,28,23,5,18,3,4,0,0,1,3,0,8,0,0,4,0,0,0,111122,Sintra,Grande Lisboa
União das freguesias de Agualva e Mira-Sintra,70 - 74 anos,M,1312,1180,132,5,0,0,0,0,1,1,0,0,0,0,1,0,0,1,1,0,106,0,36,30,10,23,5,8,0,0,0,8,0,13,0,1,8,0,0,0,111122,Sintra,Grande Lisboa
União das freguesias de Agualva e Mira-Sintra,75 - 79 anos,H,785,723,62,5,0,0,1,0,0,0,0,2,0,0,1,0,1,0,0,0,51,0,18,17,2,11,2,1,0,0,0,1,0,5,0,0,4,0,0,0,111122,Sintra,Grande Lisboa
União das freguesias de Agualva e Mira-Sintra,75 - 79 anos,M,1034,943,91,0,0,0,0,0,0,0,0,0,0,0,0,0,0,0,0,0,79,0,39,20,2,14,2,2,0,0,0,2,0,10,0,0,6,0,1,0,111122,Sintra,Grande Lisboa
União das freguesias de Agualva e Mira-Sintra,80 - 84 anos,H,530,502,28,1,0,0,0,0,0,0,0,1,0,0,0,0,0,0,0,0,22,0,8,6,0,5,1,3,0,1,0,2,0,2,0,0,2,0,0,0,111122,Sintra,Grande Lisboa
União das freguesias de Agualva e Mira-Sintra,80 - 84 anos,M,712,642,70,7,2,0,0,0,3,1,0,1,0,0,0,0,0,0,0,0,54,0,21,14,1,13,2,4,0,0,1,3,0,5,0,1,4,0,0,0,111122,Sintra,Grande Lisboa
União das freguesias de Agualva e Mira-Sintra,85 e mais anos,H,277,253,24,2,0,0,0,0,1,0,0,0,0,0,0,0,0,1,0,0,21,0,10,6,0,4,1,0,0,0,0,0,0,1,0,0,1,0,0,0,111122,Sintra,Grande Lisboa
União das freguesias de Agualva e Mira-Sintra,85 e mais anos,M,580,510,70,2,0,0,0,0,2,0,0,0,0,0,0,0,0,0,0,0,63,0,31,15,2,12,2,0,0,0,0,0,0,5,0,0,4,0,0,0,111122,Sintra,Grande Lisboa
"""União das freguesias de Almargem do Bispo, Pêro Pinheiro e Montelavar""",Total,H,8440,7601,839,247,9,2,4,4,4,45,3,11,5,1,0,51,2,4,8,33,211,4,102,31,9,38,13,286,1,3,2,275,3,95,2,9,18,41,0,0,111123,Sintra,Grande Lisboa
"""União das freguesias de Almargem do Bispo, Pêro Pinheiro e Montelavar""",Total,M,8822,7980,842,242,15,0,1,4,13,43,1,6,5,2,1,41,2,5,6,34,227,2,107,46,4,46,13,325,1,3,0,314,4,47,4,7,10,12,0,1,111123,Sintra,Grande Lisboa
"""União das freguesias de Almargem do Bispo, Pêro Pinheiro e Montelavar""",0 - 4 anos,H,384,364,20,9,0,0,0,0,0,2,0,0,0,0,0,0,0,0,1,1,1,0,0,0,0,0,0,9,0,1,0,8,0,1,0,0,0,0,0,0,111123,Sintra,Grande Lisboa
"""União das freguesias de Almargem do Bispo, Pêro Pinheiro e Montelavar""",0 - 4 anos,M,393,376,17,4,0,0,0,0,1,1,0,0,0,0,0,0,0,0,1,0,2,0,1,0,0,0,1,10,0,0,0,10,0,1,0,0,1,0,0,0,111123,Sintra,Grande Lisboa
"""União das freguesias de Almargem do Bispo, Pêro Pinheiro e Montelavar""",5 - 9 anos,H,448,412,36,5,0,0,0,0,1,1,0,0,0,0,0,0,0,0,1,0,8,0,5,1,0,0,1,22,0,0,0,22,0,1,0,0,0,0,0,0,111123,Sintra,Grande Lisboa
"""União das freguesias de Almargem do Bispo, Pêro Pinheiro e Montelavar""",5 - 9 anos,M,373,336,37,10,2,0,0,0,0,1,1,0,1,0,0,0,0,0,1,0,4,0,3,0,0,1,0,20,0,0,0,20,0,3,1,1,1,0,0,0,111123,Sintra,Grande Lisboa
"""União das freguesias de Almargem do Bispo, Pêro Pinheiro e Montelavar""",10 - 14 anos,H,417,389,28,5,0,0,0,0,0,0,0,2,0,0,0,0,0,0,0,0,4,0,2,1,0,0,1,17,0,0,0,17,0,2,0,0,0,1,0,0,111123,Sintra,Grande Lisboa
"""União das freguesias de Almargem do Bispo, Pêro Pinheiro e Montelavar""",10 - 14 anos,M,432,403,29,5,0,0,0,0,0,0,0,0,1,0,0,0,0,1,0,1,4,0,3,0,0,1,0,19,0,2,0,17,0,1,1,0,0,0,0,0,111123,Sintra,Grande Lisboa
"""União das freguesias de Almargem do Bispo, Pêro Pinheiro e Montelavar""",15 - 19 anos,H,463,433,30,7,0,0,0,0,0,0,3,0,1,0,0,2,0,0,0,0,4,0,2,1,0,0,1,16,0,0,0,16,0,3,1,1,0,1,0,0,111123,Sintra,Grande Lisboa
"""União das freguesias de Almargem do Bispo, Pêro Pinheiro e Montelavar""",15 - 19 anos,M,409,380,29,8,0,0,0,0,0,1,0,1,2,0,0,0,0,0,1,0,2,0,1,0,0,0,1,18,0,0,0,18,0,1,0,0,0,0,0,0,111123,Sintra,Grande Lisboa
"""União das freguesias de Almargem do Bispo, Pêro Pinheiro e Montelavar""",20 - 24 anos,H,484,437,47,18,0,0,0,1,0,1,0,0,1,0,0,6,0,1,1,3,3,0,1,1,0,0,1,20,0,0,0,20,0,6,0,0,1,3,0,0,111123,Sintra,Grande Lisboa
"""União das freguesias de Almargem do Bispo, Pêro Pinheiro e Montelavar""",20 - 24 anos,M,443,391,52,14,2,0,0,0,0,0,0,0,0,0,0,3,0,0,1,5,11,0,2,6,0,1,1,25,0,0,0,25,0,2,0,0,0,2,0,0,111123,Sintra,Grande Lisboa
"""União das freguesias de Almargem do Bispo, Pêro Pinheiro e Montelavar""",25 - 29 anos,H,457,381,76,11,0,0,0,0,0,1,0,0,0,0,0,3,0,0,2,4,7,0,4,0,1,0,0,35,0,0,0,34,0,23,0,0,3,16,0,0,111123,Sintra,Grande Lisboa
"""União das freguesias de Almargem do Bispo, Pêro Pinheiro e Montelavar""",25 - 29 anos,M,418,368,50,20,1,0,0,0,2,2,0,0,0,0,0,3,0,0,1,1,7,0,1,2,2,1,1,22,0,0,0,22,0,1,0,0,0,1,0,0,111123,Sintra,Grande Lisboa
"""União das freguesias de Almargem do Bispo, Pêro Pinheiro e Montelavar""",30 - 34 anos,H,478,408,70,17,0,0,0,0,0,1,0,1,0,0,0,5,0,0,0,1,4,0,1,1,1,0,1,31,0,0,0,30,0,18,1,1,1,13,0,0,111123,Sintra,Grande Lisboa
"""União das freguesias de Almargem do Bispo, Pêro Pinheiro e Montelavar""",30 - 34 anos,M,471,382,89,23,1,0,0,0,1,2,0,0,0,0,1,4,0,0,0,2,9,0,2,4,1,0,2,45,0,0,0,43,0,11,2,1,3,5,0,1,111123,Sintra,Grande Lisboa
"""União das freguesias de Almargem do Bispo, Pêro Pinheiro e Montelavar""",35 - 39 anos,H,549,443,106,32,1,1,0,1,1,6,0,3,0,1,0,6,0,0,0,1,21,3,9,3,2,2,1,41,0,0,0,41,0,12,0,2,4,4,0,0,111123,Sintra,Grande Lisboa
"""União das freguesias de Almargem do Bispo, Pêro Pinheiro e Montelavar""",35 - 39 anos,M,565,479,86,36,1,0,0,1,2,7,0,2,0,0,0,10,1,1,1,1,6,0,2,1,0,1,1,38,1,1,0,36,0,6,0,0,2,2,0,0,111123,Sintra,Grande Lisboa
"""União das freguesias de Almargem do Bispo, Pêro Pinheiro e Montelavar""",40 - 44 anos,H,621,512,109,49,0,0,1,1,0,15,0,0,2,0,0,9,1,1,1,6,15,0,3,3,3,2,1,34,1,1,1,29,2,11,0,0,5,2,0,0,111123,Sintra,Grande Lisboa
"""União das freguesias de Almargem do Bispo, Pêro Pinheiro e Montelavar""",40 - 44 anos,M,659,545,114,37,3,0,1,0,1,6,0,1,0,0,0,8,0,0,0,9,19,1,7,5,0,4,0,50,0,0,0,49,1,8,0,2,1,2,0,0,111123,Sintra,Grande Lisboa
"""União das freguesias de Almargem do Bispo, Pêro Pinheiro e Montelavar""",45 - 49 anos,H,642,528,114,41,5,0,1,1,0,10,0,1,1,0,0,8,0,1,0,6,35,0,21,1,1,9,2,31,0,0,1,30,0,7,0,3,2,1,0,0,111123,Sintra,Grande Lisboa
"""União das freguesias de Almargem do Bispo, Pêro Pinheiro e Montelavar""",45 - 49 anos,M,654,535,119,39,2,0,0,1,1,16,0,0,1,1,0,9,0,1,0,4,42,1,25,2,0,11,2,31,0,0,0,30,1,7,0,3,0,0,0,0,111123,Sintra,Grande Lisboa
"""União das freguesias de Almargem do Bispo, Pêro Pinheiro e Montelavar""",50 - 54 anos,H,579,511,68,23,2,0,0,0,0,5,0,1,0,0,0,8,0,0,1,3,27,0,15,0,0,11,0,15,0,0,0,15,0,3,0,0,0,0,0,0,111123,Sintra,Grande Lisboa
"""União das freguesias de Almargem do Bispo, Pêro Pinheiro e Montelavar""",50 - 54 anos,M,590,513,77,20,3,0,0,0,0,5,0,2,0,0,0,3,0,1,0,2,33,0,17,5,1,7,1,24,0,0,0,24,0,0,0,0,0,0,0,0,111123,Sintra,Grande Lisboa
"""União das freguesias de Almargem do Bispo, Pêro Pinheiro e Montelavar""",55 - 59 anos,H,608,563,45,8,0,0,1,0,0,1,0,0,0,0,0,2,0,0,0,2,27,1,15,2,0,5,3,7,0,0,0,7,0,3,0,2,0,0,0,0,111123,Sintra,Grande Lisboa
"""União das freguesias de Almargem do Bispo, Pêro Pinheiro e Montelavar""",55 - 59 anos,M,597,554,43,11,0,0,0,1,1,0,0,0,0,1,0,0,0,1,0,5,21,0,15,2,0,4,0,11,0,0,0,11,0,0,0,0,0,0,0,0,111123,Sintra,Grande Lisboa
"""União das freguesias de Almargem do Bispo, Pêro Pinheiro e Montelavar""",60 - 64 anos,H,542,504,38,11,0,1,1,0,0,1,0,1,0,0,0,1,0,1,0,5,22,0,9,8,1,1,1,3,0,0,0,2,1,2,0,0,0,0,0,0,111123,Sintra,Grande Lisboa
"""União das freguesias de Almargem do Bispo, Pêro Pinheiro e Montelavar""",60 - 64 anos,M,593,556,37,6,0,0,0,0,0,2,0,0,0,0,0,0,0,0,0,3,22,0,7,6,0,7,2,7,0,0,0,5,2,2,0,0,0,0,0,0,111123,Sintra,Grande Lisboa
"""União das freguesias de Almargem do Bispo, Pêro Pinheiro e Montelavar""",65 - 69 anos,H,472,455,17,5,1,0,0,0,0,1,0,0,0,0,0,0,0,0,1,1,11,0,5,4,0,2,0,0,0,0,0,0,0,1,0,0,0,0,0,0,111123,Sintra,Grande Lisboa
"""União das freguesias de Almargem do Bispo, Pêro Pinheiro e Montelavar""",65 - 69 anos,M,518,499,19,3,0,0,0,1,1,0,0,0,0,0,0,1,0,0,0,0,13,0,6,5,0,1,0,2,0,0,0,1,0,1,0,0,0,0,0,0,111123,Sintra,Grande Lisboa
"""União das freguesias de Almargem do Bispo, Pêro Pinheiro e Montelavar""",70 - 74 anos,H,447,433,14,2,0,0,0,0,0,0,0,0,0,0,0,1,1,0,0,0,9,0,4,2,0,2,0,3,0,0,0,3,0,0,0,0,0,0,0,0,111123,Sintra,Grande Lisboa
"""União das freguesias de Almargem do Bispo, Pêro Pinheiro e Montelavar""",70 - 74 anos,M,544,532,12,1,0,0,0,0,0,0,0,0,0,0,0,0,0,0,0,1,9,0,6,1,0,2,0,1,0,0,0,1,0,1,0,0,1,0,0,0,111123,Sintra,Grande Lisboa
"""União das freguesias de Almargem do Bispo, Pêro Pinheiro e Montelavar""",75 - 79 anos,H,389,380,9,3,0,0,0,0,1,0,0,2,0,0,0,0,0,0,0,0,3,0,2,0,0,1,0,2,0,1,0,1,0,1,0,0,1,0,0,0,111123,Sintra,Grande Lisboa
"""União das freguesias de Almargem do Bispo, Pêro Pinheiro e Montelavar""",75 - 79 anos,M,415,403,12,1,0,0,0,0,0,0,0,0,0,0,0,0,1,0,0,0,7,0,2,4,0,1,0,2,0,0,0,2,0,2,0,0,1,0,0,0,111123,Sintra,Grande Lisboa
"""União das freguesias de Almargem do Bispo, Pêro Pinheiro e Montelavar""",80 - 84 anos,H,247,239,8,1,0,0,0,0,1,0,0,0,0,0,0,0,0,0,0,0,7,0,2,3,0,2,0,0,0,0,0,0,0,0,0,0,0,0,0,0,111123,Sintra,Grande Lisboa
"""União das freguesias de Almargem do Bispo, Pêro Pinheiro e Montelavar""",80 - 84 anos,M,375,366,9,1,0,0,0,0,1,0,0,0,0,0,0,0,0,0,0,0,8,0,4,0,0,3,0,0,0,0,0,0,0,0,0,0,0,0,0,0,111123,Sintra,Grande Lisboa
"""União das freguesias de Almargem do Bispo, Pêro Pinheiro e Montelavar""",85 e mais anos,H,213,209,4,0,0,0,0,0,0,0,0,0,0,0,0,0,0,0,0,0,3,0,2,0,0,1,0,0,0,0,0,0,0,1,0,0,1,0,0,0,111123,Sintra,Grande Lisboa
"""União das freguesias de Almargem do Bispo, Pêro Pinheiro e Montelavar""",85 e mais anos,M,373,362,11,3,0,0,0,0,2,0,0,0,0,0,0,0,0,0,0,0,8,0,3,3,0,1,1,0,0,0,0,0,0,0,0,0,0,0,0,0,111123,Sintra,Grande Lisboa
União das freguesias de Massamá e Monte Abraão,Total,H,22105,17734,4371,500,48,1,12,7,25,84,1,20,7,13,1,28,1,13,18,97,2726,28,1045,584,582,254,136,911,5,11,0,831,46,232,20,42,75,32,16,2,111125,Sintra,Grande Lisboa
União das freguesias de Massamá e Monte Abraão,Total,M,25699,19893,5806,538,47,0,13,9,31,115,3,14,6,6,5,30,3,23,11,106,3789,26,1520,886,697,351,214,1302,6,11,1,1194,61,172,9,38,38,20,8,5,111125,Sintra,Grande Lisboa
União das freguesias de Massamá e Monte Abraão,0 - 4 anos,H,1013,951,62,17,2,0,0,0,0,4,0,0,1,2,0,0,0,0,0,0,15,1,9,0,4,0,0,24,0,0,0,23,1,6,0,1,0,1,3,0,111125,Sintra,Grande Lisboa
União das freguesias de Massamá e Monte Abraão,0 - 4 anos,M,991,926,65,14,4,0,1,0,1,0,2,1,0,0,0,0,0,0,1,0,26,1,14,3,6,1,1,23,0,0,0,22,1,1,0,0,1,0,0,1,111125,Sintra,Grande Lisboa
União das freguesias de Massamá e Monte Abraão,5 - 9 anos,H,1060,920,140,22,1,0,1,0,0,3,0,1,1,1,0,1,0,0,1,3,56,1,32,5,12,1,1,50,0,2,0,48,0,11,1,0,4,3,0,1,111125,Sintra,Grande Lisboa
União das freguesias de Massamá e Monte Abraão,5 - 9 anos,M,1057,918,139,22,2,0,1,0,0,2,0,1,0,0,0,0,0,0,0,4,57,0,38,8,7,2,0,51,1,1,0,44,5,8,1,1,3,0,0,1,111125,Sintra,Grande Lisboa
União das freguesias de Massamá e Monte Abraão,10 - 14 anos,H,1204,1045,159,18,1,0,2,0,1,2,0,0,0,1,0,0,0,0,1,1,96,1,47,18,18,1,7,43,0,2,0,38,3,2,0,1,1,0,0,0,111125,Sintra,Grande Lisboa
União das freguesias de Massamá e Monte Abraão,10 - 14 anos,M,1130,948,182,22,0,0,1,0,4,2,0,1,1,0,0,0,0,1,0,5,94,0,46,23,14,0,5,63,0,3,0,57,3,3,1,0,1,1,0,0,111125,Sintra,Grande Lisboa
União das freguesias de Massamá e Monte Abraão,15 - 19 anos,H,1391,1185,206,21,0,0,1,1,3,0,0,1,0,0,0,1,0,0,2,7,130,0,42,36,39,2,6,46,0,1,0,43,2,9,0,4,2,2,0,0,111125,Sintra,Grande Lisboa
União das freguesias de Massamá e Monte Abraão,15 - 19 anos,M,1365,1122,243,13,1,0,1,0,2,0,1,0,1,0,0,1,0,0,0,1,161,0,63,43,34,0,15,64,0,2,0,60,1,5,0,0,0,2,1,0,111125,Sintra,Grande Lisboa
União das freguesias de Massamá e Monte Abraão,20 - 24 anos,H,1570,1238,332,31,1,0,0,0,2,2,0,3,2,1,1,2,0,0,2,7,210,3,65,61,58,8,7,74,0,1,0,69,3,16,0,2,7,3,2,1,111125,Sintra,Grande Lisboa
União das freguesias de Massamá e Monte Abraão,20 - 24 anos,M,1512,1153,359,26,5,0,0,2,2,1,0,1,1,0,0,1,1,1,0,2,254,3,92,69,72,5,8,70,0,0,0,63,6,9,2,2,0,3,1,0,111125,Sintra,Grande Lisboa
União das freguesias de Massamá e Monte Abraão,25 - 29 anos,H,1492,1110,382,40,2,0,3,0,2,3,0,2,1,2,0,2,0,0,5,7,219,2,60,61,75,2,13,94,1,1,0,87,4,29,5,0,15,3,4,0,111125,Sintra,Grande Lisboa
União das freguesias de Massamá e Monte Abraão,25 - 29 anos,M,1594,1126,468,36,1,0,0,0,2,4,0,0,1,0,0,1,0,0,3,10,272,2,72,92,79,4,15,143,0,1,0,135,3,16,2,3,0,5,0,1,111125,Sintra,Grande Lisboa
União das freguesias de Massamá e Monte Abraão,30 - 34 anos,H,1425,960,465,47,4,0,0,0,2,6,0,0,0,0,0,1,0,4,6,12,244,1,71,79,65,0,18,126,1,3,0,112,8,48,6,6,15,11,4,0,111125,Sintra,Grande Lisboa
União das freguesias de Massamá e Monte Abraão,30 - 34 anos,M,1470,972,498,49,1,0,0,0,1,8,0,2,1,1,2,2,0,3,3,14,293,1,75,120,64,5,25,134,0,2,0,123,7,22,2,5,3,4,3,0,111125,Sintra,Grande Lisboa
União das freguesias de Massamá e Monte Abraão,35 - 39 anos,H,1367,954,413,54,4,0,3,2,1,13,0,2,0,0,0,5,0,5,0,10,200,1,58,56,51,9,12,135,0,0,0,121,8,24,5,3,6,6,0,0,111125,Sintra,Grande Lisboa
União das freguesias de Massamá e Monte Abraão,35 - 39 anos,M,1533,977,556,51,3,0,0,0,0,7,0,3,1,0,2,8,0,3,2,14,303,3,81,107,78,6,17,188,0,1,0,177,5,14,0,2,5,3,0,0,111125,Sintra,Grande Lisboa
União das freguesias de Massamá e Monte Abraão,40 - 44 anos,H,1500,1120,380,57,10,1,0,1,3,11,0,2,1,0,0,5,0,1,0,11,192,4,71,38,55,6,13,120,0,0,0,113,6,11,0,1,6,1,0,0,111125,Sintra,Grande Lisboa
União das freguesias de Massamá e Monte Abraão,40 - 44 anos,M,1857,1272,585,78,9,0,0,1,2,28,0,2,0,0,0,8,0,1,1,12,299,6,121,58,70,12,23,192,4,0,0,176,10,16,1,6,2,2,1,0,111125,Sintra,Grande Lisboa
União das freguesias de Massamá e Monte Abraão,45 - 49 anos,H,1669,1202,467,76,9,0,2,1,1,19,1,1,1,2,0,4,1,2,0,15,307,4,146,40,58,37,10,63,0,0,0,59,3,21,3,7,5,1,2,0,111125,Sintra,Grande Lisboa
União das freguesias de Massamá e Monte Abraão,45 - 49 anos,M,1983,1386,597,85,11,0,0,1,4,33,0,0,0,3,1,4,0,3,1,10,387,1,199,53,62,43,17,111,0,0,0,104,4,14,0,7,1,0,1,0,111125,Sintra,Grande Lisboa
União das freguesias de Massamá e Monte Abraão,50 - 54 anos,H,1592,1202,390,43,5,0,0,0,3,8,0,2,0,1,0,3,0,0,0,9,277,6,129,45,38,43,11,53,0,0,0,49,2,17,0,9,2,1,1,0,111125,Sintra,Grande Lisboa
União das freguesias de Massamá e Monte Abraão,50 - 54 anos,M,2068,1489,579,64,5,0,4,0,2,19,0,0,0,2,0,3,2,5,0,14,411,4,178,71,69,55,26,96,1,1,0,87,3,7,0,1,1,0,0,1,111125,Sintra,Grande Lisboa
União das freguesias de Massamá e Monte Abraão,55 - 59 anos,H,1618,1255,363,29,4,0,0,1,1,8,0,0,0,0,0,4,0,0,0,9,282,1,105,44,58,46,18,40,3,0,0,32,3,12,0,2,3,0,0,0,111125,Sintra,Grande Lisboa
União das freguesias de Massamá e Monte Abraão,55 - 59 anos,M,2031,1543,488,26,1,0,0,4,0,4,0,1,0,0,0,1,0,5,0,8,377,1,156,78,53,62,20,73,0,0,0,65,5,12,0,4,2,0,0,0,111125,Sintra,Grande Lisboa
União das freguesias de Massamá e Monte Abraão,60 - 64 anos,H,1398,1151,247,24,4,0,0,1,4,2,0,3,0,2,0,0,0,0,0,4,196,2,81,32,27,41,5,19,0,0,0,17,1,8,0,3,2,0,0,0,111125,Sintra,Grande Lisboa
União das freguesias de Massamá e Monte Abraão,60 - 64 anos,M,1823,1422,401,17,1,0,3,0,1,1,0,1,0,0,0,0,0,0,0,6,318,3,143,52,38,58,15,51,0,0,1,44,4,15,0,4,8,0,0,0,111125,Sintra,Grande Lisboa
União das freguesias de Massamá e Monte Abraão,65 - 69 anos,H,1196,1021,175,10,1,0,0,0,0,2,0,1,0,0,0,0,0,0,1,2,141,1,66,25,13,24,8,17,0,0,0,14,2,7,0,1,3,0,0,0,111125,Sintra,Grande Lisboa
União das freguesias de Massamá e Monte Abraão,65 - 69 anos,M,1568,1316,252,15,1,0,0,0,3,3,0,1,0,0,0,1,0,0,0,4,206,0,87,46,26,35,9,21,0,0,0,19,2,10,0,0,3,0,1,0,111125,Sintra,Grande Lisboa
União das freguesias de Massamá e Monte Abraão,70 - 74 anos,H,1075,988,87,6,0,0,0,0,0,0,0,2,0,0,0,0,0,1,0,0,73,0,28,18,8,17,2,4,0,0,0,4,0,4,0,2,0,0,0,0,111125,Sintra,Grande Lisboa
União das freguesias de Massamá e Monte Abraão,70 - 74 anos,M,1472,1289,183,9,1,0,0,1,1,1,0,0,0,0,0,0,0,1,0,2,147,1,73,23,11,27,11,15,0,0,0,12,1,12,0,3,3,0,0,0,111125,Sintra,Grande Lisboa
União das freguesias de Massamá e Monte Abraão,75 - 79 anos,H,817,769,48,4,0,0,0,0,2,0,0,0,0,1,0,0,0,0,0,0,38,0,13,11,3,6,3,2,0,1,0,1,0,4,0,0,2,0,0,0,111125,Sintra,Grande Lisboa
União das freguesias de Massamá e Monte Abraão,75 - 79 anos,M,988,906,82,4,0,0,2,0,1,1,0,0,0,0,0,0,0,0,0,0,72,0,29,8,11,21,0,3,0,0,0,3,0,2,0,0,1,0,0,1,111125,Sintra,Grande Lisboa
União das freguesias de Massamá e Monte Abraão,80 - 84 anos,H,412,383,29,0,0,0,0,0,0,0,0,0,0,0,0,0,0,0,0,0,27,0,12,8,0,6,1,0,0,0,0,0,0,2,0,0,1,0,0,0,111125,Sintra,Grande Lisboa
União das freguesias de Massamá e Monte Abraão,80 - 84 anos,M,661,600,61,4,0,0,0,0,3,1,0,0,0,0,0,0,0,0,0,0,52,0,24,18,2,7,1,1,0,0,0,1,0,4,0,0,3,0,0,0,111125,Sintra,Grande Lisboa
União das freguesias de Massamá e Monte Abraão,85 e mais anos,H,306,280,26,1,0,0,0,0,0,1,0,0,0,0,0,0,0,0,0,0,23,0,10,7,0,5,1,1,0,0,0,1,0,1,0,0,1,0,0,0,111125,Sintra,Grande Lisboa
União das freguesias de Massamá e Monte Abraão,85 e mais anos,M,596,528,68,3,1,0,0,0,2,0,0,0,0,0,0,0,0,0,0,0,60,0,29,14,1,8,6,3,0,0,0,2,1,2,0,0,1,0,0,0,111125,Sintra,Grande Lisboa
União das freguesias de Queluz e Belas,Total,H,24720,20312,4408,484,40,0,17,5,38,93,4,21,13,7,1,36,2,13,19,68,2657,27,854,679,610,243,137,996,8,14,2,913,42,270,95,37,53,27,20,1,111126,Sintra,Grande Lisboa
União das freguesias de Queluz e Belas,Total,M,27694,22369,5325,504,51,1,10,10,42,112,1,8,7,5,3,29,1,17,30,86,3383,27,1117,986,624,316,230,1226,7,15,3,1136,42,208,38,45,26,24,25,4,111126,Sintra,Grande Lisboa
União das freguesias de Queluz e Belas,0 - 4 anos,H,1279,1225,54,14,2,0,0,0,4,0,1,0,0,0,0,0,0,1,0,1,18,1,8,4,3,0,2,19,0,1,0,18,0,3,1,2,0,0,0,0,111126,Sintra,Grande Lisboa
União das freguesias de Queluz e Belas,0 - 4 anos,M,1215,1156,59,18,1,1,0,0,0,2,0,0,1,0,0,0,0,0,4,0,20,0,9,4,6,0,0,18,0,2,0,16,0,3,1,0,0,0,0,0,111126,Sintra,Grande Lisboa
União das freguesias de Queluz e Belas,5 - 9 anos,H,1197,1064,133,22,1,0,2,0,1,2,0,0,0,1,0,1,0,0,3,1,49,0,23,8,12,0,3,54,0,3,0,48,3,8,3,1,0,3,1,0,111126,Sintra,Grande Lisboa
União das freguesias de Queluz e Belas,5 - 9 anos,M,1170,1056,114,13,0,0,0,0,0,3,1,0,0,0,0,0,0,0,1,1,50,0,19,7,14,1,4,44,0,3,0,38,3,7,1,0,0,0,4,0,111126,Sintra,Grande Lisboa
União das freguesias de Queluz e Belas,10 - 14 anos,H,1448,1262,186,16,0,0,2,0,0,1,0,0,1,1,0,0,0,1,0,3,119,0,54,19,35,1,5,41,0,1,0,39,0,10,1,0,3,1,3,0,111126,Sintra,Grande Lisboa
União das freguesias de Queluz e Belas,10 - 14 anos,M,1368,1201,167,14,1,0,0,0,2,2,0,0,1,0,0,1,0,0,2,2,90,0,37,18,22,2,6,52,0,2,0,47,2,9,2,1,0,0,2,2,111126,Sintra,Grande Lisboa
União das freguesias de Queluz e Belas,15 - 19 anos,H,1517,1329,188,21,3,0,0,0,4,3,0,2,1,0,0,0,0,1,1,2,106,1,28,38,27,0,5,53,1,0,0,51,1,8,1,3,1,2,0,0,111126,Sintra,Grande Lisboa
União das freguesias de Queluz e Belas,15 - 19 anos,M,1490,1251,239,22,1,0,2,1,3,1,0,2,0,0,0,0,0,0,3,1,137,0,49,37,37,2,5,62,1,1,0,60,0,18,5,5,1,3,2,0,111126,Sintra,Grande Lisboa
União das freguesias de Queluz e Belas,20 - 24 anos,H,1715,1381,334,35,2,0,3,1,3,3,1,2,1,0,0,2,0,0,1,3,192,2,50,72,48,2,9,92,0,0,0,87,2,15,7,1,3,1,1,0,111126,Sintra,Grande Lisboa
União das freguesias de Queluz e Belas,20 - 24 anos,M,1654,1273,381,25,2,0,2,1,2,5,0,0,0,0,0,1,0,2,2,1,249,1,72,98,51,3,17,88,0,0,0,83,3,19,6,4,0,2,3,0,111126,Sintra,Grande Lisboa
União das freguesias de Queluz e Belas,25 - 29 anos,H,1663,1219,444,46,4,0,0,0,1,6,1,2,0,0,0,5,0,2,8,6,237,0,53,83,78,3,6,126,1,2,0,116,6,35,13,4,6,7,0,0,111126,Sintra,Grande Lisboa
União das freguesias de Queluz e Belas,25 - 29 anos,M,1751,1286,465,43,3,0,1,0,5,6,0,0,0,0,1,1,0,3,5,6,269,1,45,113,77,5,26,129,2,0,1,118,6,24,10,4,1,4,3,0,111126,Sintra,Grande Lisboa
União das freguesias de Queluz e Belas,30 - 34 anos,H,1641,1154,487,40,0,0,1,0,6,3,0,2,5,0,0,3,0,2,1,6,257,3,60,81,90,2,16,135,1,1,1,117,13,55,28,2,9,6,9,0,111126,Sintra,Grande Lisboa
União das freguesias de Queluz e Belas,30 - 34 anos,M,1713,1184,529,62,3,0,2,1,3,7,0,1,1,1,1,7,0,3,7,14,299,3,60,125,73,3,27,140,2,2,0,125,8,27,5,3,3,10,3,1,111126,Sintra,Grande Lisboa
União das freguesias de Queluz e Belas,35 - 39 anos,H,1627,1199,428,44,2,0,0,1,3,9,0,3,1,0,1,6,0,1,2,8,213,6,47,45,70,5,27,134,1,2,1,123,6,36,18,1,9,2,3,1,111126,Sintra,Grande Lisboa
União das freguesias de Queluz e Belas,35 - 39 anos,M,1822,1286,536,56,6,0,2,2,2,16,0,2,2,0,0,5,0,2,4,9,285,5,63,94,79,4,27,174,0,2,1,167,4,21,4,7,1,1,4,0,111126,Sintra,Grande Lisboa
União das freguesias de Queluz e Belas,40 - 44 anos,H,1813,1378,435,57,5,0,1,0,5,15,0,2,3,1,0,3,0,0,0,9,228,5,68,53,65,14,14,115,2,0,0,110,2,35,16,7,4,2,1,0,111126,Sintra,Grande Lisboa
União das freguesias de Queluz e Belas,40 - 44 anos,M,1998,1462,536,50,7,0,0,1,3,12,0,0,0,1,1,4,0,2,1,10,306,4,100,84,72,22,18,164,1,0,0,152,6,16,2,6,2,2,1,0,111126,Sintra,Grande Lisboa
União das freguesias de Queluz e Belas,45 - 49 anos,H,2096,1622,474,64,10,0,2,2,1,26,0,0,0,2,0,3,0,0,2,11,296,2,141,47,46,38,11,95,2,1,0,84,5,19,4,5,3,2,1,0,111126,Sintra,Grande Lisboa
União das freguesias de Queluz e Belas,45 - 49 anos,M,2264,1665,599,73,17,0,0,2,2,24,0,1,2,3,0,5,0,0,0,14,387,5,155,74,73,53,17,124,1,0,0,119,2,14,0,7,1,2,0,1,111126,Sintra,Grande Lisboa
União das freguesias de Queluz e Belas,50 - 54 anos,H,1949,1515,434,52,2,0,2,1,3,18,0,3,1,0,0,7,0,0,0,7,317,5,116,66,47,57,14,48,0,1,0,45,1,17,2,7,0,1,1,0,111126,Sintra,Grande Lisboa
União das freguesias de Queluz e Belas,50 - 54 anos,M,2210,1684,526,63,6,0,1,1,5,24,0,1,0,0,0,5,0,1,0,11,357,5,143,88,39,60,17,96,0,1,1,90,2,10,1,3,0,0,2,0,111126,Sintra,Grande Lisboa
União das freguesias de Queluz e Belas,55 - 59 anos,H,1753,1432,321,31,4,0,1,0,3,2,0,0,0,0,0,5,0,2,0,6,239,0,93,54,37,38,8,44,0,2,0,39,2,7,1,0,1,0,0,0,111126,Sintra,Grande Lisboa
União das freguesias de Queluz e Belas,55 - 59 anos,M,1958,1541,417,26,2,0,0,0,4,3,0,0,0,0,0,0,0,2,0,9,328,2,132,92,23,52,26,56,0,0,0,51,3,7,1,1,2,0,0,0,111126,Sintra,Grande Lisboa
União das freguesias de Queluz e Belas,60 - 64 anos,H,1339,1137,202,15,1,0,2,0,0,0,1,1,0,0,0,0,0,3,0,4,159,2,44,34,36,32,7,18,0,0,0,17,1,10,0,3,6,0,0,0,111126,Sintra,Grande Lisboa
União das freguesias de Queluz e Belas,60 - 64 anos,M,1638,1363,275,12,0,0,0,0,2,2,0,0,0,0,0,0,1,2,0,3,222,0,84,49,33,31,21,33,0,1,0,28,3,8,0,1,3,0,1,0,111126,Sintra,Grande Lisboa
União das freguesias de Queluz e Belas,65 - 69 anos,H,1118,985,133,10,1,0,0,0,1,1,0,1,0,0,0,1,2,0,1,1,107,0,31,40,9,25,1,13,0,0,0,10,0,3,0,1,2,0,0,0,111126,Sintra,Grande Lisboa
União das freguesias de Queluz e Belas,65 - 69 anos,M,1348,1142,206,8,0,0,0,1,0,2,0,0,0,0,0,0,0,0,1,4,161,0,56,49,15,25,12,29,0,1,0,26,0,8,0,1,3,0,0,0,111126,Sintra,Grande Lisboa
União das freguesias de Queluz e Belas,70 - 74 anos,H,898,829,69,8,2,0,0,0,1,2,0,1,0,1,0,0,0,0,0,0,52,0,14,11,6,16,3,7,0,0,0,7,0,2,0,0,1,0,0,0,111126,Sintra,Grande Lisboa
União das freguesias de Queluz e Belas,70 - 74 anos,M,1254,1150,104,8,0,0,0,0,2,2,0,1,0,0,0,0,0,0,0,1,79,0,36,15,3,20,3,11,0,0,0,10,0,6,0,2,1,0,0,0,111126,Sintra,Grande Lisboa
União das freguesias de Queluz e Belas,75 - 79 anos,H,742,698,44,4,1,0,1,0,0,0,0,1,0,1,0,0,0,0,0,0,34,0,9,16,1,4,4,1,0,0,0,1,0,5,0,0,3,0,0,0,111126,Sintra,Grande Lisboa
União das freguesias de Queluz e Belas,75 - 79 anos,M,1087,1029,58,1,0,0,0,0,1,0,0,0,0,0,0,0,0,0,0,0,52,1,18,12,4,13,1,2,0,0,0,2,0,3,0,0,3,0,0,0,111126,Sintra,Grande Lisboa
União das freguesias de Queluz e Belas,80 - 84 anos,H,496,473,23,4,0,0,0,0,2,1,0,1,0,0,0,0,0,0,0,0,17,0,8,3,0,4,1,0,0,0,0,0,0,2,0,0,2,0,0,0,111126,Sintra,Grande Lisboa
União das freguesias de Queluz e Belas,80 - 84 anos,M,892,834,58,6,2,0,0,0,3,0,0,0,0,0,0,0,0,0,0,0,47,0,21,16,1,7,2,1,0,0,0,1,0,4,0,0,3,0,0,0,111126,Sintra,Grande Lisboa
União das freguesias de Queluz e Belas,85 e mais anos,H,429,410,19,1,0,0,0,0,0,1,0,0,0,0,0,0,0,0,0,0,17,0,7,5,0,2,1,1,0,0,0,1,0,0,0,0,0,0,0,0,111126,Sintra,Grande Lisboa
União das freguesias de Queluz e Belas,85 e mais anos,M,862,806,56,4,0,0,0,0,3,1,0,0,0,0,0,0,0,0,0,0,45,0,18,11,2,13,1,3,0,0,0,3,0,4,0,0,2,0,0,0,111126,Sintra,Grande Lisboa
União das freguesias de São João das Lampas e Terrugem,Total,H,8636,7878,758,244,15,0,2,2,7,49,0,2,6,6,1,37,1,2,8,55,200,9,113,16,3,49,4,278,5,2,0,251,12,36,1,11,4,10,2,0,111127,Sintra,Grande Lisboa
União das freguesias de São João das Lampas e Terrugem,Total,M,9357,8435,922,293,25,1,5,2,12,54,0,2,4,3,0,41,4,8,9,75,226,5,121,21,5,63,7,367,7,5,3,319,21,32,1,11,6,5,1,4,111127,Sintra,Grande Lisboa
União das freguesias de São João das Lampas e Terrugem,0 - 4 anos,H,400,391,9,2,1,0,0,0,0,0,0,0,0,0,0,0,0,0,0,0,0,0,0,0,0,0,0,7,0,0,0,7,0,0,0,0,0,0,0,0,111127,Sintra,Grande Lisboa
União das freguesias de São João das Lampas e Terrugem,0 - 4 anos,M,421,401,20,6,1,0,0,0,0,1,0,0,0,0,0,1,1,0,0,0,1,0,1,0,0,0,0,11,0,1,0,10,0,2,0,2,0,0,0,0,111127,Sintra,Grande Lisboa
União das freguesias de São João das Lampas e Terrugem,5 - 9 anos,H,428,398,30,4,1,0,0,0,0,2,0,0,0,0,0,0,0,0,0,0,4,1,3,0,0,0,0,22,0,0,0,19,2,0,0,0,0,0,0,0,111127,Sintra,Grande Lisboa
União das freguesias de São João das Lampas e Terrugem,5 - 9 anos,M,398,372,26,6,2,0,1,0,0,1,0,0,0,0,0,0,0,0,0,2,5,0,3,0,0,2,0,14,0,0,0,13,0,0,0,0,0,0,0,1,111127,Sintra,Grande Lisboa
União das freguesias de São João das Lampas e Terrugem,10 - 14 anos,H,489,456,33,8,0,0,0,0,2,2,0,0,1,0,0,0,0,0,0,1,4,1,1,1,0,0,1,20,0,0,0,17,2,1,0,0,0,0,0,0,111127,Sintra,Grande Lisboa
União das freguesias de São João das Lampas e Terrugem,10 - 14 anos,M,482,442,40,12,0,0,0,0,2,0,0,0,0,0,0,2,1,0,0,4,7,0,4,1,0,1,1,19,0,0,1,17,1,1,0,1,0,0,0,1,111127,Sintra,Grande Lisboa
União das freguesias de São João das Lampas e Terrugem,15 - 19 anos,H,491,467,24,7,0,0,0,0,0,1,0,0,0,0,0,1,0,0,0,3,0,0,0,0,0,0,0,15,0,0,0,14,1,2,0,1,0,1,0,0,111127,Sintra,Grande Lisboa
União das freguesias de São João das Lampas e Terrugem,15 - 19 anos,M,457,428,29,9,0,0,0,0,1,0,0,0,0,0,0,3,1,0,1,1,4,0,2,0,0,0,2,16,0,0,0,15,1,0,0,0,0,0,0,0,111127,Sintra,Grande Lisboa
União das freguesias de São João das Lampas e Terrugem,20 - 24 anos,H,433,406,27,13,1,0,0,0,0,2,0,0,1,0,0,2,0,0,1,3,0,0,0,0,0,0,0,13,0,0,0,13,0,1,0,1,0,0,0,0,111127,Sintra,Grande Lisboa
União das freguesias de São João das Lampas e Terrugem,20 - 24 anos,M,488,456,32,12,0,0,0,0,1,0,0,0,0,0,0,2,0,0,2,6,4,1,0,2,0,0,1,16,0,0,0,15,1,0,0,0,0,0,0,0,111127,Sintra,Grande Lisboa
União das freguesias de São João das Lampas e Terrugem,25 - 29 anos,H,433,374,59,14,1,0,0,0,1,2,0,0,1,0,0,2,0,0,1,4,6,0,1,4,1,0,0,33,0,0,0,33,0,6,0,2,0,3,0,0,111127,Sintra,Grande Lisboa
União das freguesias de São João das Lampas e Terrugem,25 - 29 anos,M,420,353,67,25,2,0,1,0,2,3,0,0,0,1,0,1,0,1,2,8,5,0,2,2,1,0,0,33,1,0,0,31,0,4,0,1,0,3,0,0,111127,Sintra,Grande Lisboa
União das freguesias de São João das Lampas e Terrugem,30 - 34 anos,H,426,355,71,20,0,0,0,0,0,2,0,0,0,1,0,1,0,0,3,8,1,0,1,0,0,0,0,43,2,1,0,38,1,7,1,0,0,5,0,0,111127,Sintra,Grande Lisboa
União das freguesias de São João das Lampas e Terrugem,30 - 34 anos,M,480,394,86,27,0,0,0,0,1,2,0,1,1,1,0,5,1,0,3,6,8,1,1,5,0,1,0,46,0,2,0,39,3,5,1,2,0,1,0,0,111127,Sintra,Grande Lisboa
União das freguesias de São João das Lampas e Terrugem,35 - 39 anos,H,576,497,79,31,0,0,0,0,1,9,0,0,2,1,0,4,0,0,1,7,6,1,3,0,0,1,0,36,0,1,0,35,0,6,0,2,1,1,1,0,111127,Sintra,Grande Lisboa
União das freguesias de São João das Lampas e Terrugem,35 - 39 anos,M,603,493,110,40,1,0,0,2,1,9,0,0,2,0,0,8,0,1,0,11,7,0,2,3,0,2,0,58,1,1,1,51,3,5,0,0,2,1,0,0,111127,Sintra,Grande Lisboa
União das freguesias de São João das Lampas e Terrugem,40 - 44 anos,H,698,606,92,40,4,0,0,0,2,7,0,1,0,1,0,10,0,0,0,8,12,2,2,3,0,2,1,37,1,0,0,31,3,3,0,1,1,0,0,0,111127,Sintra,Grande Lisboa
União das freguesias de São João das Lampas e Terrugem,40 - 44 anos,M,697,590,107,40,2,0,0,0,2,11,0,0,0,0,0,6,0,5,1,7,8,1,1,1,1,3,1,56,2,0,0,47,5,3,0,2,1,0,0,0,111127,Sintra,Grande Lisboa
União das freguesias de São João das Lampas e Terrugem,45 - 49 anos,H,675,580,95,34,2,0,1,1,0,12,0,0,1,2,0,6,0,0,0,5,39,3,26,1,0,9,0,17,1,0,0,14,2,5,0,2,1,0,1,0,111127,Sintra,Grande Lisboa
União das freguesias de São João das Lampas e Terrugem,45 - 49 anos,M,752,628,124,41,8,0,0,0,0,17,0,1,1,0,0,5,0,0,0,7,46,1,25,2,2,14,1,34,1,0,0,28,3,2,0,0,0,0,1,1,111127,Sintra,Grande Lisboa
União das freguesias de São João das Lampas e Terrugem,50 - 54 anos,H,665,580,85,25,0,0,1,0,0,5,0,1,0,0,0,9,0,0,0,6,44,1,29,0,0,14,0,16,0,0,0,16,0,0,0,0,0,0,0,0,111127,Sintra,Grande Lisboa
União das freguesias de São João das Lampas e Terrugem,50 - 54 anos,M,680,584,96,34,6,0,0,0,0,7,0,0,0,0,0,7,0,0,0,10,32,0,18,0,0,14,0,27,2,0,0,21,3,2,0,1,0,0,0,1,111127,Sintra,Grande Lisboa
União das freguesias de São João das Lampas e Terrugem,55 - 59 anos,H,599,540,59,20,2,0,0,0,0,1,0,0,0,0,1,2,1,1,1,4,26,0,13,2,0,9,1,12,1,0,0,10,1,1,0,1,0,0,0,0,111127,Sintra,Grande Lisboa
União das freguesias de São João das Lampas e Terrugem,55 - 59 anos,M,650,585,65,16,1,0,0,0,1,0,0,0,0,1,0,0,0,0,0,8,33,1,20,1,0,10,0,14,0,1,0,13,0,2,0,2,0,0,0,0,111127,Sintra,Grande Lisboa
União das freguesias de São João das Lampas e Terrugem,60 - 64 anos,H,573,521,52,12,2,0,0,0,0,2,0,0,0,0,0,0,0,1,0,6,32,0,22,1,1,5,1,5,0,0,0,3,0,3,0,1,1,0,0,0,111127,Sintra,Grande Lisboa
União das freguesias de São João das Lampas e Terrugem,60 - 64 anos,M,578,533,45,12,0,0,1,0,1,1,0,0,0,0,0,1,0,0,0,3,22,0,14,2,0,6,0,9,0,0,0,7,1,2,0,0,1,0,0,0,111127,Sintra,Grande Lisboa
União das freguesias de São João das Lampas e Terrugem,65 - 69 anos,H,468,444,24,8,0,0,0,1,0,1,0,0,0,1,0,0,0,0,0,0,14,0,8,1,1,4,0,2,0,0,0,1,0,0,0,0,0,0,0,0,111127,Sintra,Grande Lisboa
União das freguesias de São João das Lampas e Terrugem,65 - 69 anos,M,520,495,25,3,0,0,1,0,0,0,0,0,0,0,0,0,0,0,0,0,12,0,8,0,0,3,0,10,0,0,0,9,0,0,0,0,0,0,0,0,111127,Sintra,Grande Lisboa
União das freguesias de São João das Lampas e Terrugem,70 - 74 anos,H,454,446,8,2,1,0,0,0,0,1,0,0,0,0,0,0,0,0,0,0,5,0,2,1,0,2,0,0,0,0,0,0,0,1,0,0,0,0,0,0,111127,Sintra,Grande Lisboa
União das freguesias de São João das Lampas e Terrugem,70 - 74 anos,M,509,490,19,5,1,1,1,0,0,1,0,0,0,0,0,0,0,1,0,0,11,0,6,1,0,3,1,2,0,0,1,1,0,1,0,0,0,0,0,0,111127,Sintra,Grande Lisboa
União das freguesias de São João das Lampas e Terrugem,75 - 79 anos,H,361,356,5,3,0,0,0,0,1,0,0,0,0,0,0,0,0,0,1,0,2,0,0,1,0,1,0,0,0,0,0,0,0,0,0,0,0,0,0,0,111127,Sintra,Grande Lisboa
União das freguesias de São João das Lampas e Terrugem,75 - 79 anos,M,418,410,8,2,0,0,0,0,0,0,0,0,0,0,0,0,0,0,0,1,4,0,3,0,0,0,0,1,0,0,0,1,0,1,0,0,0,0,0,0,111127,Sintra,Grande Lisboa
União das freguesias de São João das Lampas e Terrugem,80 - 84 anos,H,241,240,1,0,0,0,0,0,0,0,0,0,0,0,0,0,0,0,0,0,1,0,0,1,0,0,0,0,0,0,0,0,0,0,0,0,0,0,0,0,111127,Sintra,Grande Lisboa
União das freguesias de São João das Lampas e Terrugem,80 - 84 anos,M,367,358,9,3,1,0,0,0,0,1,0,0,0,0,0,0,0,0,0,1,6,0,4,1,1,0,0,0,0,0,0,0,0,0,0,0,0,0,0,0,111127,Sintra,Grande Lisboa
União das freguesias de São João das Lampas e Terrugem,85 e mais anos,H,226,221,5,1,0,0,0,0,0,0,0,0,0,0,0,0,0,0,0,0,4,0,2,0,0,2,0,0,0,0,0,0,0,0,0,0,0,0,0,0,111127,Sintra,Grande Lisboa
União das freguesias de São João das Lampas e Terrugem,85 e mais anos,M,437,423,14,0,0,0,0,0,0,0,0,0,0,0,0,0,0,0,0,0,11,0,7,0,0,4,0,1,0,0,0,1,0,2,0,0,2,0,0,0,111127,Sintra,Grande Lisboa
"""União das freguesias de Sintra (Santa Maria e São Miguel, São Martinho e São Pedro de Penaferrim)""",Total,H,14500,12610,1890,562,42,3,16,10,43,102,3,24,2,12,0,66,6,16,19,58,642,28,292,87,22,156,32,517,6,44,7,417,22,162,14,72,34,3,6,7,111128,Sintra,Grande Lisboa
"""União das freguesias de Sintra (Santa Maria e São Miguel, São Martinho e São Pedro de Penaferrim)""",Total,M,15396,13318,2078,576,47,1,14,5,41,97,4,16,5,15,3,61,4,26,14,81,702,33,343,83,13,186,18,618,6,39,10,511,22,177,7,86,24,4,5,5,111128,Sintra,Grande Lisboa
"""União das freguesias de Sintra (Santa Maria e São Miguel, São Martinho e São Pedro de Penaferrim)""",0 - 4 anos,H,613,588,25,10,0,0,0,0,2,3,0,0,0,0,0,1,0,1,0,0,2,1,0,0,0,0,1,10,0,1,0,9,0,3,0,1,1,0,0,0,111128,Sintra,Grande Lisboa
"""União das freguesias de Sintra (Santa Maria e São Miguel, São Martinho e São Pedro de Penaferrim)""",0 - 4 anos,M,638,608,30,8,0,0,0,0,1,0,0,1,1,0,0,1,0,1,0,0,6,1,4,0,0,1,0,11,0,1,0,9,0,5,0,4,0,0,0,0,111128,Sintra,Grande Lisboa
"""União das freguesias de Sintra (Santa Maria e São Miguel, São Martinho e São Pedro de Penaferrim)""",5 - 9 anos,H,746,663,83,24,2,1,2,0,2,4,0,0,0,0,0,1,0,1,2,3,11,1,7,2,0,0,1,39,0,4,0,32,2,8,0,3,1,0,1,1,111128,Sintra,Grande Lisboa
"""União das freguesias de Sintra (Santa Maria e São Miguel, São Martinho e São Pedro de Penaferrim)""",5 - 9 anos,M,667,587,80,19,0,0,1,0,0,2,0,0,0,3,0,1,0,1,1,1,7,0,6,0,0,0,0,30,0,6,0,22,0,23,2,7,1,1,1,1,111128,Sintra,Grande Lisboa
"""União das freguesias de Sintra (Santa Maria e São Miguel, São Martinho e São Pedro de Penaferrim)""",10 - 14 anos,H,814,734,80,20,1,0,3,0,4,1,0,2,0,0,0,1,0,1,0,0,9,1,7,0,0,1,0,31,0,2,0,25,2,20,1,12,2,0,0,0,111128,Sintra,Grande Lisboa
"""União das freguesias de Sintra (Santa Maria e São Miguel, São Martinho e São Pedro de Penaferrim)""",10 - 14 anos,M,784,690,94,33,0,0,0,0,6,4,0,2,1,0,0,0,2,0,3,1,14,0,8,2,0,1,2,31,0,1,0,24,4,16,0,12,0,0,0,0,111128,Sintra,Grande Lisboa
"""União das freguesias de Sintra (Santa Maria e São Miguel, São Martinho e São Pedro de Penaferrim)""",15 - 19 anos,H,911,827,84,27,3,0,1,0,3,5,0,2,0,0,0,0,1,3,0,0,16,0,8,5,2,0,1,33,0,3,0,27,0,8,0,5,1,0,0,0,111128,Sintra,Grande Lisboa
"""União das freguesias de Sintra (Santa Maria e São Miguel, São Martinho e São Pedro de Penaferrim)""",15 - 19 anos,M,859,789,70,22,1,0,2,0,4,3,0,1,0,0,0,0,0,1,1,1,14,2,6,2,2,1,1,24,0,4,0,19,0,10,0,6,1,0,0,0,111128,Sintra,Grande Lisboa
"""União das freguesias de Sintra (Santa Maria e São Miguel, São Martinho e São Pedro de Penaferrim)""",20 - 24 anos,H,872,779,93,32,1,0,0,2,5,3,0,1,0,0,0,4,0,0,2,1,17,0,7,5,0,0,4,34,0,2,2,27,0,9,1,4,1,0,0,1,111128,Sintra,Grande Lisboa
"""União das freguesias de Sintra (Santa Maria e São Miguel, São Martinho e São Pedro de Penaferrim)""",20 - 24 anos,M,787,700,87,32,2,0,2,0,0,4,0,1,0,0,0,4,0,1,1,5,15,0,4,8,0,1,2,34,1,0,1,26,3,6,1,2,0,0,0,0,111128,Sintra,Grande Lisboa
"""União das freguesias de Sintra (Santa Maria e São Miguel, São Martinho e São Pedro de Penaferrim)""",25 - 29 anos,H,778,670,108,33,0,0,0,0,5,4,1,1,0,1,0,7,0,1,3,3,17,1,4,8,2,0,2,48,0,2,0,44,1,10,3,1,2,1,0,0,111128,Sintra,Grande Lisboa
"""União das freguesias de Sintra (Santa Maria e São Miguel, São Martinho e São Pedro de Penaferrim)""",25 - 29 anos,M,701,604,97,22,1,0,0,1,3,0,0,2,0,0,0,1,0,1,2,4,18,0,10,5,0,0,3,47,1,2,0,42,2,10,2,3,1,2,0,0,111128,Sintra,Grande Lisboa
"""União das freguesias de Sintra (Santa Maria e São Miguel, São Martinho e São Pedro de Penaferrim)""",30 - 34 anos,H,789,656,133,30,1,0,0,2,2,6,0,0,0,0,0,4,1,0,3,2,30,4,7,13,2,0,2,58,2,3,0,53,0,15,2,2,7,1,1,0,111128,Sintra,Grande Lisboa
"""União das freguesias de Sintra (Santa Maria e São Miguel, São Martinho e São Pedro de Penaferrim)""",30 - 34 anos,M,685,546,139,44,1,0,2,0,0,4,0,0,1,0,1,12,0,4,3,11,28,4,12,8,0,1,1,55,0,5,0,49,0,11,1,3,4,0,1,1,111128,Sintra,Grande Lisboa
"""União das freguesias de Sintra (Santa Maria e São Miguel, São Martinho e São Pedro de Penaferrim)""",35 - 39 anos,H,872,746,126,48,6,0,2,2,1,5,0,1,0,0,0,11,0,2,4,4,24,5,6,7,1,1,2,37,0,3,0,33,0,15,2,6,5,0,0,2,111128,Sintra,Grande Lisboa
"""União das freguesias de Sintra (Santa Maria e São Miguel, São Martinho e São Pedro de Penaferrim)""",35 - 39 anos,M,914,741,173,40,3,0,1,0,2,7,0,1,1,0,0,9,0,0,1,7,30,11,10,4,1,2,1,80,1,1,1,70,3,22,0,8,1,1,3,1,111128,Sintra,Grande Lisboa
"""União das freguesias de Sintra (Santa Maria e São Miguel, São Martinho e São Pedro de Penaferrim)""",40 - 44 anos,H,1171,979,192,82,3,0,2,2,3,20,0,4,1,1,0,16,1,1,1,12,31,2,13,7,2,5,0,58,0,5,0,48,4,21,4,5,5,1,2,0,111128,Sintra,Grande Lisboa
"""União das freguesias de Sintra (Santa Maria e São Miguel, São Martinho e São Pedro de Penaferrim)""",40 - 44 anos,M,1202,964,238,71,7,1,1,1,5,13,2,1,1,1,0,13,0,3,0,9,42,1,17,7,0,12,1,102,1,4,2,84,4,23,1,15,5,0,0,0,111128,Sintra,Grande Lisboa
"""União das freguesias de Sintra (Santa Maria e São Miguel, São Martinho e São Pedro de Penaferrim)""",45 - 49 anos,H,1205,936,269,86,8,1,4,1,3,24,1,3,1,3,0,9,1,3,0,7,112,2,62,3,3,38,2,50,1,3,1,37,4,21,1,15,2,0,0,0,111128,Sintra,Grande Lisboa
"""União das freguesias de Sintra (Santa Maria e São Miguel, São Martinho e São Pedro de Penaferrim)""",45 - 49 anos,M,1299,1016,283,103,15,0,2,1,5,32,0,1,0,1,0,8,2,5,0,12,106,2,70,3,1,30,0,55,1,3,0,46,2,19,0,15,0,0,0,0,111128,Sintra,Grande Lisboa
"""União das freguesias de Sintra (Santa Maria e São Miguel, São Martinho e São Pedro de Penaferrim)""",50 - 54 anos,H,1156,945,211,60,7,0,0,0,4,14,1,1,0,0,0,6,0,1,0,14,107,6,45,6,4,34,4,35,1,1,1,26,5,9,0,5,1,0,1,0,111128,Sintra,Grande Lisboa
"""União das freguesias de Sintra (Santa Maria e São Miguel, São Martinho e São Pedro de Penaferrim)""",50 - 54 anos,M,1324,1066,258,67,6,0,0,1,3,16,1,0,0,1,1,6,0,3,0,13,125,3,61,7,3,44,3,54,1,3,4,42,3,10,0,6,1,0,0,2,111128,Sintra,Grande Lisboa
"""União das freguesias de Sintra (Santa Maria e São Miguel, São Martinho e São Pedro de Penaferrim)""",55 - 59 anos,H,1021,838,183,35,3,0,0,0,4,2,0,2,0,2,0,2,1,1,1,7,100,3,60,4,3,25,4,38,1,4,1,31,0,10,0,8,1,0,0,0,111128,Sintra,Grande Lisboa
"""União das freguesias de Sintra (Santa Maria e São Miguel, São Martinho e São Pedro de Penaferrim)""",55 - 59 anos,M,1157,945,212,49,5,0,1,0,5,6,1,2,0,3,0,1,0,1,0,11,106,4,46,7,4,39,2,51,0,6,0,41,1,6,0,1,2,0,0,0,111128,Sintra,Grande Lisboa
"""União das freguesias de Sintra (Santa Maria e São Miguel, São Martinho e São Pedro de Penaferrim)""",60 - 64 anos,H,926,811,115,29,2,0,1,1,2,3,0,3,0,3,0,2,0,1,0,2,62,1,21,7,3,24,6,22,1,4,2,13,2,2,0,1,1,0,0,0,111128,Sintra,Grande Lisboa
"""União das freguesias de Sintra (Santa Maria e São Miguel, São Martinho e São Pedro de Penaferrim)""",60 - 64 anos,M,995,878,117,22,2,0,1,1,1,1,0,1,0,3,0,4,0,2,2,3,62,1,34,3,1,20,0,28,0,1,1,25,0,5,0,1,2,0,0,0,111128,Sintra,Grande Lisboa
"""União das freguesias de Sintra (Santa Maria e São Miguel, São Martinho e São Pedro de Penaferrim)""",65 - 69 anos,H,775,688,87,16,0,1,1,0,1,1,0,2,0,1,0,2,1,0,1,2,49,0,23,7,0,15,2,15,0,5,0,7,1,5,0,2,1,0,1,2,111128,Sintra,Grande Lisboa
"""União das freguesias de Sintra (Santa Maria e São Miguel, São Martinho e São Pedro de Penaferrim)""",65 - 69 anos,M,881,802,79,12,2,0,1,0,1,1,0,2,0,0,0,1,0,1,0,1,57,1,29,10,0,11,1,8,0,1,0,6,0,2,0,1,1,0,0,0,111128,Sintra,Grande Lisboa
"""União das freguesias de Sintra (Santa Maria e São Miguel, São Martinho e São Pedro de Penaferrim)""",70 - 74 anos,H,693,641,52,17,1,0,0,0,1,5,0,2,0,0,0,0,0,0,1,1,24,1,10,5,0,6,0,7,0,0,0,5,1,4,0,2,1,0,0,0,111128,Sintra,Grande Lisboa
"""União das freguesias de Sintra (Santa Maria e São Miguel, São Martinho e São Pedro de Penaferrim)""",70 - 74 anos,M,791,742,49,15,0,0,0,0,1,2,0,1,0,2,0,0,0,0,0,1,27,2,13,4,0,8,0,3,0,0,1,2,0,4,0,2,2,0,0,0,111128,Sintra,Grande Lisboa
"""União das freguesias de Sintra (Santa Maria e São Miguel, São Martinho e São Pedro de Penaferrim)""",75 - 79 anos,H,531,502,29,9,3,0,0,0,0,2,0,0,0,0,0,0,0,0,1,0,16,0,9,1,0,4,0,2,0,2,0,0,0,1,0,0,1,0,0,1,111128,Sintra,Grande Lisboa
"""União das freguesias de Sintra (Santa Maria e São Miguel, São Martinho e São Pedro de Penaferrim)""",75 - 79 anos,M,651,615,36,8,2,0,0,0,2,2,0,0,0,0,1,0,0,0,0,0,21,0,6,7,0,7,0,4,0,1,0,3,0,3,0,0,2,0,0,0,111128,Sintra,Grande Lisboa
"""União das freguesias de Sintra (Santa Maria e São Miguel, São Martinho e São Pedro de Penaferrim)""",80 - 84 anos,H,360,346,14,2,1,0,0,0,0,0,0,0,0,1,0,0,0,0,0,0,11,0,3,6,0,2,0,0,0,0,0,0,0,1,0,0,1,0,0,0,111128,Sintra,Grande Lisboa
"""União das freguesias de Sintra (Santa Maria e São Miguel, São Martinho e São Pedro de Penaferrim)""",80 - 84 anos,M,493,478,15,3,0,0,0,0,0,0,0,0,0,0,0,0,0,2,0,1,11,1,4,2,0,4,0,1,0,0,0,1,0,0,0,0,0,0,0,0,111128,Sintra,Grande Lisboa
"""União das freguesias de Sintra (Santa Maria e São Miguel, São Martinho e São Pedro de Penaferrim)""",85 e mais anos,H,267,261,6,2,0,0,0,0,1,0,0,0,0,0,0,0,0,0,0,0,4,0,0,1,0,1,1,0,0,0,0,0,0,0,0,0,0,0,0,0,111128,Sintra,Grande Lisboa
"""União das freguesias de Sintra (Santa Maria e São Miguel, São Martinho e São Pedro de Penaferrim)""",85 e mais anos,M,568,547,21,6,0,0,0,0,2,0,0,0,0,1,0,0,0,0,0,0,13,0,3,4,1,4,1,0,0,0,0,0,0,2,0,0,1,0,0,0,111128,Sintra,Grande Lisboa
União das freguesias do Cacém e São Marcos,Total,H,18558,14512,4046,521,28,1,16,3,24,101,2,12,5,9,0,75,1,16,14,78,2302,20,710,796,313,208,158,1012,4,15,3,919,52,211,34,35,68,15,25,0,111124,Sintra,Grande Lisboa
União das freguesias do Cacém e São Marcos,Total,M,21125,16014,5111,600,30,0,10,9,28,108,1,11,3,7,5,93,4,28,19,103,3049,16,1013,1128,333,239,250,1312,7,9,2,1210,57,147,11,30,44,13,15,3,111124,Sintra,Grande Lisboa
União das freguesias do Cacém e São Marcos,0 - 4 anos,H,1030,978,52,15,0,0,0,0,0,2,0,0,0,1,0,0,0,0,0,0,20,0,11,3,3,1,1,12,0,2,0,10,0,5,1,1,1,0,1,0,111124,Sintra,Grande Lisboa
União das freguesias do Cacém e São Marcos,0 - 4 anos,M,1001,950,51,15,1,0,0,0,2,2,0,0,0,0,0,0,0,0,0,0,15,0,5,4,2,1,1,19,0,1,0,13,3,2,0,1,0,0,1,0,111124,Sintra,Grande Lisboa
União das freguesias do Cacém e São Marcos,5 - 9 anos,H,983,847,136,17,0,0,1,0,3,2,0,0,0,1,0,1,0,1,0,0,49,0,25,8,8,1,5,63,0,2,0,60,1,7,1,0,3,0,1,0,111124,Sintra,Grande Lisboa
União das freguesias do Cacém e São Marcos,5 - 9 anos,M,999,870,129,19,1,0,1,0,0,2,0,0,0,0,0,1,0,1,4,1,42,0,24,10,3,1,2,62,0,0,0,60,1,6,1,0,2,0,3,0,111124,Sintra,Grande Lisboa
União das freguesias do Cacém e São Marcos,10 - 14 anos,H,1154,997,157,14,0,0,0,0,3,1,1,0,0,0,0,0,0,1,1,0,87,0,35,25,15,0,9,48,0,2,0,41,3,8,1,1,2,1,2,0,111124,Sintra,Grande Lisboa
União das freguesias do Cacém e São Marcos,10 - 14 anos,M,1071,898,173,27,2,0,2,2,8,2,0,1,0,0,0,2,0,0,1,1,89,0,28,35,13,3,7,47,0,0,0,44,3,10,0,1,2,2,2,0,111124,Sintra,Grande Lisboa
União das freguesias do Cacém e São Marcos,15 - 19 anos,H,1209,1030,179,24,1,0,1,0,3,1,0,2,1,0,0,4,0,1,0,1,107,0,26,55,12,5,5,42,0,0,0,41,0,6,1,1,3,0,1,0,111124,Sintra,Grande Lisboa
União das freguesias do Cacém e São Marcos,15 - 19 anos,M,1267,1047,220,20,1,0,1,1,2,2,1,1,1,1,0,2,0,0,0,3,132,0,33,59,13,3,19,62,0,1,0,59,2,6,1,0,2,3,0,0,111124,Sintra,Grande Lisboa
União das freguesias do Cacém e São Marcos,20 - 24 anos,H,1355,1066,289,31,0,0,2,1,0,2,0,0,0,0,0,2,0,0,1,7,165,1,22,87,34,2,14,79,0,0,0,76,1,14,0,3,7,1,0,0,111124,Sintra,Grande Lisboa
União das freguesias do Cacém e São Marcos,20 - 24 anos,M,1426,1036,390,46,2,0,2,0,1,4,0,0,0,1,0,5,1,1,1,11,229,1,73,105,26,6,13,105,0,0,0,99,5,9,2,2,1,1,1,1,111124,Sintra,Grande Lisboa
União das freguesias do Cacém e São Marcos,25 - 29 anos,H,1372,941,431,47,2,0,3,0,2,7,0,3,0,0,0,2,0,2,3,6,216,1,37,114,42,2,11,140,1,3,0,124,9,28,3,2,12,1,7,0,111124,Sintra,Grande Lisboa
União das freguesias do Cacém e São Marcos,25 - 29 anos,M,1415,926,489,54,1,0,0,0,3,5,0,4,0,1,0,6,0,1,6,10,286,2,55,153,44,3,26,137,3,2,0,123,8,11,1,5,2,1,0,1,111124,Sintra,Grande Lisboa
União das freguesias do Cacém e São Marcos,30 - 34 anos,H,1324,883,441,48,0,0,0,0,1,8,0,3,1,1,0,8,0,2,5,8,214,2,40,87,36,3,30,148,0,1,0,130,13,31,10,5,9,4,1,0,111124,Sintra,Grande Lisboa
União das freguesias do Cacém e São Marcos,30 - 34 anos,M,1522,959,563,67,3,0,0,1,0,6,0,2,0,2,2,13,0,3,4,14,313,1,60,155,49,3,35,161,1,0,0,146,11,22,3,5,7,2,4,0,111124,Sintra,Grande Lisboa
União das freguesias do Cacém e São Marcos,35 - 39 anos,H,1256,839,417,50,2,0,0,0,4,7,0,0,1,0,0,13,0,2,1,6,192,4,37,84,28,9,20,151,0,1,1,135,13,24,8,1,10,1,2,0,111124,Sintra,Grande Lisboa
União das freguesias do Cacém e São Marcos,35 - 39 anos,M,1426,925,501,60,0,0,1,1,1,17,0,1,1,0,1,10,0,5,1,8,226,4,54,92,30,7,31,199,2,1,0,182,8,15,2,1,3,3,3,1,111124,Sintra,Grande Lisboa
União das freguesias do Cacém e São Marcos,40 - 44 anos,H,1510,1091,419,73,6,0,2,1,3,21,0,1,1,1,0,14,0,0,0,9,174,1,56,48,38,4,15,146,0,0,1,142,3,26,7,4,3,4,6,0,111124,Sintra,Grande Lisboa
União das freguesias do Cacém e São Marcos,40 - 44 anos,M,1744,1217,527,94,10,0,0,1,1,17,0,1,1,0,1,20,1,5,0,20,241,1,74,105,28,11,13,176,0,0,0,164,5,16,1,3,6,1,1,0,111124,Sintra,Grande Lisboa
União das freguesias do Cacém e São Marcos,45 - 49 anos,H,1686,1224,462,88,7,0,2,0,0,28,0,1,1,1,0,13,0,5,1,15,286,2,128,65,25,44,9,70,2,2,1,58,2,18,1,4,4,2,3,0,111124,Sintra,Grande Lisboa
União das freguesias do Cacém e São Marcos,45 - 49 anos,M,2024,1429,595,91,6,0,0,1,1,33,0,0,0,1,1,17,0,3,0,11,366,2,158,98,37,43,23,129,1,2,0,121,2,9,0,4,2,0,0,0,111124,Sintra,Grande Lisboa
União das freguesias do Cacém e São Marcos,50 - 54 anos,H,1525,1087,438,64,7,0,3,0,2,15,0,1,0,3,0,11,0,1,1,13,296,6,125,79,22,41,14,67,1,0,0,61,4,11,1,6,1,0,0,0,111124,Sintra,Grande Lisboa
União das freguesias do Cacém e São Marcos,50 - 54 anos,M,1852,1325,527,50,3,0,1,1,2,12,0,0,0,1,0,10,0,6,1,6,377,1,157,109,25,51,29,90,0,0,0,84,3,10,0,5,0,0,0,0,111124,Sintra,Grande Lisboa
União das freguesias do Cacém e São Marcos,55 - 59 anos,H,1140,882,258,21,1,0,0,1,1,4,0,0,0,1,0,3,0,1,1,5,197,1,72,55,19,38,11,29,0,1,0,25,3,11,0,3,1,1,1,0,111124,Sintra,Grande Lisboa
União das freguesias do Cacém e São Marcos,55 - 59 anos,M,1295,979,316,22,0,0,1,1,2,2,0,0,0,0,0,3,0,1,0,7,237,1,89,70,27,30,16,49,0,1,1,45,2,8,0,2,2,0,0,0,111124,Sintra,Grande Lisboa
União das freguesias do Cacém e São Marcos,60 - 64 anos,H,861,707,154,14,1,0,1,0,0,1,0,1,0,0,0,1,0,0,0,6,123,0,40,32,16,24,7,9,0,0,0,9,0,8,0,3,4,0,0,0,111124,Sintra,Grande Lisboa
União das freguesias do Cacém e São Marcos,60 - 64 anos,M,1066,809,257,13,0,0,1,0,1,2,0,0,0,0,0,2,0,2,0,4,203,1,74,65,14,29,16,37,0,0,0,34,3,4,0,0,4,0,0,0,111124,Sintra,Grande Lisboa
União das freguesias do Cacém e São Marcos,65 - 69 anos,H,675,575,100,7,0,0,0,0,2,0,1,0,0,0,0,2,0,0,0,2,83,2,27,25,5,17,4,4,0,0,0,4,0,6,0,0,5,0,0,0,111124,Sintra,Grande Lisboa
União das freguesias do Cacém e São Marcos,65 - 69 anos,M,898,740,158,9,0,0,0,0,0,0,0,0,0,0,0,2,0,0,0,6,119,0,47,28,12,24,6,24,0,0,1,22,1,6,0,1,3,0,0,0,111124,Sintra,Grande Lisboa
União das freguesias do Cacém e São Marcos,70 - 74 anos,H,616,550,66,6,1,0,1,0,0,1,0,0,0,0,0,1,1,0,0,0,54,0,14,18,8,10,1,4,0,1,0,3,0,2,0,0,0,0,0,0,111124,Sintra,Grande Lisboa
União das freguesias do Cacém e São Marcos,70 - 74 anos,M,807,711,96,5,0,0,0,0,1,1,0,0,0,0,0,0,1,0,1,0,77,0,40,14,4,10,6,9,0,0,0,9,0,5,0,0,1,0,0,0,111124,Sintra,Grande Lisboa
União das freguesias do Cacém e São Marcos,75 - 79 anos,H,447,422,25,1,0,1,0,0,0,0,0,0,0,0,0,0,0,0,0,0,22,0,6,10,0,3,2,0,0,0,0,0,0,2,0,1,0,0,0,0,111124,Sintra,Grande Lisboa
União das freguesias do Cacém e São Marcos,75 - 79 anos,M,621,572,49,3,0,0,0,0,1,0,0,0,0,0,0,0,1,0,0,1,43,1,17,13,4,5,3,2,0,0,0,2,0,1,0,0,0,0,0,0,111124,Sintra,Grande Lisboa
União das freguesias do Cacém e São Marcos,80 - 84 anos,H,246,234,12,1,0,0,0,0,0,1,0,0,0,0,0,0,0,0,0,0,8,0,4,1,1,1,0,0,0,0,0,0,0,3,0,0,2,0,0,0,111124,Sintra,Grande Lisboa
União das freguesias do Cacém e São Marcos,80 - 84 anos,M,356,324,32,2,0,0,0,0,0,0,0,1,0,0,0,0,0,0,0,0,19,0,7,7,0,3,2,4,0,1,0,3,0,7,0,0,7,0,0,0,111124,Sintra,Grande Lisboa
União das freguesias do Cacém e São Marcos,85 e mais anos,H,169,159,10,0,0,0,0,0,0,0,0,0,0,0,0,0,0,0,0,0,9,0,5,0,1,3,0,0,0,0,0,0,0,1,0,0,1,0,0,0,111124,Sintra,Grande Lisboa
União das freguesias do Cacém e São Marcos,85 e mais anos,M,335,297,38,3,0,0,0,0,2,1,0,0,0,0,0,0,0,0,0,0,35,1,18,6,2,6,2,0,0,0,0,0,0,0,0,0,0,0,0,0,111124,Sintra,Grande Lisboa
Vila Franca de Xira,Total,H,65678,57522,8156,1563,124,4,33,23,85,305,2,38,23,24,5,178,4,50,61,309,3536,66,1441,669,340,655,219,2531,14,45,8,2297,124,519,73,101,179,53,41,7,1114,Vila Franca de Xira,Grande Lisboa
Vila Franca de Xira,Total,M,71851,62140,9711,1777,140,3,29,18,87,349,3,36,18,30,11,214,6,76,71,352,4383,85,1886,774,379,816,290,3176,37,38,13,2876,149,373,26,109,102,39,19,2,1114,Vila Franca de Xira,Grande Lisboa
Vila Franca de Xira,0 - 4 anos,H,3353,3222,131,44,1,2,1,0,3,8,2,1,0,3,0,1,0,0,4,4,22,2,12,1,1,3,2,55,0,1,0,52,1,7,2,2,0,1,0,3,1114,Vila Franca de Xira,Grande Lisboa
Vila Franca de Xira,0 - 4 anos,M,3166,3060,106,30,2,0,2,0,2,4,0,1,0,0,0,1,0,1,4,0,18,0,9,2,1,3,2,50,0,1,1,45,2,7,1,0,2,0,1,1,1114,Vila Franca de Xira,Grande Lisboa
Vila Franca de Xira,5 - 9 anos,H,3565,3276,289,51,2,0,1,0,3,8,0,2,3,0,1,0,0,1,6,5,74,3,38,11,7,2,8,144,0,4,0,127,9,20,2,3,4,3,3,0,1114,Vila Franca de Xira,Grande Lisboa
Vila Franca de Xira,5 - 9 anos,M,3256,2944,312,60,3,0,0,0,6,9,2,1,0,3,0,1,0,0,3,7,72,2,39,8,11,2,2,158,0,3,1,151,1,22,3,3,6,1,4,0,1114,Vila Franca de Xira,Grande Lisboa
Vila Franca de Xira,10 - 14 anos,H,3921,3604,317,62,2,0,0,0,9,12,0,2,1,0,0,4,0,0,7,5,111,3,51,36,10,2,8,127,0,2,0,116,8,16,1,2,3,3,3,1,1114,Vila Franca de Xira,Grande Lisboa
Vila Franca de Xira,10 - 14 anos,M,3659,3391,268,43,0,0,1,1,8,4,0,1,1,1,0,3,0,1,6,2,90,1,48,8,11,1,12,125,0,1,0,114,8,10,1,1,2,3,1,0,1114,Vila Franca de Xira,Grande Lisboa
Vila Franca de Xira,15 - 19 anos,H,3918,3546,372,59,6,0,2,1,7,8,0,2,1,1,0,5,0,0,4,10,121,3,35,31,22,6,12,176,0,3,0,160,9,16,3,6,3,1,1,0,1114,Vila Franca de Xira,Grande Lisboa
Vila Franca de Xira,15 - 19 anos,M,3834,3515,319,54,0,0,0,0,4,4,1,3,0,1,0,9,0,3,3,10,119,2,38,29,19,3,20,139,0,6,0,121,7,7,0,1,1,1,0,0,1114,Vila Franca de Xira,Grande Lisboa
Vila Franca de Xira,20 - 24 anos,H,3728,3260,468,75,2,0,2,4,2,6,0,1,1,0,0,14,0,4,8,18,167,2,51,50,26,8,20,191,0,3,0,174,11,35,3,3,19,2,3,0,1114,Vila Franca de Xira,Grande Lisboa
Vila Franca de Xira,20 - 24 anos,M,3747,3200,547,100,7,0,7,1,7,8,0,2,0,0,0,12,0,1,9,25,216,2,77,66,30,5,26,211,2,0,0,198,8,20,2,7,1,6,0,0,1114,Vila Franca de Xira,Grande Lisboa
Vila Franca de Xira,25 - 29 anos,H,3728,3035,693,117,5,0,4,1,7,15,0,4,3,1,0,7,1,4,13,32,197,5,56,66,31,4,22,291,4,5,1,265,12,88,10,7,46,9,4,0,1114,Vila Franca de Xira,Grande Lisboa
Vila Franca de Xira,25 - 29 anos,M,3748,3057,691,163,8,1,6,1,7,14,0,4,5,0,2,9,1,5,19,44,207,6,71,53,30,10,26,278,5,1,2,253,16,43,9,14,11,3,0,0,1114,Vila Franca de Xira,Grande Lisboa
Vila Franca de Xira,30 - 34 anos,H,3950,3188,762,146,5,1,5,3,12,15,0,4,3,4,1,16,0,8,10,31,198,9,57,47,41,3,22,318,2,5,1,285,21,100,26,20,31,12,7,0,1114,Vila Franca de Xira,Grande Lisboa
Vila Franca de Xira,30 - 34 anos,M,4234,3337,897,187,5,1,2,3,6,26,0,5,2,4,3,35,0,7,14,29,268,8,93,75,43,9,26,380,7,5,0,339,19,62,7,17,14,13,2,0,1114,Vila Franca de Xira,Grande Lisboa
Vila Franca de Xira,35 - 39 anos,H,4677,3893,784,144,19,0,1,0,7,26,0,8,2,1,1,25,0,2,2,18,200,6,59,53,33,11,16,372,2,5,0,341,19,67,13,7,22,14,6,1,1114,Vila Franca de Xira,Grande Lisboa
Vila Franca de Xira,35 - 39 anos,M,5041,4075,966,192,12,1,3,2,6,31,0,9,1,3,3,36,0,8,6,38,271,9,88,66,37,20,31,459,5,5,0,409,28,44,3,12,7,9,7,0,1114,Vila Franca de Xira,Grande Lisboa
Vila Franca de Xira,40 - 44 anos,H,5603,4755,848,213,22,0,1,3,10,41,0,1,3,0,1,35,0,9,1,37,240,10,83,34,37,40,24,339,1,4,2,312,15,56,10,17,14,6,3,0,1114,Vila Franca de Xira,Grande Lisboa
Vila Franca de Xira,40 - 44 anos,M,6179,5094,1085,262,29,0,1,2,7,64,0,2,3,2,2,38,3,13,4,54,342,16,125,55,44,57,27,455,9,3,0,426,12,26,0,7,9,1,0,0,1114,Vila Franca de Xira,Grande Lisboa
Vila Franca de Xira,45 - 49 anos,H,5590,4479,1111,296,43,0,3,2,9,99,0,4,5,3,0,34,0,4,2,53,585,7,317,47,28,155,16,202,3,1,0,183,11,27,2,10,5,1,4,1,1114,Vila Franca de Xira,Grande Lisboa
Vila Franca de Xira,45 - 49 anos,M,6184,4850,1334,319,50,0,1,2,11,101,0,2,6,4,1,31,1,13,0,60,651,12,347,56,30,168,25,340,4,5,1,307,15,24,0,12,1,1,0,0,1114,Vila Franca de Xira,Grande Lisboa
Vila Franca de Xira,50 - 54 anos,H,4599,3794,805,172,9,1,4,4,4,47,0,0,0,9,0,17,1,6,1,43,471,15,241,39,23,118,24,137,1,2,0,129,3,24,0,8,5,1,4,1,1114,Vila Franca de Xira,Grande Lisboa
Vila Franca de Xira,50 - 54 anos,M,5071,4115,956,171,17,0,2,2,3,57,0,1,0,6,0,24,0,8,2,29,531,17,260,57,28,130,26,232,3,4,3,207,8,21,0,11,6,0,0,1,1114,Vila Franca de Xira,Grande Lisboa
Vila Franca de Xira,55 - 59 anos,H,4063,3525,538,72,4,0,3,2,3,5,0,2,0,1,0,12,0,5,0,29,359,1,153,50,36,92,20,86,0,2,1,77,2,21,0,10,3,0,2,0,1114,Vila Franca de Xira,Grande Lisboa
Vila Franca de Xira,55 - 59 anos,M,4838,4120,718,72,3,0,0,1,3,11,0,0,0,5,0,6,1,5,0,24,466,5,219,81,22,103,30,157,1,2,0,141,10,23,0,10,7,0,1,0,1114,Vila Franca de Xira,Grande Lisboa
Vila Franca de Xira,60 - 64 anos,H,3839,3438,401,60,1,0,2,0,3,5,0,4,1,0,0,8,0,3,1,17,282,0,113,61,22,71,12,48,1,1,0,43,3,11,0,3,7,0,0,0,1114,Vila Franca de Xira,Grande Lisboa
Vila Franca de Xira,60 - 64 anos,M,4614,4043,571,45,1,0,1,3,2,3,0,1,0,1,0,5,0,6,1,10,417,2,175,69,38,108,19,91,0,1,2,78,9,18,0,5,7,0,1,0,1114,Vila Franca de Xira,Grande Lisboa
Vila Franca de Xira,65 - 69 anos,H,3509,3236,273,15,1,0,1,1,1,3,0,0,0,0,0,0,1,0,0,4,229,0,79,82,8,48,6,18,0,3,1,14,0,11,0,0,6,0,1,0,1114,Vila Franca de Xira,Grande Lisboa
Vila Franca de Xira,65 - 69 anos,M,4248,3821,427,24,1,0,0,0,2,2,0,1,0,0,0,1,0,2,0,11,322,1,135,73,19,81,9,69,1,0,0,60,5,12,0,6,2,0,1,0,1114,Vila Franca de Xira,Grande Lisboa
Vila Franca de Xira,70 - 74 anos,H,3098,2927,171,13,0,0,2,2,0,3,0,1,0,1,0,0,0,2,0,2,130,0,48,24,8,46,2,18,0,3,0,14,0,10,1,2,4,0,0,0,1114,Vila Franca de Xira,Grande Lisboa
Vila Franca de Xira,70 - 74 anos,M,3504,3282,222,23,1,0,1,0,7,5,0,0,0,0,0,1,0,1,0,6,170,2,67,34,4,52,1,14,0,1,0,12,1,15,0,2,9,1,1,0,1114,Vila Franca de Xira,Grande Lisboa
Vila Franca de Xira,75 - 79 anos,H,2117,2036,81,3,1,0,0,0,1,0,0,0,0,0,0,0,0,0,1,0,69,0,25,13,6,18,2,3,0,1,0,2,0,6,0,0,4,0,0,0,1114,Vila Franca de Xira,Grande Lisboa
Vila Franca de Xira,75 - 79 anos,M,2742,2621,121,16,0,0,2,0,2,3,0,1,0,0,0,2,0,1,0,2,88,0,37,15,4,29,3,9,0,0,1,8,0,8,0,0,7,0,0,0,1114,Vila Franca de Xira,Grande Lisboa
Vila Franca de Xira,80 - 84 anos,H,1436,1374,62,10,1,0,0,0,1,2,0,0,0,0,1,0,1,0,1,1,46,0,10,14,1,17,3,3,0,0,0,2,0,3,0,1,2,0,0,0,1114,Vila Franca de Xira,Grande Lisboa
Vila Franca de Xira,80 - 84 anos,M,2003,1915,88,7,1,0,0,0,2,0,0,1,0,0,0,0,0,1,0,1,71,0,35,13,3,16,2,6,0,0,2,4,0,4,0,0,4,0,0,0,1114,Vila Franca de Xira,Grande Lisboa
Vila Franca de Xira,85 e mais anos,H,984,934,50,11,0,0,1,0,3,2,0,2,0,0,0,0,0,2,0,0,35,0,13,10,0,11,0,3,0,0,2,1,0,1,0,0,1,0,0,0,1114,Vila Franca de Xira,Grande Lisboa
Vila Franca de Xira,85 e mais anos,M,1783,1700,83,9,0,0,0,0,2,3,0,1,0,0,0,0,0,0,0,0,64,0,23,14,5,19,3,3,0,0,0,3,0,7,0,1,6,0,0,0,1114,Vila Franca de Xira,Grande Lisboa
"""União das freguesias de Alhandra, São João dos Montes e Calhandriz""",Total,H,6041,5459,582,135,5,1,5,3,6,19,0,0,3,3,0,7,1,8,9,27,207,7,91,28,9,42,17,204,1,2,1,190,8,36,2,12,5,6,4,0,111412,Vila Franca de Xira,Grande Lisboa
"""União das freguesias de Alhandra, São João dos Montes e Calhandriz""",Total,M,6604,5892,712,162,16,1,4,3,6,27,1,4,0,6,0,12,0,11,2,30,255,12,115,39,12,45,22,267,1,3,2,236,15,28,2,11,3,3,2,0,111412,Vila Franca de Xira,Grande Lisboa
"""União das freguesias de Alhandra, São João dos Montes e Calhandriz""",0 - 4 anos,H,301,293,8,3,0,0,0,0,1,0,0,0,0,1,0,0,0,0,1,0,1,0,0,0,0,1,0,3,0,0,0,2,0,1,0,0,0,0,0,0,111412,Vila Franca de Xira,Grande Lisboa
"""União das freguesias de Alhandra, São João dos Montes e Calhandriz""",0 - 4 anos,M,250,243,7,2,0,0,0,0,0,1,0,0,0,0,0,0,0,0,0,0,2,0,1,0,0,1,0,3,0,0,0,2,0,0,0,0,0,0,0,0,111412,Vila Franca de Xira,Grande Lisboa
"""União das freguesias de Alhandra, São João dos Montes e Calhandriz""",5 - 9 anos,H,312,281,31,8,1,0,1,0,0,2,0,0,0,0,0,0,0,1,0,2,5,0,2,0,0,1,1,15,0,1,0,12,2,3,0,1,0,1,0,0,111412,Vila Franca de Xira,Grande Lisboa
"""União das freguesias de Alhandra, São João dos Montes e Calhandriz""",5 - 9 anos,M,265,230,35,8,1,0,0,0,0,1,1,0,0,1,0,0,0,0,0,0,5,1,1,0,1,1,0,18,0,0,1,16,0,4,1,0,0,0,1,0,111412,Vila Franca de Xira,Grande Lisboa
"""União das freguesias de Alhandra, São João dos Montes e Calhandriz""",10 - 14 anos,H,331,313,18,2,0,0,0,0,1,0,0,0,0,0,0,0,0,0,1,0,7,1,4,1,1,0,0,8,0,0,0,7,1,1,0,0,0,0,1,0,111412,Vila Franca de Xira,Grande Lisboa
"""União das freguesias de Alhandra, São João dos Montes e Calhandriz""",10 - 14 anos,M,297,274,23,5,0,0,0,0,1,2,0,0,0,0,0,0,0,0,0,1,5,0,2,0,1,0,1,13,0,0,0,12,0,0,0,0,0,0,0,0,111412,Vila Franca de Xira,Grande Lisboa
"""União das freguesias de Alhandra, São João dos Montes e Calhandriz""",15 - 19 anos,H,316,299,17,3,0,0,0,0,0,0,0,0,0,0,0,0,0,0,0,1,2,0,1,1,0,0,0,11,0,0,0,11,0,1,0,0,0,0,1,0,111412,Vila Franca de Xira,Grande Lisboa
"""União das freguesias de Alhandra, São João dos Montes e Calhandriz""",15 - 19 anos,M,367,327,40,8,0,0,0,0,1,0,0,1,0,1,0,1,0,1,0,1,9,0,6,1,1,0,1,23,0,2,0,18,1,0,0,0,0,0,0,0,111412,Vila Franca de Xira,Grande Lisboa
"""União das freguesias de Alhandra, São João dos Montes e Calhandriz""",20 - 24 anos,H,336,302,34,5,1,0,0,1,0,0,0,0,0,0,0,1,0,1,0,0,11,0,1,3,2,1,3,18,0,0,0,17,1,0,0,0,0,0,0,0,111412,Vila Franca de Xira,Grande Lisboa
"""União das freguesias de Alhandra, São João dos Montes e Calhandriz""",20 - 24 anos,M,351,307,44,11,1,0,2,0,0,1,0,1,0,0,0,1,0,0,0,4,9,0,4,4,0,0,0,22,0,0,0,19,2,2,0,2,0,0,0,0,111412,Vila Franca de Xira,Grande Lisboa
"""União das freguesias de Alhandra, São João dos Montes e Calhandriz""",25 - 29 anos,H,300,261,39,7,0,0,1,0,0,0,0,0,0,0,0,0,0,0,1,2,9,0,2,5,0,0,1,19,0,0,0,19,0,4,0,1,0,2,0,0,111412,Vila Franca de Xira,Grande Lisboa
"""União das freguesias de Alhandra, São João dos Montes e Calhandriz""",25 - 29 anos,M,316,270,46,17,2,1,2,1,1,0,0,0,0,0,0,0,0,0,2,4,16,0,11,1,0,1,1,13,0,0,0,11,2,0,0,0,0,0,0,0,111412,Vila Franca de Xira,Grande Lisboa
"""União das freguesias de Alhandra, São João dos Montes e Calhandriz""",30 - 34 anos,H,325,271,54,16,0,1,1,0,1,2,0,0,1,0,0,0,0,1,3,2,8,0,2,2,1,0,3,22,0,0,0,21,1,8,1,2,2,1,1,0,111412,Vila Franca de Xira,Grande Lisboa
"""União das freguesias de Alhandra, São João dos Montes e Calhandriz""",30 - 34 anos,M,337,275,62,14,0,0,0,0,1,1,0,0,0,1,0,3,0,0,0,1,13,1,4,3,2,1,0,27,0,0,0,24,1,8,1,2,1,3,0,0,111412,Vila Franca de Xira,Grande Lisboa
"""União das freguesias de Alhandra, São João dos Montes e Calhandriz""",35 - 39 anos,H,391,323,68,15,0,0,1,0,2,2,0,0,0,1,0,0,0,0,0,1,11,2,2,2,0,1,0,36,1,0,0,33,2,6,1,1,2,1,0,0,111412,Vila Franca de Xira,Grande Lisboa
"""União das freguesias de Alhandra, São João dos Montes e Calhandriz""",35 - 39 anos,M,422,352,70,17,1,0,0,0,0,3,0,1,0,1,0,2,0,2,0,3,18,2,6,3,3,1,3,33,1,0,0,30,2,2,0,1,0,0,1,0,111412,Vila Franca de Xira,Grande Lisboa
"""União das freguesias de Alhandra, São João dos Montes e Calhandriz""",40 - 44 anos,H,453,395,58,16,1,0,0,0,0,2,0,0,0,0,0,0,0,1,1,3,14,0,8,0,1,3,1,24,0,0,0,23,0,4,0,2,0,1,0,0,111412,Vila Franca de Xira,Grande Lisboa
"""União das freguesias de Alhandra, São João dos Montes e Calhandriz""",40 - 44 anos,M,451,373,78,18,2,0,0,0,1,4,0,0,0,0,0,0,0,1,0,2,15,2,4,2,1,3,3,44,0,0,0,43,0,1,0,1,0,0,0,0,111412,Vila Franca de Xira,Grande Lisboa
"""União das freguesias de Alhandra, São João dos Montes e Calhandriz""",45 - 49 anos,H,468,390,78,20,2,0,1,0,0,6,0,0,2,0,0,3,0,0,0,2,35,2,17,2,1,10,2,22,0,0,0,21,1,1,0,1,0,0,0,0,111412,Vila Franca de Xira,Grande Lisboa
"""União das freguesias de Alhandra, São João dos Montes e Calhandriz""",45 - 49 anos,M,550,445,105,32,7,0,0,0,0,10,0,0,0,1,0,2,0,1,0,5,41,3,22,1,1,11,2,28,0,1,0,25,1,4,0,1,0,0,0,0,111412,Vila Franca de Xira,Grande Lisboa
"""União das freguesias de Alhandra, São João dos Montes e Calhandriz""",50 - 54 anos,H,449,377,72,18,0,0,0,1,0,2,0,0,0,1,0,1,0,1,1,5,36,2,18,1,2,8,3,14,0,1,0,13,0,4,0,2,0,0,1,0,111412,Vila Franca de Xira,Grande Lisboa
"""União das freguesias de Alhandra, São João dos Montes e Calhandriz""",50 - 54 anos,M,459,381,78,13,1,0,0,1,0,2,0,0,0,1,0,1,0,3,0,4,42,3,18,5,1,10,4,20,0,0,0,19,1,3,0,2,1,0,0,0,111412,Vila Franca de Xira,Grande Lisboa
"""União das freguesias de Alhandra, São João dos Montes e Calhandriz""",55 - 59 anos,H,433,399,34,9,0,0,0,1,0,2,0,0,0,0,0,0,0,1,0,5,19,0,9,1,0,7,1,4,0,0,0,4,0,2,0,1,1,0,0,0,111412,Vila Franca de Xira,Grande Lisboa
"""União das freguesias de Alhandra, São João dos Montes e Calhandriz""",55 - 59 anos,M,447,413,34,6,1,0,0,1,0,0,0,0,0,0,0,1,0,0,0,2,17,0,11,3,0,2,1,8,0,0,0,7,1,3,0,1,1,0,0,0,111412,Vila Franca de Xira,Grande Lisboa
"""União das freguesias de Alhandra, São João dos Montes e Calhandriz""",60 - 64 anos,H,376,351,25,8,0,0,0,0,1,0,0,0,0,0,0,2,0,1,1,3,14,0,8,2,1,3,0,3,0,0,0,3,0,0,0,0,0,0,0,0,111412,Vila Franca de Xira,Grande Lisboa
"""União das freguesias de Alhandra, São João dos Montes e Calhandriz""",60 - 64 anos,M,409,376,33,3,0,0,0,0,1,0,0,1,0,0,0,0,0,1,0,0,22,0,8,6,0,4,4,8,0,0,0,5,3,0,0,0,0,0,0,0,111412,Vila Franca de Xira,Grande Lisboa
"""União das freguesias de Alhandra, São João dos Montes e Calhandriz""",65 - 69 anos,H,314,296,18,2,0,0,0,0,0,0,0,0,0,0,0,0,1,0,0,0,15,0,8,4,0,1,1,1,0,0,0,1,0,0,0,0,0,0,0,0,111412,Vila Franca de Xira,Grande Lisboa
"""União das freguesias de Alhandra, São João dos Montes e Calhandriz""",65 - 69 anos,M,403,383,20,3,0,0,0,0,0,0,0,0,0,0,0,0,0,0,0,3,13,0,9,3,0,1,0,3,0,0,0,3,0,1,0,1,0,0,0,0,111412,Vila Franca de Xira,Grande Lisboa
"""União das freguesias de Alhandra, São João dos Montes e Calhandriz""",70 - 74 anos,H,334,319,15,1,0,0,0,0,0,0,0,0,0,0,0,0,0,0,0,1,11,0,7,1,0,2,1,3,0,0,0,3,0,0,0,0,0,0,0,0,111412,Vila Franca de Xira,Grande Lisboa
"""União das freguesias de Alhandra, São João dos Montes e Calhandriz""",70 - 74 anos,M,399,382,17,1,0,0,0,0,0,1,0,0,0,0,0,0,0,0,0,0,14,0,3,4,1,5,0,2,0,0,0,1,1,0,0,0,0,0,0,0,111412,Vila Franca de Xira,Grande Lisboa
"""União das freguesias de Alhandra, São João dos Montes e Calhandriz""",75 - 79 anos,H,253,251,2,0,0,0,0,0,0,0,0,0,0,0,0,0,0,0,0,0,2,0,1,0,0,1,0,0,0,0,0,0,0,0,0,0,0,0,0,0,111412,Vila Franca de Xira,Grande Lisboa
"""União das freguesias de Alhandra, São João dos Montes e Calhandriz""",75 - 79 anos,M,352,344,8,2,0,0,0,0,0,0,0,0,0,0,0,1,0,1,0,0,5,0,3,1,0,1,0,1,0,0,0,1,0,0,0,0,0,0,0,0,111412,Vila Franca de Xira,Grande Lisboa
"""União das freguesias de Alhandra, São João dos Montes e Calhandriz""",80 - 84 anos,H,213,209,4,1,0,0,0,0,0,1,0,0,0,0,0,0,0,0,0,0,2,0,1,0,0,1,0,0,0,0,0,0,0,1,0,1,0,0,0,0,111412,Vila Franca de Xira,Grande Lisboa
"""União das freguesias de Alhandra, São João dos Montes e Calhandriz""",80 - 84 anos,M,271,266,5,1,0,0,0,0,0,0,0,0,0,0,0,0,0,1,0,0,3,0,1,1,0,0,1,1,0,0,1,0,0,0,0,0,0,0,0,0,111412,Vila Franca de Xira,Grande Lisboa
"""União das freguesias de Alhandra, São João dos Montes e Calhandriz""",85 e mais anos,H,136,129,7,1,0,0,0,0,0,0,0,0,0,0,0,0,0,1,0,0,5,0,0,3,0,2,0,1,0,0,1,0,0,0,0,0,0,0,0,0,111412,Vila Franca de Xira,Grande Lisboa
"""União das freguesias de Alhandra, São João dos Montes e Calhandriz""",85 e mais anos,M,258,251,7,1,0,0,0,0,0,1,0,0,0,0,0,0,0,0,0,0,6,0,1,1,0,3,1,0,0,0,0,0,0,0,0,0,0,0,0,0,111412,Vila Franca de Xira,Grande Lisboa
União das freguesias de Alverca do Ribatejo e Sobralinho,Total,H,17465,15308,2157,458,38,0,13,3,26,78,2,15,5,8,3,58,0,14,12,116,713,19,341,94,79,127,32,827,6,18,2,740,44,157,18,36,47,23,9,2,111413,Vila Franca de Xira,Grande Lisboa
União das freguesias de Alverca do Ribatejo e Sobralinho,Total,M,19000,16495,2505,522,42,0,9,3,27,95,0,15,1,11,4,63,2,30,22,111,910,27,465,88,94,159,42,963,11,13,6,872,42,110,8,28,25,19,5,0,111413,Vila Franca de Xira,Grande Lisboa
União das freguesias de Alverca do Ribatejo e Sobralinho,0 - 4 anos,H,893,855,38,11,1,0,1,0,0,0,2,0,0,0,0,1,0,0,0,1,2,0,1,0,0,1,0,23,0,1,0,22,0,2,1,1,0,0,0,0,111413,Vila Franca de Xira,Grande Lisboa
União das freguesias de Alverca do Ribatejo e Sobralinho,0 - 4 anos,M,829,792,37,12,1,0,1,0,0,0,0,1,0,0,0,0,0,1,3,0,7,0,3,1,0,2,1,15,0,0,0,15,0,3,0,0,1,0,0,0,111413,Vila Franca de Xira,Grande Lisboa
União das freguesias de Alverca do Ribatejo e Sobralinho,5 - 9 anos,H,928,846,82,14,1,0,0,0,1,2,0,2,1,0,1,0,0,0,1,1,13,2,6,2,2,1,0,46,0,1,0,42,3,9,1,2,3,1,1,0,111413,Vila Franca de Xira,Grande Lisboa
União das freguesias de Alverca do Ribatejo e Sobralinho,5 - 9 anos,M,878,782,96,13,1,0,0,0,3,1,0,0,0,0,0,1,0,0,0,4,18,0,10,2,3,1,0,59,0,2,0,57,0,6,1,0,3,0,1,0,111413,Vila Franca de Xira,Grande Lisboa
União das freguesias de Alverca do Ribatejo e Sobralinho,10 - 14 anos,H,956,873,83,15,1,0,0,0,4,4,0,1,0,0,0,1,0,0,0,2,16,0,10,3,0,2,1,47,0,2,0,41,4,4,0,1,0,1,1,1,111413,Vila Franca de Xira,Grande Lisboa
União das freguesias de Alverca do Ribatejo e Sobralinho,10 - 14 anos,M,895,820,75,14,0,0,0,1,3,0,0,0,0,1,0,1,0,1,3,1,17,1,8,1,3,1,3,40,0,0,0,38,2,4,1,0,1,1,1,0,111413,Vila Franca de Xira,Grande Lisboa
União das freguesias de Alverca do Ribatejo e Sobralinho,15 - 19 anos,H,982,877,105,16,3,0,2,0,2,1,0,1,0,0,0,3,0,0,1,1,24,3,6,5,6,1,2,59,0,2,0,54,1,6,1,2,1,1,0,0,111413,Vila Franca de Xira,Grande Lisboa
União das freguesias de Alverca do Ribatejo e Sobralinho,15 - 19 anos,M,894,833,61,11,0,0,0,0,1,0,0,2,0,0,0,0,0,1,0,3,19,0,9,3,3,0,0,29,0,1,0,25,1,2,0,0,0,1,0,0,111413,Vila Franca de Xira,Grande Lisboa
União das freguesias de Alverca do Ribatejo e Sobralinho,20 - 24 anos,H,946,827,119,24,1,0,0,1,1,2,0,0,0,0,0,6,0,1,4,4,24,0,12,4,5,2,1,60,0,2,0,52,4,11,1,2,5,2,0,0,111413,Vila Franca de Xira,Grande Lisboa
União das freguesias de Alverca do Ribatejo e Sobralinho,20 - 24 anos,M,947,814,133,22,1,0,2,0,2,4,0,0,0,0,0,1,0,0,2,4,30,1,16,5,2,2,3,71,1,0,0,66,3,10,0,3,1,4,0,0,111413,Vila Franca de Xira,Grande Lisboa
União das freguesias de Alverca do Ribatejo e Sobralinho,25 - 29 anos,H,1022,819,203,31,2,0,2,0,3,3,0,1,0,0,0,2,0,0,3,13,38,0,16,10,4,1,6,109,1,1,0,97,7,25,1,2,11,5,0,0,111413,Vila Franca de Xira,Grande Lisboa
União das freguesias de Alverca do Ribatejo e Sobralinho,25 - 29 anos,M,1012,801,211,51,1,0,2,0,4,4,0,2,0,0,2,4,0,4,5,16,41,3,21,2,4,5,4,108,2,1,2,96,7,11,2,4,0,2,0,0,111413,Vila Franca de Xira,Grande Lisboa
União das freguesias de Alverca do Ribatejo e Sobralinho,30 - 34 anos,H,1039,823,216,43,1,0,0,0,4,5,0,2,0,0,0,4,0,2,2,16,41,2,10,6,11,0,7,103,1,3,1,88,10,29,6,8,8,4,2,0,111413,Vila Franca de Xira,Grande Lisboa
União das freguesias de Alverca do Ribatejo e Sobralinho,30 - 34 anos,M,1091,874,217,51,1,0,0,0,1,4,0,3,0,2,1,8,0,4,6,11,49,2,15,9,9,1,9,99,0,2,0,92,3,18,2,5,4,5,0,0,111413,Vila Franca de Xira,Grande Lisboa
União das freguesias de Alverca do Ribatejo e Sobralinho,35 - 39 anos,H,1277,1048,229,50,9,0,0,0,3,8,0,4,1,0,1,9,0,1,0,7,34,0,12,5,5,2,5,125,1,2,0,115,6,19,4,2,6,4,0,1,111413,Vila Franca de Xira,Grande Lisboa
União das freguesias de Alverca do Ribatejo e Sobralinho,35 - 39 anos,M,1357,1094,263,57,4,0,1,0,3,4,0,4,1,1,1,10,0,2,2,16,57,3,23,10,9,4,4,136,1,1,0,122,9,13,2,1,1,4,3,0,111413,Vila Franca de Xira,Grande Lisboa
União das freguesias de Alverca do Ribatejo e Sobralinho,40 - 44 anos,H,1497,1267,230,64,7,0,0,1,2,10,0,0,0,0,0,15,0,3,0,15,50,3,22,5,11,4,3,94,0,2,0,87,3,22,2,7,5,4,2,0,111413,Vila Franca de Xira,Grande Lisboa
União das freguesias de Alverca do Ribatejo e Sobralinho,40 - 44 anos,M,1630,1322,308,80,11,0,1,1,4,18,0,1,0,0,0,18,1,4,0,10,76,2,34,5,11,13,2,141,4,2,0,128,4,11,0,2,5,1,0,0,111413,Vila Franca de Xira,Grande Lisboa
União das freguesias de Alverca do Ribatejo e Sobralinho,45 - 49 anos,H,1484,1192,292,88,9,0,2,0,4,22,0,1,2,2,0,11,0,0,1,22,135,1,81,5,10,34,0,58,1,0,0,50,5,11,0,4,3,1,2,0,111413,Vila Franca de Xira,Grande Lisboa
União das freguesias de Alverca do Ribatejo e Sobralinho,45 - 49 anos,M,1631,1259,372,105,16,0,0,0,1,38,0,1,0,2,0,10,1,5,0,20,147,4,93,2,8,32,4,112,1,1,1,103,4,8,0,4,0,1,0,0,111413,Vila Franca de Xira,Grande Lisboa
União das freguesias de Alverca do Ribatejo e Sobralinho,50 - 54 anos,H,1253,1026,227,53,2,0,1,1,0,17,0,0,0,5,0,5,0,2,0,16,117,7,57,6,6,36,3,50,1,0,0,48,0,7,0,2,1,0,1,0,111413,Vila Franca de Xira,Grande Lisboa
União das freguesias de Alverca do Ribatejo e Sobralinho,50 - 54 anos,M,1308,1068,240,47,5,0,1,0,0,16,0,0,0,2,0,6,0,0,1,8,123,5,68,7,12,28,2,67,1,2,1,53,5,3,0,2,1,0,0,0,111413,Vila Franca de Xira,Grande Lisboa
União das freguesias de Alverca do Ribatejo e Sobralinho,55 - 59 anos,H,1073,934,139,20,1,0,2,0,0,1,0,0,0,1,0,1,0,3,0,9,86,1,47,8,7,22,1,31,0,0,0,27,1,2,0,1,0,0,0,0,111413,Vila Franca de Xira,Grande Lisboa
União das freguesias de Alverca do Ribatejo e Sobralinho,55 - 59 anos,M,1263,1097,166,20,1,0,0,0,1,1,0,0,0,3,0,1,0,4,0,8,101,2,52,10,8,24,4,40,1,0,0,37,1,5,0,1,2,0,0,0,111413,Vila Franca de Xira,Grande Lisboa
União das freguesias de Alverca do Ribatejo e Sobralinho,60 - 64 anos,H,956,872,84,19,0,0,2,0,2,0,0,1,1,0,0,0,0,2,0,7,52,0,26,10,7,8,1,11,1,0,0,10,0,2,0,0,1,0,0,0,111413,Vila Franca de Xira,Grande Lisboa
União das freguesias de Alverca do Ribatejo e Sobralinho,60 - 64 anos,M,1206,1073,133,13,0,0,1,1,0,1,0,0,0,0,0,1,0,2,0,4,93,2,47,10,13,18,2,21,0,0,0,19,2,6,0,2,3,0,0,0,111413,Vila Franca de Xira,Grande Lisboa
União das freguesias de Alverca do Ribatejo e Sobralinho,65 - 69 anos,H,936,894,42,2,0,0,0,0,0,0,0,0,0,0,0,0,0,0,0,1,33,0,19,9,2,2,0,4,0,0,1,3,0,3,0,0,1,0,0,0,111413,Vila Franca de Xira,Grande Lisboa
União das freguesias de Alverca do Ribatejo e Sobralinho,65 - 69 anos,M,1098,1006,92,8,0,0,0,0,1,0,0,0,0,0,0,0,0,2,0,3,60,1,29,12,5,11,2,17,0,0,0,16,1,7,0,3,1,0,0,0,111413,Vila Franca de Xira,Grande Lisboa
União das freguesias de Alverca do Ribatejo e Sobralinho,70 - 74 anos,H,875,848,27,2,0,0,0,0,0,1,0,1,0,0,0,0,0,0,0,0,16,0,8,4,0,4,0,5,0,2,0,3,0,4,1,2,1,0,0,0,111413,Vila Franca de Xira,Grande Lisboa
União das freguesias de Alverca do Ribatejo e Sobralinho,70 - 74 anos,M,1006,971,35,6,0,0,0,0,1,2,0,0,0,0,0,1,0,0,0,2,27,1,11,3,0,10,0,2,0,1,0,1,0,0,0,0,0,0,0,0,111413,Vila Franca de Xira,Grande Lisboa
União das freguesias de Alverca do Ribatejo e Sobralinho,75 - 79 anos,H,619,607,12,0,0,0,0,0,0,0,0,0,0,0,0,0,0,0,0,0,10,0,3,3,2,1,1,1,0,0,0,1,0,1,0,0,1,0,0,0,111413,Vila Franca de Xira,Grande Lisboa
União das freguesias de Alverca do Ribatejo e Sobralinho,75 - 79 anos,M,823,792,31,4,0,0,0,0,0,1,0,0,0,0,0,1,0,0,0,0,24,0,17,2,1,3,1,3,0,0,1,2,0,0,0,0,0,0,0,0,111413,Vila Franca de Xira,Grande Lisboa
União das freguesias de Alverca do Ribatejo e Sobralinho,80 - 84 anos,H,439,421,18,3,0,0,0,0,0,1,0,0,0,0,1,0,0,0,0,1,14,0,4,6,1,2,1,1,0,0,0,0,0,0,0,0,0,0,0,0,111413,Vila Franca de Xira,Grande Lisboa
União das freguesias de Alverca do Ribatejo e Sobralinho,80 - 84 anos,M,610,592,18,4,0,0,0,0,1,0,0,1,0,0,0,0,0,0,0,1,11,0,6,1,1,3,0,2,0,0,1,1,0,1,0,0,1,0,0,0,111413,Vila Franca de Xira,Grande Lisboa
União das freguesias de Alverca do Ribatejo e Sobralinho,85 e mais anos,H,290,279,11,3,0,0,1,0,0,1,0,1,0,0,0,0,0,0,0,0,8,0,1,3,0,4,0,0,0,0,0,0,0,0,0,0,0,0,0,0,111413,Vila Franca de Xira,Grande Lisboa
União das freguesias de Alverca do Ribatejo e Sobralinho,85 e mais anos,M,522,505,17,4,0,0,0,0,1,1,0,0,0,0,0,0,0,0,0,0,10,0,3,3,2,1,1,1,0,0,0,1,0,2,0,1,1,0,0,0,111413,Vila Franca de Xira,Grande Lisboa
União das freguesias de Castanheira do Ribatejo e Cachoeiras,Total,H,3806,3307,499,115,5,0,2,3,7,27,0,4,3,0,0,14,1,4,4,15,175,4,74,17,26,26,17,170,1,2,1,162,4,38,1,5,15,3,7,1,111414,Vila Franca de Xira,Grande Lisboa
União das freguesias de Castanheira do Ribatejo e Cachoeiras,Total,M,4148,3597,551,110,8,0,0,2,7,19,0,2,1,3,1,16,0,2,6,25,216,4,101,18,28,37,25,202,4,3,0,188,6,23,0,5,5,3,3,0,111414,Vila Franca de Xira,Grande Lisboa
União das freguesias de Castanheira do Ribatejo e Cachoeiras,0 - 4 anos,H,165,154,11,6,0,0,0,0,0,1,0,0,0,0,0,0,0,0,1,2,3,2,1,0,0,0,0,2,0,0,0,2,0,0,0,0,0,0,0,0,111414,Vila Franca de Xira,Grande Lisboa
União das freguesias de Castanheira do Ribatejo e Cachoeiras,0 - 4 anos,M,166,156,10,3,0,0,0,0,1,0,0,0,0,0,0,1,0,0,0,0,3,0,2,0,1,0,0,3,0,0,0,3,0,1,0,0,1,0,0,0,111414,Vila Franca de Xira,Grande Lisboa
União das freguesias de Castanheira do Ribatejo e Cachoeiras,5 - 9 anos,H,190,169,21,2,0,0,0,0,1,1,0,0,0,0,0,0,0,0,0,0,8,0,6,0,1,0,1,9,0,0,0,9,0,2,0,0,0,0,1,0,111414,Vila Franca de Xira,Grande Lisboa
União das freguesias de Castanheira do Ribatejo e Cachoeiras,5 - 9 anos,M,176,158,18,3,0,0,0,0,0,0,0,0,0,1,0,0,0,0,0,0,6,1,3,2,0,0,0,8,0,0,0,8,0,1,0,0,0,0,1,0,111414,Vila Franca de Xira,Grande Lisboa
União das freguesias de Castanheira do Ribatejo e Cachoeiras,10 - 14 anos,H,211,189,22,6,0,0,0,0,1,2,0,1,1,0,0,0,0,0,0,0,8,0,3,2,1,0,2,6,0,0,0,6,0,2,0,1,0,1,0,0,111414,Vila Franca de Xira,Grande Lisboa
União das freguesias de Castanheira do Ribatejo e Cachoeiras,10 - 14 anos,M,191,173,18,2,0,0,0,0,1,0,0,0,0,0,0,0,0,0,0,0,5,0,5,0,0,0,0,9,0,1,0,7,1,2,0,0,0,1,0,0,111414,Vila Franca de Xira,Grande Lisboa
União das freguesias de Castanheira do Ribatejo e Cachoeiras,15 - 19 anos,H,231,207,24,8,0,0,0,0,1,1,0,0,1,0,0,2,0,0,0,1,5,0,0,0,3,0,1,10,0,1,0,8,1,1,0,1,0,0,0,0,111414,Vila Franca de Xira,Grande Lisboa
União das freguesias de Castanheira do Ribatejo e Cachoeiras,15 - 19 anos,M,233,210,23,4,0,0,0,0,1,0,0,0,0,0,0,1,0,0,0,0,11,0,3,0,5,0,3,8,0,1,0,6,1,0,0,0,0,0,0,0,111414,Vila Franca de Xira,Grande Lisboa
União das freguesias de Castanheira do Ribatejo e Cachoeiras,20 - 24 anos,H,242,210,32,5,0,0,0,1,0,1,0,0,0,0,0,2,0,0,1,0,9,0,2,0,3,1,2,15,0,0,0,15,0,3,0,0,2,0,0,0,111414,Vila Franca de Xira,Grande Lisboa
União das freguesias de Castanheira do Ribatejo e Cachoeiras,20 - 24 anos,M,235,196,39,11,1,0,0,0,1,0,0,0,0,0,0,1,0,0,1,5,15,0,6,2,3,0,4,13,0,0,0,13,0,0,0,0,0,0,0,0,111414,Vila Franca de Xira,Grande Lisboa
União das freguesias de Castanheira do Ribatejo e Cachoeiras,25 - 29 anos,H,224,178,46,12,0,0,0,1,0,4,0,0,1,0,0,1,0,0,2,1,11,1,2,2,0,0,4,16,1,0,0,14,1,7,0,0,6,0,1,0,111414,Vila Franca de Xira,Grande Lisboa
União das freguesias de Castanheira do Ribatejo e Cachoeiras,25 - 29 anos,M,201,161,40,10,2,0,0,0,0,1,0,0,0,0,0,0,0,0,2,4,16,0,4,4,4,0,4,14,0,0,0,13,1,0,0,0,0,0,0,0,111414,Vila Franca de Xira,Grande Lisboa
União das freguesias de Castanheira do Ribatejo e Cachoeiras,30 - 34 anos,H,221,176,45,6,0,0,1,0,0,1,0,0,0,0,0,2,0,0,0,2,13,1,2,2,5,0,2,22,0,0,0,22,0,4,1,0,1,0,1,0,111414,Vila Franca de Xira,Grande Lisboa
União das freguesias de Castanheira do Ribatejo e Cachoeiras,30 - 34 anos,M,228,166,62,8,0,0,0,0,0,0,0,0,1,0,0,2,0,0,1,1,23,1,11,1,4,2,4,28,1,0,0,27,0,3,0,1,1,0,1,0,111414,Vila Franca de Xira,Grande Lisboa
União das freguesias de Castanheira do Ribatejo e Cachoeiras,35 - 39 anos,H,248,198,50,9,1,0,0,0,1,2,0,0,0,0,0,0,0,0,0,2,12,0,5,2,2,0,1,24,0,0,0,24,0,5,0,0,1,2,2,0,111414,Vila Franca de Xira,Grande Lisboa
União das freguesias de Castanheira do Ribatejo e Cachoeiras,35 - 39 anos,M,237,183,54,12,1,0,0,0,0,4,0,0,0,0,1,3,0,0,1,2,8,0,2,0,5,0,0,30,0,0,0,28,2,4,0,2,0,1,0,0,111414,Vila Franca de Xira,Grande Lisboa
União das freguesias de Castanheira do Ribatejo e Cachoeiras,40 - 44 anos,H,311,259,52,14,1,0,1,0,0,4,0,0,0,0,0,2,0,1,0,1,11,0,3,0,4,3,0,25,0,1,1,22,1,2,0,1,1,0,0,0,111414,Vila Franca de Xira,Grande Lisboa
União das freguesias de Castanheira do Ribatejo e Cachoeiras,40 - 44 anos,M,345,279,66,18,2,0,0,1,0,2,0,0,0,1,0,2,0,0,1,6,18,0,11,0,2,2,3,30,1,0,0,28,1,0,0,0,0,0,0,0,111414,Vila Franca de Xira,Grande Lisboa
União das freguesias de Castanheira do Ribatejo e Cachoeiras,45 - 49 anos,H,300,232,68,23,3,0,0,0,1,8,0,1,0,0,0,1,0,2,0,1,23,0,14,2,2,3,1,19,0,0,0,19,0,3,0,1,0,0,1,0,111414,Vila Franca de Xira,Grande Lisboa
União das freguesias de Castanheira do Ribatejo e Cachoeiras,45 - 49 anos,M,323,256,67,17,1,0,0,0,1,6,0,0,0,1,0,1,0,1,0,4,27,0,18,1,1,6,0,22,0,0,0,21,0,1,0,0,0,0,0,0,111414,Vila Franca de Xira,Grande Lisboa
União das freguesias de Castanheira do Ribatejo e Cachoeiras,50 - 54 anos,H,266,226,40,8,0,0,0,0,1,1,0,0,0,0,0,1,1,1,0,1,18,0,11,1,1,3,2,11,0,0,0,11,0,2,0,0,0,0,1,1,111414,Vila Franca de Xira,Grande Lisboa
União das freguesias de Castanheira do Ribatejo e Cachoeiras,50 - 54 anos,M,332,280,52,10,0,0,0,1,0,3,0,1,0,0,0,3,0,0,0,2,25,1,11,1,2,7,3,15,1,1,0,13,0,2,0,0,0,0,0,0,111414,Vila Franca de Xira,Grande Lisboa
União das freguesias de Castanheira do Ribatejo e Cachoeiras,55 - 59 anos,H,274,245,29,8,0,0,0,1,1,0,0,0,0,0,0,3,0,0,0,1,15,0,7,1,1,4,1,4,0,0,0,4,0,2,0,1,0,0,0,0,111414,Vila Franca de Xira,Grande Lisboa
União das freguesias de Castanheira do Ribatejo e Cachoeiras,55 - 59 anos,M,297,257,40,6,1,0,0,0,1,1,0,0,0,0,0,2,0,0,0,1,17,1,8,1,0,6,1,13,0,0,0,13,0,4,0,2,0,0,1,0,111414,Vila Franca de Xira,Grande Lisboa
União das freguesias de Castanheira do Ribatejo e Cachoeiras,60 - 64 anos,H,254,226,28,7,0,0,0,0,0,1,0,1,0,0,0,0,0,0,0,3,16,0,9,3,2,2,0,5,0,0,0,4,1,0,0,0,0,0,0,0,111414,Vila Franca de Xira,Grande Lisboa
União das freguesias de Castanheira do Ribatejo e Cachoeiras,60 - 64 anos,M,278,257,21,3,0,0,0,0,0,1,0,0,0,0,0,0,0,1,0,0,13,0,5,1,1,3,3,5,0,0,0,5,0,0,0,0,0,0,0,0,111414,Vila Franca de Xira,Grande Lisboa
União das freguesias de Castanheira do Ribatejo e Cachoeiras,65 - 69 anos,H,184,178,6,0,0,0,0,0,0,0,0,0,0,0,0,0,0,0,0,0,6,0,3,2,0,1,0,0,0,0,0,0,0,0,0,0,0,0,0,0,111414,Vila Franca de Xira,Grande Lisboa
União das freguesias de Castanheira do Ribatejo e Cachoeiras,65 - 69 anos,M,247,236,11,1,0,0,0,0,0,0,0,1,0,0,0,0,0,0,0,0,8,0,2,3,0,3,0,2,1,0,0,1,0,0,0,0,0,0,0,0,111414,Vila Franca de Xira,Grande Lisboa
União das freguesias de Castanheira do Ribatejo e Cachoeiras,70 - 74 anos,H,180,174,6,0,0,0,0,0,0,0,0,0,0,0,0,0,0,0,0,0,4,0,2,0,1,1,0,2,0,0,0,2,0,0,0,0,0,0,0,0,111414,Vila Franca de Xira,Grande Lisboa
União das freguesias de Castanheira do Ribatejo e Cachoeiras,70 - 74 anos,M,218,208,10,0,0,0,0,0,0,0,0,0,0,0,0,0,0,0,0,0,8,0,5,1,0,1,0,1,0,0,0,1,0,1,0,0,0,1,0,0,111414,Vila Franca de Xira,Grande Lisboa
União das freguesias de Castanheira do Ribatejo e Cachoeiras,75 - 79 anos,H,135,128,7,0,0,0,0,0,0,0,0,0,0,0,0,0,0,0,0,0,4,0,0,0,0,3,0,0,0,0,0,0,0,3,0,0,2,0,0,0,111414,Vila Franca de Xira,Grande Lisboa
União das freguesias de Castanheira do Ribatejo e Cachoeiras,75 - 79 anos,M,169,159,10,1,0,0,0,0,0,1,0,0,0,0,0,0,0,0,0,0,4,0,1,1,0,2,0,1,0,0,0,1,0,4,0,0,3,0,0,0,111414,Vila Franca de Xira,Grande Lisboa
União das freguesias de Castanheira do Ribatejo e Cachoeiras,80 - 84 anos,H,92,85,7,0,0,0,0,0,0,0,0,0,0,0,0,0,0,0,0,0,5,0,0,0,0,5,0,0,0,0,0,0,0,2,0,0,2,0,0,0,111414,Vila Franca de Xira,Grande Lisboa
União das freguesias de Castanheira do Ribatejo e Cachoeiras,80 - 84 anos,M,141,136,5,1,0,0,0,0,1,0,0,0,0,0,0,0,0,0,0,0,4,0,1,0,0,3,0,0,0,0,0,0,0,0,0,0,0,0,0,0,111414,Vila Franca de Xira,Grande Lisboa
União das freguesias de Castanheira do Ribatejo e Cachoeiras,85 e mais anos,H,78,73,5,1,0,0,0,0,0,0,0,1,0,0,0,0,0,0,0,0,4,0,4,0,0,0,0,0,0,0,0,0,0,0,0,0,0,0,0,0,111414,Vila Franca de Xira,Grande Lisboa
União das freguesias de Castanheira do Ribatejo e Cachoeiras,85 e mais anos,M,131,126,5,0,0,0,0,0,0,0,0,0,0,0,0,0,0,0,0,0,5,0,3,0,0,2,0,0,0,0,0,0,0,0,0,0,0,0,0,0,111414,Vila Franca de Xira,Grande Lisboa
União das freguesias de Póvoa de Santa Iria e Forte da Casa,Total,H,19542,17074,2468,464,43,0,8,6,22,97,0,10,8,7,2,47,1,17,22,85,1270,19,493,242,119,251,79,610,4,13,2,538,36,123,28,15,30,18,12,1,111415,Vila Franca de Xira,Grande Lisboa
União das freguesias de Póvoa de Santa Iria e Forte da Casa,Total,M,21329,18266,3063,539,40,0,12,5,25,117,0,5,11,4,4,58,1,26,21,108,1589,25,661,288,134,324,82,837,11,9,4,748,45,97,5,26,32,11,2,1,111415,Vila Franca de Xira,Grande Lisboa
União das freguesias de Póvoa de Santa Iria e Forte da Casa,0 - 4 anos,H,983,952,31,9,0,0,0,0,1,3,0,0,0,0,0,0,0,0,1,0,10,0,6,1,1,1,0,9,0,0,0,8,1,2,0,1,0,1,0,1,111415,Vila Franca de Xira,Grande Lisboa
União das freguesias de Póvoa de Santa Iria e Forte da Casa,0 - 4 anos,M,935,907,28,8,0,0,1,0,1,1,0,0,0,0,0,0,0,0,0,0,3,0,1,1,0,0,0,16,0,0,1,14,1,0,0,0,0,0,0,1,111415,Vila Franca de Xira,Grande Lisboa
União das freguesias de Póvoa de Santa Iria e Forte da Casa,5 - 9 anos,H,995,919,76,13,0,0,0,0,0,2,0,0,2,0,0,0,0,0,3,1,23,0,12,2,3,0,2,38,0,0,0,32,3,2,0,0,0,1,0,0,111415,Vila Franca de Xira,Grande Lisboa
União das freguesias de Póvoa de Santa Iria e Forte da Casa,5 - 9 anos,M,970,883,87,19,1,0,0,0,1,1,0,0,0,1,0,0,0,0,3,3,28,0,15,3,4,0,1,34,0,1,0,33,0,6,0,1,1,1,1,0,111415,Vila Franca de Xira,Grande Lisboa
União das freguesias de Póvoa de Santa Iria e Forte da Casa,10 - 14 anos,H,1199,1118,81,17,0,0,0,0,2,1,0,0,0,0,0,2,0,0,3,2,39,0,17,13,6,0,2,21,0,0,0,19,2,4,0,0,2,0,0,0,111415,Vila Franca de Xira,Grande Lisboa
União das freguesias de Póvoa de Santa Iria e Forte da Casa,10 - 14 anos,M,1139,1063,76,13,0,0,1,0,2,1,0,0,1,0,0,1,0,0,2,0,32,0,21,1,3,0,2,28,0,0,0,24,4,3,0,1,1,1,0,0,111415,Vila Franca de Xira,Grande Lisboa
União das freguesias de Póvoa de Santa Iria e Forte da Casa,15 - 19 anos,H,1238,1125,113,19,1,0,0,0,3,2,0,0,0,0,0,0,0,0,2,6,40,0,13,8,9,3,2,53,0,0,0,48,3,1,0,1,0,0,0,0,111415,Vila Franca de Xira,Grande Lisboa
União das freguesias de Póvoa de Santa Iria e Forte da Casa,15 - 19 anos,M,1202,1130,72,14,0,0,0,0,1,3,0,0,0,0,0,1,0,1,1,2,38,2,17,8,5,0,3,20,0,1,0,18,1,0,0,0,0,0,0,0,111415,Vila Franca de Xira,Grande Lisboa
União das freguesias de Póvoa de Santa Iria e Forte da Casa,20 - 24 anos,H,1130,988,142,29,0,0,0,0,0,3,0,1,1,0,0,3,0,1,3,10,69,1,17,22,12,3,8,37,0,1,0,33,2,7,2,0,1,0,3,0,111415,Vila Franca de Xira,Grande Lisboa
União das freguesias de Póvoa de Santa Iria e Forte da Casa,20 - 24 anos,M,1146,983,163,38,3,0,3,1,3,2,0,1,0,0,0,5,0,1,2,7,75,1,29,20,12,2,7,46,1,0,0,43,1,4,1,1,0,1,0,0,111415,Vila Franca de Xira,Grande Lisboa
União das freguesias de Póvoa de Santa Iria e Forte da Casa,25 - 29 anos,H,1145,959,186,38,2,0,1,0,1,3,0,2,2,0,0,2,0,3,4,8,72,2,21,23,15,0,6,59,2,3,0,51,2,17,5,0,4,2,2,0,111415,Vila Franca de Xira,Grande Lisboa
União das freguesias de Póvoa de Santa Iria e Forte da Casa,25 - 29 anos,M,1135,933,202,48,2,0,1,0,2,4,0,1,3,0,0,2,0,1,5,12,70,1,21,20,13,2,6,72,2,0,0,67,2,12,3,3,4,1,0,0,111415,Vila Franca de Xira,Grande Lisboa
União das freguesias de Póvoa de Santa Iria e Forte da Casa,30 - 34 anos,H,1247,1016,231,49,3,0,1,3,4,6,0,1,1,2,1,1,0,4,4,7,74,4,19,18,17,1,5,79,1,1,0,67,7,29,12,3,6,6,1,0,111415,Vila Franca de Xira,Grande Lisboa
União das freguesias de Póvoa de Santa Iria e Forte da Casa,30 - 34 anos,M,1344,1068,276,58,2,0,2,2,1,10,0,1,1,0,2,10,0,3,3,11,93,3,32,34,13,2,4,110,4,2,0,93,8,15,1,4,2,4,0,0,111415,Vila Franca de Xira,Grande Lisboa
União das freguesias de Póvoa de Santa Iria e Forte da Casa,35 - 39 anos,H,1386,1182,204,31,4,0,0,0,0,6,0,1,0,0,0,8,0,1,0,4,60,3,16,20,6,4,5,96,0,3,0,86,4,17,5,1,1,6,3,0,111415,Vila Franca de Xira,Grande Lisboa
União das freguesias de Póvoa de Santa Iria e Forte da Casa,35 - 39 anos,M,1515,1221,294,58,4,0,2,1,2,14,0,1,0,0,1,11,0,0,2,10,99,1,29,24,13,8,12,126,1,2,0,108,9,11,0,5,1,3,1,0,111415,Vila Franca de Xira,Grande Lisboa
União das freguesias de Póvoa de Santa Iria e Forte da Casa,40 - 44 anos,H,1661,1423,238,56,3,0,0,1,5,13,0,1,1,0,1,10,0,3,0,8,78,3,24,12,9,16,8,89,0,0,1,81,5,15,3,5,4,1,0,0,111415,Vila Franca de Xira,Grande Lisboa
União das freguesias de Póvoa de Santa Iria e Forte da Casa,40 - 44 anos,M,1968,1633,335,81,8,0,0,0,1,24,0,0,2,1,0,12,0,6,2,17,126,8,39,23,19,20,9,120,0,0,0,116,3,8,0,2,3,0,0,0,111415,Vila Franca de Xira,Grande Lisboa
União das freguesias de Póvoa de Santa Iria e Forte da Casa,45 - 49 anos,H,1742,1403,339,99,22,0,0,0,1,39,0,2,1,1,0,8,0,1,0,16,198,3,110,15,6,50,10,38,1,1,0,32,3,4,1,1,1,0,0,0,111415,Vila Franca de Xira,Grande Lisboa
União das freguesias de Póvoa de Santa Iria e Forte da Casa,45 - 49 anos,M,1981,1544,437,87,13,0,1,0,4,22,0,0,4,0,1,8,0,5,0,20,247,3,122,26,12,68,11,100,3,2,0,85,7,3,0,1,0,0,0,0,111415,Vila Franca de Xira,Grande Lisboa
União das freguesias de Póvoa de Santa Iria e Forte da Casa,50 - 54 anos,H,1496,1238,258,51,5,0,3,1,3,16,0,0,0,3,0,3,0,2,0,9,173,3,90,15,6,46,9,30,0,0,0,28,2,4,0,1,2,1,0,0,111415,Vila Franca de Xira,Grande Lisboa
União das freguesias de Póvoa de Santa Iria e Forte da Casa,50 - 54 anos,M,1631,1311,320,56,5,0,1,0,1,24,0,0,0,2,0,5,0,5,1,8,199,5,99,23,6,53,7,59,0,0,2,54,1,6,0,1,4,0,0,0,111415,Vila Franca de Xira,Grande Lisboa
União das freguesias de Póvoa de Santa Iria e Forte da Casa,55 - 59 anos,H,1264,1073,191,19,2,0,0,0,1,0,0,1,0,0,0,4,0,0,0,10,138,0,55,17,17,32,13,27,0,2,1,23,1,7,0,2,2,0,2,0,111415,Vila Franca de Xira,Grande Lisboa
União das freguesias de Póvoa de Santa Iria e Forte da Casa,55 - 59 anos,M,1533,1292,241,27,0,0,0,0,0,7,0,0,0,0,0,2,1,1,0,11,165,0,71,29,9,43,9,44,0,0,0,38,5,5,0,4,1,0,0,0,111415,Vila Franca de Xira,Grande Lisboa
União das freguesias de Póvoa de Santa Iria e Forte da Casa,60 - 64 anos,H,1186,1047,139,18,1,0,0,0,0,2,0,1,0,0,0,6,0,0,0,3,103,0,40,18,3,36,3,16,0,0,0,15,1,2,0,0,2,0,0,0,111415,Vila Franca de Xira,Grande Lisboa
União das freguesias de Póvoa de Santa Iria e Forte da Casa,60 - 64 anos,M,1471,1286,185,10,1,0,0,1,0,0,0,0,0,0,0,1,0,2,0,1,141,0,52,26,12,45,3,26,0,1,1,22,2,8,0,2,2,0,0,0,111415,Vila Franca de Xira,Grande Lisboa
União das freguesias de Póvoa de Santa Iria e Forte da Casa,65 - 69 anos,H,1120,1017,103,3,0,0,1,1,0,0,0,0,0,0,0,0,0,0,0,0,85,0,20,31,4,24,4,9,0,2,0,7,0,6,0,0,3,0,1,0,111415,Vila Franca de Xira,Grande Lisboa
União das freguesias de Póvoa de Santa Iria e Forte da Casa,65 - 69 anos,M,1242,1088,154,6,0,0,0,0,1,2,0,0,0,0,0,0,0,0,0,1,121,0,50,18,6,41,5,26,0,0,0,23,1,1,0,1,0,0,0,0,111415,Vila Franca de Xira,Grande Lisboa
União das freguesias de Póvoa de Santa Iria e Forte da Casa,70 - 74 anos,H,845,776,69,7,0,0,2,0,0,1,0,0,0,1,0,0,0,2,0,1,52,0,17,10,3,19,1,6,0,0,0,5,0,4,0,0,1,0,0,0,111415,Vila Franca de Xira,Grande Lisboa
União das freguesias de Póvoa de Santa Iria e Forte da Casa,70 - 74 anos,M,895,801,94,10,0,0,0,0,4,1,0,0,0,0,0,0,0,1,0,3,71,1,32,12,2,19,1,5,0,0,0,5,0,8,0,0,6,0,0,0,111415,Vila Franca de Xira,Grande Lisboa
União das freguesias de Póvoa de Santa Iria e Forte da Casa,75 - 79 anos,H,489,448,41,1,0,0,0,0,0,0,0,0,0,0,0,0,0,0,1,0,37,0,12,10,2,10,0,1,0,0,0,1,0,2,0,0,1,0,0,0,111415,Vila Franca de Xira,Grande Lisboa
União das freguesias de Póvoa de Santa Iria e Forte da Casa,75 - 79 anos,M,556,518,38,2,0,0,0,0,0,0,0,0,0,0,0,0,0,0,0,2,32,0,11,8,2,10,1,2,0,0,0,2,0,2,0,0,2,0,0,0,111415,Vila Franca de Xira,Grande Lisboa
União das freguesias de Póvoa de Santa Iria e Forte da Casa,80 - 84 anos,H,244,227,17,4,0,0,0,0,0,0,0,0,0,0,0,0,1,0,1,0,12,0,2,5,0,3,1,1,0,0,0,1,0,0,0,0,0,0,0,0,111415,Vila Franca de Xira,Grande Lisboa
União das freguesias de Póvoa de Santa Iria e Forte da Casa,80 - 84 anos,M,344,308,36,1,1,0,0,0,0,0,0,0,0,0,0,0,0,0,0,0,31,0,13,8,2,6,0,1,0,0,0,1,0,3,0,0,3,0,0,0,111415,Vila Franca de Xira,Grande Lisboa
União das freguesias de Póvoa de Santa Iria e Forte da Casa,85 e mais anos,H,172,163,9,1,0,0,0,0,1,0,0,0,0,0,0,0,0,0,0,0,7,0,2,2,0,3,0,1,0,0,0,1,0,0,0,0,0,0,0,0,111415,Vila Franca de Xira,Grande Lisboa
União das freguesias de Póvoa de Santa Iria e Forte da Casa,85 e mais anos,M,322,297,25,3,0,0,0,0,1,1,0,1,0,0,0,0,0,0,0,0,18,0,7,4,1,5,1,2,0,0,0,2,0,2,0,0,2,0,0,0,111415,Vila Franca de Xira,Grande Lisboa
Vialonga,Total,H,10261,8992,1269,193,5,2,4,1,13,48,0,2,2,0,0,37,0,4,13,29,776,9,252,222,74,138,58,262,1,4,1,239,14,36,9,7,10,1,6,2,111408,Vila Franca de Xira,Grande Lisboa
Vialonga,Total,M,10997,9418,1579,241,20,1,2,1,13,43,1,4,2,3,1,51,1,4,7,39,948,14,309,267,81,165,94,353,7,5,1,314,17,36,2,12,13,1,4,1,111408,Vila Franca de Xira,Grande Lisboa
Vialonga,0 - 4 anos,H,617,597,20,8,0,2,0,0,1,4,0,0,0,0,0,0,0,0,1,0,3,0,1,0,0,0,2,7,0,0,0,7,0,0,0,0,0,0,0,2,111408,Vila Franca de Xira,Grande Lisboa
Vialonga,0 - 4 anos,M,563,554,9,2,0,0,0,0,0,0,0,0,0,0,0,0,0,0,1,0,1,0,0,0,0,0,1,4,0,0,0,3,1,2,1,0,0,0,1,0,111408,Vila Franca de Xira,Grande Lisboa
Vialonga,5 - 9 anos,H,711,679,32,6,0,0,0,0,0,0,0,0,0,0,0,0,0,0,2,1,14,0,4,6,0,0,4,11,0,1,0,10,0,1,0,0,0,0,1,0,111408,Vila Franca de Xira,Grande Lisboa
Vialonga,5 - 9 anos,M,579,558,21,5,0,0,0,0,1,2,0,0,0,0,0,0,0,0,0,0,4,0,2,1,0,0,1,12,0,0,0,10,1,0,0,0,0,0,0,0,111408,Vila Franca de Xira,Grande Lisboa
Vialonga,10 - 14 anos,H,724,668,56,9,0,0,0,0,0,1,0,0,0,0,0,1,0,0,3,1,26,2,6,14,1,0,3,21,0,0,0,19,1,0,0,0,0,0,0,0,111408,Vila Franca de Xira,Grande Lisboa
Vialonga,10 - 14 anos,M,692,657,35,6,0,0,0,0,1,0,0,0,0,0,0,1,0,0,0,0,20,0,5,6,2,0,6,9,0,0,0,9,0,0,0,0,0,0,0,0,111408,Vila Franca de Xira,Grande Lisboa
Vialonga,15 - 19 anos,H,648,594,54,2,0,0,0,0,1,0,0,0,0,0,0,0,0,0,1,0,32,0,8,14,3,0,4,18,0,0,0,17,1,2,0,1,0,0,0,0,111408,Vila Franca de Xira,Grande Lisboa
Vialonga,15 - 19 anos,M,661,586,75,10,0,0,0,0,0,0,1,0,0,0,0,5,0,0,2,1,32,0,1,14,4,2,10,32,0,0,0,30,1,1,0,0,0,0,0,0,111408,Vila Franca de Xira,Grande Lisboa
Vialonga,20 - 24 anos,H,589,532,57,5,0,0,1,0,1,0,0,0,0,0,0,0,0,1,0,2,33,0,5,19,3,1,3,16,0,0,0,14,2,3,0,1,1,0,0,0,111408,Vila Franca de Xira,Grande Lisboa
Vialonga,20 - 24 anos,M,571,474,97,11,0,0,0,0,1,1,0,0,0,0,0,3,0,0,1,3,66,0,14,29,9,0,10,19,0,0,0,17,2,1,0,1,0,0,0,0,111408,Vila Franca de Xira,Grande Lisboa
Vialonga,25 - 29 anos,H,549,434,115,19,0,0,0,0,3,3,0,0,0,0,0,2,0,1,3,6,55,2,9,23,11,2,5,39,0,1,0,37,1,2,2,0,0,0,0,0,111408,Vila Franca de Xira,Grande Lisboa
Vialonga,25 - 29 anos,M,569,478,91,22,1,0,1,0,0,3,0,1,1,0,0,2,1,0,0,6,46,1,10,18,6,1,10,21,1,0,0,19,1,2,1,0,0,0,0,0,111408,Vila Franca de Xira,Grande Lisboa
Vialonga,30 - 34 anos,H,582,485,97,20,0,0,2,0,0,1,0,0,1,0,0,8,0,0,0,3,47,0,19,17,5,0,5,23,0,0,0,22,1,7,5,0,0,1,1,0,111408,Vila Franca de Xira,Grande Lisboa
Vialonga,30 - 34 anos,M,682,547,135,31,1,0,0,1,2,5,0,0,0,0,0,10,0,0,1,3,60,1,17,24,8,1,8,40,0,0,0,36,2,4,0,2,1,1,0,0,111408,Vila Franca de Xira,Grande Lisboa
Vialonga,35 - 39 anos,H,810,700,110,16,1,0,0,0,0,3,0,1,1,0,0,6,0,0,2,2,51,1,13,17,12,2,3,38,0,0,0,33,4,5,1,2,1,0,1,0,111408,Vila Franca de Xira,Grande Lisboa
Vialonga,35 - 39 anos,M,909,763,146,27,1,1,0,0,1,3,0,1,0,1,0,8,0,2,1,3,53,3,8,23,5,4,8,62,2,2,0,56,0,4,0,1,1,0,2,0,111408,Vila Franca de Xira,Grande Lisboa
Vialonga,40 - 44 anos,H,1009,867,142,31,3,0,0,0,3,9,0,0,0,0,0,5,0,0,0,3,59,2,17,11,5,13,10,49,1,0,0,46,2,3,1,1,0,0,1,0,111408,Vila Franca de Xira,Grande Lisboa
Vialonga,40 - 44 anos,M,1096,926,170,36,6,0,0,0,1,7,0,1,1,0,1,4,0,2,0,8,81,4,21,24,9,15,7,51,4,1,0,43,3,2,0,1,0,0,0,0,111408,Vila Franca de Xira,Grande Lisboa
Vialonga,45 - 49 anos,H,926,748,178,33,1,0,0,0,0,14,0,0,0,0,0,8,0,1,1,4,129,0,59,16,7,42,2,15,0,0,0,14,1,1,0,0,0,0,1,0,111408,Vila Franca de Xira,Grande Lisboa
Vialonga,45 - 49 anos,M,980,776,204,41,7,0,0,0,2,13,0,0,0,0,0,8,0,0,0,8,127,2,60,19,7,33,6,33,0,1,0,30,2,3,0,2,0,0,0,0,111408,Vila Franca de Xira,Grande Lisboa
Vialonga,50 - 54 anos,H,628,513,115,21,0,0,0,0,0,6,0,0,0,0,0,6,0,0,0,4,79,2,37,14,4,13,6,13,0,0,0,11,1,2,0,0,1,0,1,0,111408,Vila Franca de Xira,Grande Lisboa
Vialonga,50 - 54 anos,M,670,526,144,24,3,0,0,0,0,6,0,0,0,1,0,6,0,0,0,3,91,2,39,14,7,19,7,28,0,0,0,27,1,0,0,0,0,0,0,1,111408,Vila Franca de Xira,Grande Lisboa
Vialonga,55 - 59 anos,H,474,397,77,5,0,0,1,0,0,1,0,0,0,0,0,1,0,0,0,1,66,0,21,14,10,18,2,5,0,0,0,5,0,1,0,0,0,0,0,0,111408,Vila Franca de Xira,Grande Lisboa
Vialonga,55 - 59 anos,M,609,474,135,7,0,0,0,0,0,1,0,0,0,1,0,0,0,0,0,1,107,1,42,29,5,19,10,18,0,1,0,15,1,3,0,1,2,0,0,0,111408,Vila Franca de Xira,Grande Lisboa
Vialonga,60 - 64 anos,H,555,473,82,4,0,0,0,0,0,1,0,1,0,0,0,0,0,0,0,0,69,0,18,24,7,13,7,4,0,0,0,4,0,5,0,2,3,0,0,0,111408,Vila Franca de Xira,Grande Lisboa
Vialonga,60 - 64 anos,M,623,500,123,9,0,0,0,0,1,1,0,0,0,0,0,3,0,0,1,2,101,0,38,22,10,23,7,11,0,0,1,8,1,2,0,1,1,0,0,0,111408,Vila Franca de Xira,Grande Lisboa
Vialonga,65 - 69 anos,H,476,410,66,6,0,0,0,0,1,3,0,0,0,0,0,0,0,0,0,2,58,0,14,25,2,15,1,0,0,0,0,0,0,2,0,0,2,0,0,0,111408,Vila Franca de Xira,Grande Lisboa
Vialonga,65 - 69 anos,M,637,545,92,2,0,0,0,0,0,0,0,0,0,0,0,1,0,0,0,1,79,0,26,28,6,15,2,8,0,0,0,6,1,3,0,1,1,0,1,0,111408,Vila Franca de Xira,Grande Lisboa
Vialonga,70 - 74 anos,H,417,380,37,2,0,0,0,1,0,1,0,0,0,0,0,0,0,0,0,0,32,0,9,6,3,14,0,1,0,1,0,0,0,2,0,0,2,0,0,0,111408,Vila Franca de Xira,Grande Lisboa
Vialonga,70 - 74 anos,M,457,410,47,3,1,0,0,0,1,1,0,0,0,0,0,0,0,0,0,0,37,0,9,11,1,15,0,3,0,0,0,3,0,4,0,2,2,0,0,0,111408,Vila Franca de Xira,Grande Lisboa
Vialonga,75 - 79 anos,H,262,249,13,1,0,0,0,0,1,0,0,0,0,0,0,0,0,0,0,0,11,0,5,0,1,3,1,1,0,1,0,0,0,0,0,0,0,0,0,0,111408,Vila Franca de Xira,Grande Lisboa
Vialonga,75 - 79 anos,M,320,299,21,5,0,0,1,0,2,0,0,1,0,0,0,0,0,0,0,0,14,0,2,2,0,10,0,0,0,0,0,0,0,2,0,0,2,0,0,0,111408,Vila Franca de Xira,Grande Lisboa
Vialonga,80 - 84 anos,H,179,171,8,1,0,0,0,0,1,0,0,0,0,0,0,0,0,0,0,0,7,0,3,2,0,2,0,0,0,0,0,0,0,0,0,0,0,0,0,0,111408,Vila Franca de Xira,Grande Lisboa
Vialonga,80 - 84 anos,M,210,195,15,0,0,0,0,0,0,0,0,0,0,0,0,0,0,0,0,0,13,0,8,2,0,2,1,2,0,0,0,2,0,0,0,0,0,0,0,0,111408,Vila Franca de Xira,Grande Lisboa
Vialonga,85 e mais anos,H,105,95,10,4,0,0,0,0,1,1,0,0,0,0,0,0,0,1,0,0,5,0,4,0,0,0,0,1,0,0,1,0,0,0,0,0,0,0,0,0,111408,Vila Franca de Xira,Grande Lisboa
Vialonga,85 e mais anos,M,169,150,19,0,0,0,0,0,0,0,0,0,0,0,0,0,0,0,0,0,16,0,7,1,2,6,0,0,0,0,0,0,0,3,0,0,3,0,0,0,111408,Vila Franca de Xira,Grande Lisboa
Vila Franca de Xira,Total,H,8563,7382,1181,198,28,1,1,7,11,36,0,7,2,6,0,15,1,3,1,37,395,8,190,66,33,71,16,458,1,6,1,428,18,129,15,26,72,2,3,1,111409,Vila Franca de Xira,Grande Lisboa
Vila Franca de Xira,Total,M,9773,8472,1301,203,14,1,2,4,9,48,1,6,3,3,1,14,2,3,13,39,465,3,235,74,30,86,25,554,3,5,0,518,24,79,9,27,24,2,3,0,111409,Vila Franca de Xira,Grande Lisboa
Vila Franca de Xira,0 - 4 anos,H,394,371,23,7,0,0,0,0,0,0,0,1,0,2,0,0,0,0,0,1,3,0,3,0,0,0,0,11,0,0,0,11,0,2,1,0,0,0,0,0,111409,Vila Franca de Xira,Grande Lisboa
Vila Franca de Xira,0 - 4 anos,M,423,408,15,3,1,0,0,0,0,2,0,0,0,0,0,0,0,0,0,0,2,0,2,0,0,0,0,9,0,1,0,8,0,1,0,0,0,0,0,0,111409,Vila Franca de Xira,Grande Lisboa
Vila Franca de Xira,5 - 9 anos,H,429,382,47,8,0,0,0,0,1,1,0,0,0,0,0,0,0,0,0,0,11,1,8,1,1,0,0,25,0,1,0,22,1,3,1,0,1,0,0,0,111409,Vila Franca de Xira,Grande Lisboa
Vila Franca de Xira,5 - 9 anos,M,388,333,55,12,0,0,0,0,1,4,1,1,0,0,0,0,0,0,0,0,11,0,8,0,3,0,0,27,0,0,0,27,0,5,1,2,2,0,0,0,111409,Vila Franca de Xira,Grande Lisboa
Vila Franca de Xira,10 - 14 anos,H,500,443,57,13,1,0,0,0,1,4,0,0,0,0,0,0,0,0,0,0,15,0,11,3,1,0,0,24,0,0,0,24,0,5,1,0,1,1,1,0,111409,Vila Franca de Xira,Grande Lisboa
Vila Franca de Xira,10 - 14 anos,M,445,404,41,3,0,0,0,0,0,1,0,1,0,0,0,0,0,0,1,0,11,0,7,0,2,0,0,26,0,0,0,24,1,1,0,0,0,0,0,0,111409,Vila Franca de Xira,Grande Lisboa
Vila Franca de Xira,15 - 19 anos,H,503,444,59,11,2,0,0,1,0,4,0,1,0,1,0,0,0,0,0,1,18,0,7,3,1,2,3,25,0,0,0,22,3,5,2,1,2,0,0,0,111409,Vila Franca de Xira,Grande Lisboa
Vila Franca de Xira,15 - 19 anos,M,477,429,48,7,0,0,0,0,0,1,0,0,0,0,0,1,0,0,0,3,10,0,2,3,1,1,3,27,0,1,0,24,2,4,0,1,1,0,0,0,111409,Vila Franca de Xira,Grande Lisboa
Vila Franca de Xira,20 - 24 anos,H,485,401,84,7,0,0,1,1,0,0,0,0,0,0,0,2,0,0,0,2,21,1,14,2,1,0,3,45,0,0,0,43,2,11,0,0,10,0,0,0,111409,Vila Franca de Xira,Grande Lisboa
Vila Franca de Xira,20 - 24 anos,M,497,426,71,7,1,0,0,0,0,0,0,0,0,0,0,1,0,0,3,2,21,0,8,6,4,1,2,40,0,0,0,40,0,3,1,0,0,1,0,0,111409,Vila Franca de Xira,Grande Lisboa
Vila Franca de Xira,25 - 29 anos,H,488,384,104,10,1,0,0,0,0,2,0,1,0,1,0,0,1,0,0,2,12,0,6,3,1,1,0,49,0,0,1,47,1,33,2,4,25,0,1,0,111409,Vila Franca de Xira,Grande Lisboa
Vila Franca de Xira,25 - 29 anos,M,515,414,101,15,0,0,0,0,0,2,0,0,1,0,0,1,0,0,5,2,18,1,4,8,3,1,1,50,0,0,0,47,3,18,3,7,7,0,0,0,111409,Vila Franca de Xira,Grande Lisboa
Vila Franca de Xira,30 - 34 anos,H,536,417,119,12,1,0,0,0,3,0,0,1,0,2,0,1,0,1,1,1,15,2,5,2,2,2,0,69,0,1,0,65,2,23,1,7,14,0,1,0,111409,Vila Franca de Xira,Grande Lisboa
Vila Franca de Xira,30 - 34 anos,M,552,407,145,25,1,1,0,0,1,6,0,1,0,1,0,2,0,0,3,2,30,0,14,4,7,2,1,76,2,1,0,67,5,14,3,3,5,0,1,0,111409,Vila Franca de Xira,Grande Lisboa
Vila Franca de Xira,35 - 39 anos,H,565,442,123,23,4,0,0,0,1,5,0,2,0,0,0,2,0,0,0,2,32,0,11,7,8,2,2,53,0,0,0,50,3,15,2,1,11,1,0,0,111409,Vila Franca de Xira,Grande Lisboa
Vila Franca de Xira,35 - 39 anos,M,601,462,139,21,1,0,0,1,0,3,0,2,0,0,0,2,0,2,0,4,36,0,20,6,2,3,4,72,0,0,0,65,6,10,1,2,4,1,0,0,111409,Vila Franca de Xira,Grande Lisboa
Vila Franca de Xira,40 - 44 anos,H,672,544,128,32,7,0,0,1,0,3,0,0,2,0,0,3,0,1,0,7,28,2,9,6,7,1,2,58,0,1,0,53,4,10,4,1,4,0,0,0,111409,Vila Franca de Xira,Grande Lisboa
Vila Franca de Xira,40 - 44 anos,M,689,561,128,29,0,0,0,0,0,9,0,0,0,0,1,2,2,0,1,11,26,0,16,1,2,4,3,69,0,0,0,68,1,4,0,1,1,0,0,0,111409,Vila Franca de Xira,Grande Lisboa
Vila Franca de Xira,45 - 49 anos,H,670,514,156,33,6,0,0,2,3,10,0,0,0,0,0,3,0,0,0,8,65,1,36,7,2,16,1,50,1,0,0,47,1,7,1,3,1,0,0,1,111409,Vila Franca de Xira,Grande Lisboa
Vila Franca de Xira,45 - 49 anos,M,719,570,149,37,6,0,0,2,3,12,0,1,2,0,0,2,0,1,0,3,62,0,32,7,1,18,2,45,0,0,0,43,1,5,0,4,1,0,0,0,111409,Vila Franca de Xira,Grande Lisboa
Vila Franca de Xira,50 - 54 anos,H,507,414,93,21,2,1,0,1,0,5,0,0,0,0,0,1,0,0,0,8,48,1,28,2,4,12,1,19,0,1,0,18,0,5,0,3,1,0,0,0,111409,Vila Franca de Xira,Grande Lisboa
Vila Franca de Xira,50 - 54 anos,M,671,549,122,21,3,0,0,0,2,6,0,0,0,0,0,3,0,0,0,4,51,1,25,7,0,13,3,43,1,1,0,41,0,7,0,6,0,0,0,0,111409,Vila Franca de Xira,Grande Lisboa
Vila Franca de Xira,55 - 59 anos,H,545,477,68,11,1,0,0,0,1,1,0,1,0,0,0,3,0,1,0,3,35,0,14,9,1,9,2,15,0,0,0,14,0,7,0,5,0,0,0,0,111409,Vila Franca de Xira,Grande Lisboa
Vila Franca de Xira,55 - 59 anos,M,689,587,102,6,0,0,0,0,1,1,0,0,0,1,0,0,0,0,0,1,59,1,35,9,0,9,5,34,0,1,0,31,2,3,0,1,1,0,0,0,111409,Vila Franca de Xira,Grande Lisboa
Vila Franca de Xira,60 - 64 anos,H,512,469,43,4,0,0,0,0,0,1,0,0,0,0,0,0,0,0,0,1,28,0,12,4,2,9,1,9,0,1,0,7,1,2,0,1,1,0,0,0,111409,Vila Franca de Xira,Grande Lisboa
Vila Franca de Xira,60 - 64 anos,M,627,551,76,7,0,0,0,1,0,0,0,0,0,1,0,0,0,0,0,3,47,0,25,4,2,15,0,20,0,0,0,19,1,2,0,0,1,0,1,0,111409,Vila Franca de Xira,Grande Lisboa
Vila Franca de Xira,65 - 69 anos,H,479,441,38,2,1,0,0,0,0,0,0,0,0,0,0,0,0,0,0,1,32,0,15,11,0,5,0,4,0,1,0,3,0,0,0,0,0,0,0,0,111409,Vila Franca de Xira,Grande Lisboa
Vila Franca de Xira,65 - 69 anos,M,621,563,58,4,1,0,0,0,0,0,0,0,0,0,0,0,0,0,0,3,41,0,19,9,2,10,0,13,0,0,0,11,2,0,0,0,0,0,0,0,111409,Vila Franca de Xira,Grande Lisboa
Vila Franca de Xira,70 - 74 anos,H,447,430,17,1,0,0,0,1,0,0,0,0,0,0,0,0,0,0,0,0,15,0,5,3,1,6,0,1,0,0,0,1,0,0,0,0,0,0,0,0,111409,Vila Franca de Xira,Grande Lisboa
Vila Franca de Xira,70 - 74 anos,M,529,510,19,3,0,0,1,0,1,0,0,0,0,0,0,0,0,0,0,1,13,0,7,3,0,2,0,1,0,0,0,1,0,2,0,0,1,0,1,0,111409,Vila Franca de Xira,Grande Lisboa
Vila Franca de Xira,75 - 79 anos,H,359,353,6,1,1,0,0,0,0,0,0,0,0,0,0,0,0,0,0,0,5,0,4,0,1,0,0,0,0,0,0,0,0,0,0,0,0,0,0,0,111409,Vila Franca de Xira,Grande Lisboa
Vila Franca de Xira,75 - 79 anos,M,522,509,13,2,0,0,1,0,0,1,0,0,0,0,0,0,0,0,0,0,9,0,3,1,1,3,1,2,0,0,0,2,0,0,0,0,0,0,0,0,111409,Vila Franca de Xira,Grande Lisboa
Vila Franca de Xira,80 - 84 anos,H,269,261,8,1,1,0,0,0,0,0,0,0,0,0,0,0,0,0,0,0,6,0,0,1,0,4,1,1,0,0,0,1,0,0,0,0,0,0,0,0,111409,Vila Franca de Xira,Grande Lisboa
Vila Franca de Xira,80 - 84 anos,M,427,418,9,0,0,0,0,0,0,0,0,0,0,0,0,0,0,0,0,0,9,0,6,1,0,2,0,0,0,0,0,0,0,0,0,0,0,0,0,0,111409,Vila Franca de Xira,Grande Lisboa
Vila Franca de Xira,85 e mais anos,H,203,195,8,1,0,0,0,0,1,0,0,0,0,0,0,0,0,0,0,0,6,0,2,2,0,2,0,0,0,0,0,0,0,1,0,0,1,0,0,0,111409,Vila Franca de Xira,Grande Lisboa
Vila Franca de Xira,85 e mais anos,M,381,371,10,1,0,0,0,0,0,0,0,0,0,0,0,0,0,0,0,0,9,0,2,5,0,2,0,0,0,0,0,0,0,0,0,0,0,0,0,0,111409,Vila Franca de Xira,Grande Lisboa
