Place of Residence,Age Group,Gender,Tipo de dificuldade,Não tem nenhuma dificuldade,Tem alguma dificuldade,Tem muita dificuldade,Não consegue efetuar a ação,freguesia_code,municipio,region
Amadora,Total,H,Ver,48279,14479,1621,192,1115,Amadora,Grande Lisboa
Amadora,Total,H,Ouvir,55484,7169,1523,197,1115,Amadora,Grande Lisboa
Amadora,Total,H,Andar ou subir degraus,54132,7681,2307,462,1115,Amadora,Grande Lisboa
Amadora,Total,H,Memória ou concentração,52495,10394,1234,380,1115,Amadora,Grande Lisboa
Amadora,Total,H,Compreender os outros ou fazer-se compreender,61003,2810,576,211,1115,Amadora,Grande Lisboa
Amadora,Total,M,Ver,50230,23388,3493,204,1115,Amadora,Grande Lisboa
Amadora,Total,M,Ouvir,65609,9065,2155,209,1115,Amadora,Grande Lisboa
Amadora,Total,M,Andar ou subir degraus,56910,14251,5501,706,1115,Amadora,Grande Lisboa
Amadora,Total,M,Memória ou concentração,57258,16883,2478,629,1115,Amadora,Grande Lisboa
Amadora,Total,M,Compreender os outros ou fazer-se compreender,72482,3861,720,286,1115,Amadora,Grande Lisboa
Amadora,15 - 19 anos,H,Ver,3671,413,41,4,1115,Amadora,Grande Lisboa
Amadora,15 - 19 anos,H,Ouvir,4055,55,7,4,1115,Amadora,Grande Lisboa
Amadora,15 - 19 anos,H,Andar ou subir degraus,4066,35,5,8,1115,Amadora,Grande Lisboa
Amadora,15 - 19 anos,H,Memória ou concentração,3792,268,38,13,1115,Amadora,Grande Lisboa
Amadora,15 - 19 anos,H,Compreender os outros ou fazer-se compreender,3981,112,13,10,1115,Amadora,Grande Lisboa
Amadora,15 - 19 anos,M,Ver,3269,648,63,1,1115,Amadora,Grande Lisboa
Amadora,15 - 19 anos,M,Ouvir,3909,54,5,1,1115,Amadora,Grande Lisboa
Amadora,15 - 19 anos,M,Andar ou subir degraus,3915,46,6,7,1115,Amadora,Grande Lisboa
Amadora,15 - 19 anos,M,Memória ou concentração,3589,334,43,11,1115,Amadora,Grande Lisboa
Amadora,15 - 19 anos,M,Compreender os outros ou fazer-se compreender,3877,82,12,5,1115,Amadora,Grande Lisboa
Amadora,20 - 24 anos,H,Ver,4087,448,43,6,1115,Amadora,Grande Lisboa
Amadora,20 - 24 anos,H,Ouvir,4487,63,12,5,1115,Amadora,Grande Lisboa
Amadora,20 - 24 anos,H,Andar ou subir degraus,4491,55,17,9,1115,Amadora,Grande Lisboa
Amadora,20 - 24 anos,H,Memória ou concentração,4242,278,29,13,1115,Amadora,Grande Lisboa
Amadora,20 - 24 anos,H,Compreender os outros ou fazer-se compreender,4417,113,17,13,1115,Amadora,Grande Lisboa
Amadora,20 - 24 anos,M,Ver,3858,760,61,4,1115,Amadora,Grande Lisboa
Amadora,20 - 24 anos,M,Ouvir,4554,94,17,5,1115,Amadora,Grande Lisboa
Amadora,20 - 24 anos,M,Andar ou subir degraus,4551,113,14,8,1115,Amadora,Grande Lisboa
Amadora,20 - 24 anos,M,Memória ou concentração,4197,440,32,14,1115,Amadora,Grande Lisboa
Amadora,20 - 24 anos,M,Compreender os outros ou fazer-se compreender,4557,100,13,10,1115,Amadora,Grande Lisboa
Amadora,25 - 29 anos,H,Ver,4600,508,41,9,1115,Amadora,Grande Lisboa
Amadora,25 - 29 anos,H,Ouvir,5020,97,10,15,1115,Amadora,Grande Lisboa
Amadora,25 - 29 anos,H,Andar ou subir degraus,5034,86,22,17,1115,Amadora,Grande Lisboa
Amadora,25 - 29 anos,H,Memória ou concentração,4723,376,42,13,1115,Amadora,Grande Lisboa
Amadora,25 - 29 anos,H,Compreender os outros ou fazer-se compreender,4967,144,27,14,1115,Amadora,Grande Lisboa
Amadora,25 - 29 anos,M,Ver,4542,881,56,9,1115,Amadora,Grande Lisboa
Amadora,25 - 29 anos,M,Ouvir,5311,135,13,6,1115,Amadora,Grande Lisboa
Amadora,25 - 29 anos,M,Andar ou subir degraus,5310,144,21,11,1115,Amadora,Grande Lisboa
Amadora,25 - 29 anos,M,Memória ou concentração,4861,576,36,13,1115,Amadora,Grande Lisboa
Amadora,25 - 29 anos,M,Compreender os outros ou fazer-se compreender,5351,108,22,9,1115,Amadora,Grande Lisboa
Amadora,30 - 34 anos,H,Ver,4818,560,29,8,1115,Amadora,Grande Lisboa
Amadora,30 - 34 anos,H,Ouvir,5229,150,12,10,1115,Amadora,Grande Lisboa
Amadora,30 - 34 anos,H,Andar ou subir degraus,5273,113,14,8,1115,Amadora,Grande Lisboa
Amadora,30 - 34 anos,H,Memória ou concentração,4923,439,27,11,1115,Amadora,Grande Lisboa
Amadora,30 - 34 anos,H,Compreender os outros ou fazer-se compreender,5238,144,28,5,1115,Amadora,Grande Lisboa
Amadora,30 - 34 anos,M,Ver,4601,938,69,7,1115,Amadora,Grande Lisboa
Amadora,30 - 34 anos,M,Ouvir,5407,173,8,8,1115,Amadora,Grande Lisboa
Amadora,30 - 34 anos,M,Andar ou subir degraus,5376,216,23,6,1115,Amadora,Grande Lisboa
Amadora,30 - 34 anos,M,Memória ou concentração,4827,748,40,10,1115,Amadora,Grande Lisboa
Amadora,30 - 34 anos,M,Compreender os outros ou fazer-se compreender,5471,130,13,6,1115,Amadora,Grande Lisboa
Amadora,35 - 39 anos,H,Ver,4770,571,35,7,1115,Amadora,Grande Lisboa
Amadora,35 - 39 anos,H,Ouvir,5190,148,13,15,1115,Amadora,Grande Lisboa
Amadora,35 - 39 anos,H,Andar ou subir degraus,5183,162,30,13,1115,Amadora,Grande Lisboa
Amadora,35 - 39 anos,H,Memória ou concentração,4832,498,41,13,1115,Amadora,Grande Lisboa
Amadora,35 - 39 anos,H,Compreender os outros ou fazer-se compreender,5205,154,27,9,1115,Amadora,Grande Lisboa
Amadora,35 - 39 anos,M,Ver,4872,1018,69,7,1115,Amadora,Grande Lisboa
Amadora,35 - 39 anos,M,Ouvir,5724,205,14,12,1115,Amadora,Grande Lisboa
Amadora,35 - 39 anos,M,Andar ou subir degraus,5633,292,44,10,1115,Amadora,Grande Lisboa
Amadora,35 - 39 anos,M,Memória ou concentração,5062,842,58,11,1115,Amadora,Grande Lisboa
Amadora,35 - 39 anos,M,Compreender os outros ou fazer-se compreender,5785,161,21,9,1115,Amadora,Grande Lisboa
Amadora,40 - 44 anos,H,Ver,4777,792,49,18,1115,Amadora,Grande Lisboa
Amadora,40 - 44 anos,H,Ouvir,5340,253,20,18,1115,Amadora,Grande Lisboa
Amadora,40 - 44 anos,H,Andar ou subir degraus,5301,262,49,20,1115,Amadora,Grande Lisboa
Amadora,40 - 44 anos,H,Memória ou concentração,4994,573,44,15,1115,Amadora,Grande Lisboa
Amadora,40 - 44 anos,H,Compreender os outros ou fazer-se compreender,5439,158,25,10,1115,Amadora,Grande Lisboa
Amadora,40 - 44 anos,M,Ver,4891,1401,109,11,1115,Amadora,Grande Lisboa
Amadora,40 - 44 anos,M,Ouvir,6097,269,22,11,1115,Amadora,Grande Lisboa
Amadora,40 - 44 anos,M,Andar ou subir degraus,5818,501,81,14,1115,Amadora,Grande Lisboa
Amadora,40 - 44 anos,M,Memória ou concentração,5374,949,63,22,1115,Amadora,Grande Lisboa
Amadora,40 - 44 anos,M,Compreender os outros ou fazer-se compreender,6193,188,31,9,1115,Amadora,Grande Lisboa
Amadora,45 - 49 anos,H,Ver,4191,1273,85,13,1115,Amadora,Grande Lisboa
Amadora,45 - 49 anos,H,Ouvir,5145,346,36,20,1115,Amadora,Grande Lisboa
Amadora,45 - 49 anos,H,Andar ou subir degraus,5115,361,60,21,1115,Amadora,Grande Lisboa
Amadora,45 - 49 anos,H,Memória ou concentração,4864,630,43,23,1115,Amadora,Grande Lisboa
Amadora,45 - 49 anos,H,Compreender os outros ou fazer-se compreender,5367,159,25,14,1115,Amadora,Grande Lisboa
Amadora,45 - 49 anos,M,Ver,4128,2022,164,21,1115,Amadora,Grande Lisboa
Amadora,45 - 49 anos,M,Ouvir,5850,398,47,18,1115,Amadora,Grande Lisboa
Amadora,45 - 49 anos,M,Andar ou subir degraus,5502,711,113,18,1115,Amadora,Grande Lisboa
Amadora,45 - 49 anos,M,Memória ou concentração,5131,1095,84,24,1115,Amadora,Grande Lisboa
Amadora,45 - 49 anos,M,Compreender os outros ou fazer-se compreender,6105,202,34,7,1115,Amadora,Grande Lisboa
Amadora,50 - 54 anos,H,Ver,3150,1573,122,14,1115,Amadora,Grande Lisboa
Amadora,50 - 54 anos,H,Ouvir,4374,412,44,13,1115,Amadora,Grande Lisboa
Amadora,50 - 54 anos,H,Andar ou subir degraus,4258,492,86,20,1115,Amadora,Grande Lisboa
Amadora,50 - 54 anos,H,Memória ou concentração,4110,681,60,16,1115,Amadora,Grande Lisboa
Amadora,50 - 54 anos,H,Compreender os outros ou fazer-se compreender,4645,173,39,10,1115,Amadora,Grande Lisboa
Amadora,50 - 54 anos,M,Ver,3395,2070,232,9,1115,Amadora,Grande Lisboa
Amadora,50 - 54 anos,M,Ouvir,5187,425,59,16,1115,Amadora,Grande Lisboa
Amadora,50 - 54 anos,M,Andar ou subir degraus,4578,946,173,16,1115,Amadora,Grande Lisboa
Amadora,50 - 54 anos,M,Memória ou concentração,4524,1066,90,25,1115,Amadora,Grande Lisboa
Amadora,50 - 54 anos,M,Compreender os outros ou fazer-se compreender,5474,204,28,8,1115,Amadora,Grande Lisboa
Amadora,55 - 59 anos,H,Ver,2920,1371,129,7,1115,Amadora,Grande Lisboa
Amadora,55 - 59 anos,H,Ouvir,3839,484,67,16,1115,Amadora,Grande Lisboa
Amadora,55 - 59 anos,H,Andar ou subir degraus,3661,628,122,14,1115,Amadora,Grande Lisboa
Amadora,55 - 59 anos,H,Memória ou concentração,3643,707,54,14,1115,Amadora,Grande Lisboa
Amadora,55 - 59 anos,H,Compreender os outros ou fazer-se compreender,4217,166,32,10,1115,Amadora,Grande Lisboa
Amadora,55 - 59 anos,M,Ver,3392,2080,237,10,1115,Amadora,Grande Lisboa
Amadora,55 - 59 anos,M,Ouvir,5030,562,76,13,1115,Amadora,Grande Lisboa
Amadora,55 - 59 anos,M,Andar ou subir degraus,4176,1251,273,13,1115,Amadora,Grande Lisboa
Amadora,55 - 59 anos,M,Memória ou concentração,4315,1255,114,19,1115,Amadora,Grande Lisboa
Amadora,55 - 59 anos,M,Compreender os outros ou fazer-se compreender,5451,228,27,11,1115,Amadora,Grande Lisboa
Amadora,60 - 64 anos,H,Ver,2830,1357,144,15,1115,Amadora,Grande Lisboa
Amadora,60 - 64 anos,H,Ouvir,3555,661,102,16,1115,Amadora,Grande Lisboa
Amadora,60 - 64 anos,H,Andar ou subir degraus,3316,801,213,31,1115,Amadora,Grande Lisboa
Amadora,60 - 64 anos,H,Memória ou concentração,3368,884,84,18,1115,Amadora,Grande Lisboa
Amadora,60 - 64 anos,H,Compreender os outros ou fazer-se compreender,4129,191,35,10,1115,Amadora,Grande Lisboa
Amadora,60 - 64 anos,M,Ver,3273,2082,276,9,1115,Amadora,Grande Lisboa
Amadora,60 - 64 anos,M,Ouvir,4686,816,90,18,1115,Amadora,Grande Lisboa
Amadora,60 - 64 anos,M,Andar ou subir degraus,3700,1506,424,24,1115,Amadora,Grande Lisboa
Amadora,60 - 64 anos,M,Memória ou concentração,4027,1439,156,18,1115,Amadora,Grande Lisboa
Amadora,60 - 64 anos,M,Compreender os outros ou fazer-se compreender,5338,251,36,15,1115,Amadora,Grande Lisboa
Amadora,65 - 69 anos,H,Ver,2571,1336,144,21,1115,Amadora,Grande Lisboa
Amadora,65 - 69 anos,H,Ouvir,3079,838,122,13,1115,Amadora,Grande Lisboa
Amadora,65 - 69 anos,H,Andar ou subir degraus,2866,926,244,40,1115,Amadora,Grande Lisboa
Amadora,65 - 69 anos,H,Memória ou concentração,2943,1009,92,25,1115,Amadora,Grande Lisboa
Amadora,65 - 69 anos,H,Compreender os outros ou fazer-se compreender,3795,222,49,13,1115,Amadora,Grande Lisboa
Amadora,65 - 69 anos,M,Ver,3060,1991,269,20,1115,Amadora,Grande Lisboa
Amadora,65 - 69 anos,M,Ouvir,4279,892,131,16,1115,Amadora,Grande Lisboa
Amadora,65 - 69 anos,M,Andar ou subir degraus,3157,1708,465,24,1115,Amadora,Grande Lisboa
Amadora,65 - 69 anos,M,Memória ou concentração,3644,1504,170,21,1115,Amadora,Grande Lisboa
Amadora,65 - 69 anos,M,Compreender os outros ou fazer-se compreender,5055,237,36,16,1115,Amadora,Grande Lisboa
Amadora,70 - 74 anos,H,Ver,2431,1340,168,19,1115,Amadora,Grande Lisboa
Amadora,70 - 74 anos,H,Ouvir,2681,1052,189,15,1115,Amadora,Grande Lisboa
Amadora,70 - 74 anos,H,Andar ou subir degraus,2559,1087,272,48,1115,Amadora,Grande Lisboa
Amadora,70 - 74 anos,H,Memória ou concentração,2653,1163,107,33,1115,Amadora,Grande Lisboa
Amadora,70 - 74 anos,H,Compreender os outros ou fazer-se compreender,3680,237,38,11,1115,Amadora,Grande Lisboa
Amadora,70 - 74 anos,M,Ver,2866,2177,374,8,1115,Amadora,Grande Lisboa
Amadora,70 - 74 anos,M,Ouvir,3974,1189,220,11,1115,Amadora,Grande Lisboa
Amadora,70 - 74 anos,M,Andar ou subir degraus,2681,2033,672,50,1115,Amadora,Grande Lisboa
Amadora,70 - 74 anos,M,Memória ou concentração,3281,1843,238,43,1115,Amadora,Grande Lisboa
Amadora,70 - 74 anos,M,Compreender os outros ou fazer-se compreender,5033,321,55,17,1115,Amadora,Grande Lisboa
Amadora,75 ou mais anos,H,Ver,3463,2937,591,51,1115,Amadora,Grande Lisboa
Amadora,75 ou mais anos,H,Ouvir,3490,2610,889,37,1115,Amadora,Grande Lisboa
Amadora,75 ou mais anos,H,Andar ou subir degraus,3009,2673,1173,213,1115,Amadora,Grande Lisboa
Amadora,75 ou mais anos,H,Memória ou concentração,3408,2888,573,173,1115,Amadora,Grande Lisboa
Amadora,75 ou mais anos,H,Compreender os outros ou fazer-se compreender,5923,837,221,82,1115,Amadora,Grande Lisboa
Amadora,75 ou mais anos,M,Ver,4083,5320,1514,88,1115,Amadora,Grande Lisboa
Amadora,75 ou mais anos,M,Ouvir,5601,3853,1453,74,1115,Amadora,Grande Lisboa
Amadora,75 ou mais anos,M,Andar ou subir degraus,2513,4784,3192,505,1115,Amadora,Grande Lisboa
Amadora,75 ou mais anos,M,Memória ou concentração,4426,4792,1354,398,1115,Amadora,Grande Lisboa
Amadora,75 ou mais anos,M,Compreender os outros ou fazer-se compreender,8792,1649,392,164,1115,Amadora,Grande Lisboa
Cascais,Total,H,Ver,62283,15928,1500,204,1105,Cascais,Grande Lisboa
Cascais,Total,H,Ouvir,69731,8166,1556,205,1105,Cascais,Grande Lisboa
Cascais,Total,H,Andar ou subir degraus,68904,8357,2180,564,1105,Cascais,Grande Lisboa
Cascais,Total,H,Memória ou concentração,66387,11650,1365,488,1105,Cascais,Grande Lisboa
Cascais,Total,H,Compreender os outros ou fazer-se compreender,76050,3033,623,260,1105,Cascais,Grande Lisboa
Cascais,Total,M,Ver,66698,25100,3235,228,1105,Cascais,Grande Lisboa
Cascais,Total,M,Ouvir,82483,9913,2269,229,1105,Cascais,Grande Lisboa
Cascais,Total,M,Andar ou subir degraus,74593,14659,5079,1058,1105,Cascais,Grande Lisboa
Cascais,Total,M,Memória ou concentração,73184,18505,2558,952,1105,Cascais,Grande Lisboa
Cascais,Total,M,Compreender os outros ou fazer-se compreender,89950,4078,866,464,1105,Cascais,Grande Lisboa
Cascais,15 - 19 anos,H,Ver,5577,393,26,6,1105,Cascais,Grande Lisboa
Cascais,15 - 19 anos,H,Ouvir,5922,58,3,5,1105,Cascais,Grande Lisboa
Cascais,15 - 19 anos,H,Andar ou subir degraus,5936,31,12,10,1105,Cascais,Grande Lisboa
Cascais,15 - 19 anos,H,Memória ou concentração,5598,339,41,17,1105,Cascais,Grande Lisboa
Cascais,15 - 19 anos,H,Compreender os outros ou fazer-se compreender,5831,117,23,12,1105,Cascais,Grande Lisboa
Cascais,15 - 19 anos,M,Ver,4930,664,45,1,1105,Cascais,Grande Lisboa
Cascais,15 - 19 anos,M,Ouvir,5558,64,5,1,1105,Cascais,Grande Lisboa
Cascais,15 - 19 anos,M,Andar ou subir degraus,5584,51,4,1,1105,Cascais,Grande Lisboa
Cascais,15 - 19 anos,M,Memória ou concentração,5260,328,34,3,1105,Cascais,Grande Lisboa
Cascais,15 - 19 anos,M,Compreender os outros ou fazer-se compreender,5533,94,6,6,1105,Cascais,Grande Lisboa
Cascais,20 - 24 anos,H,Ver,5118,443,33,5,1105,Cascais,Grande Lisboa
Cascais,20 - 24 anos,H,Ouvir,5501,69,5,7,1105,Cascais,Grande Lisboa
Cascais,20 - 24 anos,H,Andar ou subir degraus,5533,44,12,12,1105,Cascais,Grande Lisboa
Cascais,20 - 24 anos,H,Memória ou concentração,5277,272,33,14,1105,Cascais,Grande Lisboa
Cascais,20 - 24 anos,H,Compreender os outros ou fazer-se compreender,5463,97,28,9,1105,Cascais,Grande Lisboa
Cascais,20 - 24 anos,M,Ver,4667,639,49,7,1105,Cascais,Grande Lisboa
Cascais,20 - 24 anos,M,Ouvir,5256,80,4,5,1105,Cascais,Grande Lisboa
Cascais,20 - 24 anos,M,Andar ou subir degraus,5275,78,7,9,1105,Cascais,Grande Lisboa
Cascais,20 - 24 anos,M,Memória ou concentração,4954,370,27,7,1105,Cascais,Grande Lisboa
Cascais,20 - 24 anos,M,Compreender os outros ou fazer-se compreender,5261,85,11,4,1105,Cascais,Grande Lisboa
Cascais,25 - 29 anos,H,Ver,4516,405,36,7,1105,Cascais,Grande Lisboa
Cascais,25 - 29 anos,H,Ouvir,4852,72,11,9,1105,Cascais,Grande Lisboa
Cascais,25 - 29 anos,H,Andar ou subir degraus,4879,54,11,16,1105,Cascais,Grande Lisboa
Cascais,25 - 29 anos,H,Memória ou concentração,4592,319,35,5,1105,Cascais,Grande Lisboa
Cascais,25 - 29 anos,H,Compreender os outros ou fazer-se compreender,4825,109,22,9,1105,Cascais,Grande Lisboa
Cascais,25 - 29 anos,M,Ver,3992,651,53,6,1105,Cascais,Grande Lisboa
Cascais,25 - 29 anos,M,Ouvir,4584,89,9,4,1105,Cascais,Grande Lisboa
Cascais,25 - 29 anos,M,Andar ou subir degraus,4576,106,14,9,1105,Cascais,Grande Lisboa
Cascais,25 - 29 anos,M,Memória ou concentração,4213,450,28,12,1105,Cascais,Grande Lisboa
Cascais,25 - 29 anos,M,Compreender os outros ou fazer-se compreender,4586,95,11,9,1105,Cascais,Grande Lisboa
Cascais,30 - 34 anos,H,Ver,4287,419,22,4,1105,Cascais,Grande Lisboa
Cascais,30 - 34 anos,H,Ouvir,4610,95,11,8,1105,Cascais,Grande Lisboa
Cascais,30 - 34 anos,H,Andar ou subir degraus,4599,108,14,8,1105,Cascais,Grande Lisboa
Cascais,30 - 34 anos,H,Memória ou concentração,4323,358,36,13,1105,Cascais,Grande Lisboa
Cascais,30 - 34 anos,H,Compreender os outros ou fazer-se compreender,4550,149,25,6,1105,Cascais,Grande Lisboa
Cascais,30 - 34 anos,M,Ver,4408,693,52,4,1105,Cascais,Grande Lisboa
Cascais,30 - 34 anos,M,Ouvir,5001,116,8,7,1105,Cascais,Grande Lisboa
Cascais,30 - 34 anos,M,Andar ou subir degraus,5010,135,11,7,1105,Cascais,Grande Lisboa
Cascais,30 - 34 anos,M,Memória ou concentração,4540,581,26,7,1105,Cascais,Grande Lisboa
Cascais,30 - 34 anos,M,Compreender os outros ou fazer-se compreender,4995,138,17,6,1105,Cascais,Grande Lisboa
Cascais,35 - 39 anos,H,Ver,4997,542,21,9,1105,Cascais,Grande Lisboa
Cascais,35 - 39 anos,H,Ouvir,5390,148,7,11,1105,Cascais,Grande Lisboa
Cascais,35 - 39 anos,H,Andar ou subir degraus,5384,156,16,12,1105,Cascais,Grande Lisboa
Cascais,35 - 39 anos,H,Memória ou concentração,5028,473,51,11,1105,Cascais,Grande Lisboa
Cascais,35 - 39 anos,H,Compreender os outros ou fazer-se compreender,5374,164,20,6,1105,Cascais,Grande Lisboa
Cascais,35 - 39 anos,M,Ver,5442,923,52,12,1105,Cascais,Grande Lisboa
Cascais,35 - 39 anos,M,Ouvir,6227,167,12,13,1105,Cascais,Grande Lisboa
Cascais,35 - 39 anos,M,Andar ou subir degraus,6200,205,27,14,1105,Cascais,Grande Lisboa
Cascais,35 - 39 anos,M,Memória ou concentração,5600,788,41,13,1105,Cascais,Grande Lisboa
Cascais,35 - 39 anos,M,Compreender os outros ou fazer-se compreender,6294,127,15,11,1105,Cascais,Grande Lisboa
Cascais,40 - 44 anos,H,Ver,6201,881,36,8,1105,Cascais,Grande Lisboa
Cascais,40 - 44 anos,H,Ouvir,6823,258,15,16,1105,Cascais,Grande Lisboa
Cascais,40 - 44 anos,H,Andar ou subir degraus,6863,229,41,14,1105,Cascais,Grande Lisboa
Cascais,40 - 44 anos,H,Memória ou concentração,6419,657,38,19,1105,Cascais,Grande Lisboa
Cascais,40 - 44 anos,H,Compreender os outros ou fazer-se compreender,6954,151,23,10,1105,Cascais,Grande Lisboa
Cascais,40 - 44 anos,M,Ver,6900,1617,80,18,1105,Cascais,Grande Lisboa
Cascais,40 - 44 anos,M,Ouvir,8269,292,20,18,1105,Cascais,Grande Lisboa
Cascais,40 - 44 anos,M,Andar ou subir degraus,8153,401,50,14,1105,Cascais,Grande Lisboa
Cascais,40 - 44 anos,M,Memória ou concentração,7434,1102,55,20,1105,Cascais,Grande Lisboa
Cascais,40 - 44 anos,M,Compreender os outros ou fazer-se compreender,8389,188,21,16,1105,Cascais,Grande Lisboa
Cascais,45 - 49 anos,H,Ver,6127,1695,76,13,1105,Cascais,Grande Lisboa
Cascais,45 - 49 anos,H,Ouvir,7431,402,36,16,1105,Cascais,Grande Lisboa
Cascais,45 - 49 anos,H,Andar ou subir degraus,7484,365,54,27,1105,Cascais,Grande Lisboa
Cascais,45 - 49 anos,H,Memória ou concentração,7050,790,56,19,1105,Cascais,Grande Lisboa
Cascais,45 - 49 anos,H,Compreender os outros ou fazer-se compreender,7680,203,27,9,1105,Cascais,Grande Lisboa
Cascais,45 - 49 anos,M,Ver,6596,2545,143,18,1105,Cascais,Grande Lisboa
Cascais,45 - 49 anos,M,Ouvir,8803,407,33,23,1105,Cascais,Grande Lisboa
Cascais,45 - 49 anos,M,Andar ou subir degraus,8552,639,89,23,1105,Cascais,Grande Lisboa
Cascais,45 - 49 anos,M,Memória ou concentração,7871,1317,90,19,1105,Cascais,Grande Lisboa
Cascais,45 - 49 anos,M,Compreender os outros ou fazer-se compreender,9088,191,22,8,1105,Cascais,Grande Lisboa
Cascais,50 - 54 anos,H,Ver,5013,1843,101,17,1105,Cascais,Grande Lisboa
Cascais,50 - 54 anos,H,Ouvir,6376,511,44,26,1105,Cascais,Grande Lisboa
Cascais,50 - 54 anos,H,Andar ou subir degraus,6321,533,88,35,1105,Cascais,Grande Lisboa
Cascais,50 - 54 anos,H,Memória ou concentração,6027,855,67,27,1105,Cascais,Grande Lisboa
Cascais,50 - 54 anos,H,Compreender os outros ou fazer-se compreender,6731,193,35,11,1105,Cascais,Grande Lisboa
Cascais,50 - 54 anos,M,Ver,5379,2511,210,11,1105,Cascais,Grande Lisboa
Cascais,50 - 54 anos,M,Ouvir,7516,509,38,12,1105,Cascais,Grande Lisboa
Cascais,50 - 54 anos,M,Andar ou subir degraus,7084,902,112,14,1105,Cascais,Grande Lisboa
Cascais,50 - 54 anos,M,Memória ou concentração,6642,1361,83,13,1105,Cascais,Grande Lisboa
Cascais,50 - 54 anos,M,Compreender os outros ou fazer-se compreender,7870,204,26,8,1105,Cascais,Grande Lisboa
Cascais,55 - 59 anos,H,Ver,4527,1708,113,15,1105,Cascais,Grande Lisboa
Cascais,55 - 59 anos,H,Ouvir,5667,604,45,17,1105,Cascais,Grande Lisboa
Cascais,55 - 59 anos,H,Andar ou subir degraus,5554,679,121,22,1105,Cascais,Grande Lisboa
Cascais,55 - 59 anos,H,Memória ou concentração,5345,919,76,20,1105,Cascais,Grande Lisboa
Cascais,55 - 59 anos,H,Compreender os outros ou fazer-se compreender,6120,196,37,10,1105,Cascais,Grande Lisboa
Cascais,55 - 59 anos,M,Ver,5208,2369,200,9,1105,Cascais,Grande Lisboa
Cascais,55 - 59 anos,M,Ouvir,7054,605,73,16,1105,Cascais,Grande Lisboa
Cascais,55 - 59 anos,M,Andar ou subir degraus,6428,1162,179,22,1105,Cascais,Grande Lisboa
Cascais,55 - 59 anos,M,Memória ou concentração,6148,1489,123,15,1105,Cascais,Grande Lisboa
Cascais,55 - 59 anos,M,Compreender os outros ou fazer-se compreender,7503,247,27,11,1105,Cascais,Grande Lisboa
Cascais,60 - 64 anos,H,Ver,4010,1504,114,15,1105,Cascais,Grande Lisboa
Cascais,60 - 64 anos,H,Ouvir,4795,736,80,11,1105,Cascais,Grande Lisboa
Cascais,60 - 64 anos,H,Andar ou subir degraus,4625,810,179,40,1105,Cascais,Grande Lisboa
Cascais,60 - 64 anos,H,Memória ou concentração,4551,988,85,18,1105,Cascais,Grande Lisboa
Cascais,60 - 64 anos,H,Compreender os outros ou fazer-se compreender,5398,210,34,9,1105,Cascais,Grande Lisboa
Cascais,60 - 64 anos,M,Ver,4711,2083,226,13,1105,Cascais,Grande Lisboa
Cascais,60 - 64 anos,M,Ouvir,6146,761,74,15,1105,Cascais,Grande Lisboa
Cascais,60 - 64 anos,M,Andar ou subir degraus,5231,1499,290,34,1105,Cascais,Grande Lisboa
Cascais,60 - 64 anos,M,Memória ou concentração,5404,1468,143,20,1105,Cascais,Grande Lisboa
Cascais,60 - 64 anos,M,Compreender os outros ou fazer-se compreender,6772,238,30,12,1105,Cascais,Grande Lisboa
Cascais,65 - 69 anos,H,Ver,3703,1376,127,16,1105,Cascais,Grande Lisboa
Cascais,65 - 69 anos,H,Ouvir,4136,932,115,11,1105,Cascais,Grande Lisboa
Cascais,65 - 69 anos,H,Andar ou subir degraus,3999,1003,204,36,1105,Cascais,Grande Lisboa
Cascais,65 - 69 anos,H,Memória ou concentração,4086,1036,93,23,1105,Cascais,Grande Lisboa
Cascais,65 - 69 anos,H,Compreender os outros ou fazer-se compreender,4979,210,33,16,1105,Cascais,Grande Lisboa
Cascais,65 - 69 anos,M,Ver,4490,2147,232,16,1105,Cascais,Grande Lisboa
Cascais,65 - 69 anos,M,Ouvir,5766,949,120,20,1105,Cascais,Grande Lisboa
Cascais,65 - 69 anos,M,Andar ou subir degraus,4705,1777,372,45,1105,Cascais,Grande Lisboa
Cascais,65 - 69 anos,M,Memória ou concentração,4985,1701,143,44,1105,Cascais,Grande Lisboa
Cascais,65 - 69 anos,M,Compreender os outros ou fazer-se compreender,6549,271,42,24,1105,Cascais,Grande Lisboa
Cascais,70 - 74 anos,H,Ver,3485,1426,142,29,1105,Cascais,Grande Lisboa
Cascais,70 - 74 anos,H,Ouvir,3657,1195,189,19,1105,Cascais,Grande Lisboa
Cascais,70 - 74 anos,H,Andar ou subir degraus,3640,1159,241,54,1105,Cascais,Grande Lisboa
Cascais,70 - 74 anos,H,Memória ou concentração,3555,1356,130,39,1105,Cascais,Grande Lisboa
Cascais,70 - 74 anos,H,Compreender os outros ou fazer-se compreender,4754,254,53,28,1105,Cascais,Grande Lisboa
Cascais,70 - 74 anos,M,Ver,4069,2293,286,15,1105,Cascais,Grande Lisboa
Cascais,70 - 74 anos,M,Ouvir,5146,1284,195,11,1105,Cascais,Grande Lisboa
Cascais,70 - 74 anos,M,Andar ou subir degraus,3885,2116,616,54,1105,Cascais,Grande Lisboa
Cascais,70 - 74 anos,M,Memória ou concentração,4392,2016,201,48,1105,Cascais,Grande Lisboa
Cascais,70 - 74 anos,M,Compreender os outros ou fazer-se compreender,6277,334,40,28,1105,Cascais,Grande Lisboa
Cascais,75 ou mais anos,H,Ver,4722,3293,653,60,1105,Cascais,Grande Lisboa
Cascais,75 ou mais anos,H,Ouvir,4571,3086,995,49,1105,Cascais,Grande Lisboa
Cascais,75 ou mais anos,H,Andar ou subir degraus,4087,3186,1187,278,1105,Cascais,Grande Lisboa
Cascais,75 ou mais anos,H,Memória ou concentração,4536,3288,624,263,1105,Cascais,Grande Lisboa
Cascais,75 ou mais anos,H,Compreender os outros ou fazer-se compreender,7391,980,263,125,1105,Cascais,Grande Lisboa
Cascais,75 ou mais anos,M,Ver,5906,5965,1607,98,1105,Cascais,Grande Lisboa
Cascais,75 ou mais anos,M,Ouvir,7157,4590,1678,84,1105,Cascais,Grande Lisboa
Cascais,75 ou mais anos,M,Andar ou subir degraus,3910,5588,3308,812,1105,Cascais,Grande Lisboa
Cascais,75 ou mais anos,M,Memória ou concentração,5741,5534,1564,731,1105,Cascais,Grande Lisboa
Cascais,75 ou mais anos,M,Compreender os outros ou fazer-se compreender,10833,1866,598,321,1105,Cascais,Grande Lisboa
Lisboa,Total,H,Ver,161785,42548,4786,697,1106,Lisboa,Grande Lisboa
Lisboa,Total,H,Ouvir,182874,21422,4280,539,1106,Lisboa,Grande Lisboa
Lisboa,Total,H,Andar ou subir degraus,179011,22575,6764,1522,1106,Lisboa,Grande Lisboa
Lisboa,Total,H,Memória ou concentração,172942,31560,3915,1165,1106,Lisboa,Grande Lisboa
Lisboa,Total,H,Compreender os outros ou fazer-se compreender,198712,8483,1778,707,1106,Lisboa,Grande Lisboa
Lisboa,Total,M,Ver,168504,68313,10507,795,1106,Lisboa,Grande Lisboa
Lisboa,Total,M,Ouvir,210059,29032,7562,686,1106,Lisboa,Grande Lisboa
Lisboa,Total,M,Andar ou subir degraus,185856,41346,17738,3390,1106,Lisboa,Grande Lisboa
Lisboa,Total,M,Memória ou concentração,185099,52105,8124,2561,1106,Lisboa,Grande Lisboa
Lisboa,Total,M,Compreender os outros ou fazer-se compreender,232388,11808,2659,1286,1106,Lisboa,Grande Lisboa
Lisboa,15 - 19 anos,H,Ver,11402,942,55,9,1106,Lisboa,Grande Lisboa
Lisboa,15 - 19 anos,H,Ouvir,12246,114,21,6,1106,Lisboa,Grande Lisboa
Lisboa,15 - 19 anos,H,Andar ou subir degraus,12302,80,16,13,1106,Lisboa,Grande Lisboa
Lisboa,15 - 19 anos,H,Memória ou concentração,11570,679,116,29,1106,Lisboa,Grande Lisboa
Lisboa,15 - 19 anos,H,Compreender os outros ou fazer-se compreender,12071,251,46,30,1106,Lisboa,Grande Lisboa
Lisboa,15 - 19 anos,M,Ver,10630,1388,120,9,1106,Lisboa,Grande Lisboa
Lisboa,15 - 19 anos,M,Ouvir,11932,154,18,8,1106,Lisboa,Grande Lisboa
Lisboa,15 - 19 anos,M,Andar ou subir degraus,11937,148,27,22,1106,Lisboa,Grande Lisboa
Lisboa,15 - 19 anos,M,Memória ou concentração,11227,806,74,23,1106,Lisboa,Grande Lisboa
Lisboa,15 - 19 anos,M,Compreender os outros ou fazer-se compreender,11901,172,44,8,1106,Lisboa,Grande Lisboa
Lisboa,20 - 24 anos,H,Ver,13051,1237,104,21,1106,Lisboa,Grande Lisboa
Lisboa,20 - 24 anos,H,Ouvir,14129,209,19,23,1106,Lisboa,Grande Lisboa
Lisboa,20 - 24 anos,H,Andar ou subir degraus,14214,150,20,31,1106,Lisboa,Grande Lisboa
Lisboa,20 - 24 anos,H,Memória ou concentração,13294,940,117,36,1106,Lisboa,Grande Lisboa
Lisboa,20 - 24 anos,H,Compreender os outros ou fazer-se compreender,13954,328,72,36,1106,Lisboa,Grande Lisboa
Lisboa,20 - 24 anos,M,Ver,12151,1944,129,22,1106,Lisboa,Grande Lisboa
Lisboa,20 - 24 anos,M,Ouvir,13937,231,26,20,1106,Lisboa,Grande Lisboa
Lisboa,20 - 24 anos,M,Andar ou subir degraus,13957,233,29,32,1106,Lisboa,Grande Lisboa
Lisboa,20 - 24 anos,M,Memória ou concentração,12877,1217,120,28,1106,Lisboa,Grande Lisboa
Lisboa,20 - 24 anos,M,Compreender os outros ou fazer-se compreender,13890,276,47,22,1106,Lisboa,Grande Lisboa
Lisboa,25 - 29 anos,H,Ver,16106,1739,135,42,1106,Lisboa,Grande Lisboa
Lisboa,25 - 29 anos,H,Ouvir,17505,381,31,51,1106,Lisboa,Grande Lisboa
Lisboa,25 - 29 anos,H,Andar ou subir degraus,17670,246,42,52,1106,Lisboa,Grande Lisboa
Lisboa,25 - 29 anos,H,Memória ou concentração,16289,1536,121,47,1106,Lisboa,Grande Lisboa
Lisboa,25 - 29 anos,H,Compreender os outros ou fazer-se compreender,17360,516,80,33,1106,Lisboa,Grande Lisboa
Lisboa,25 - 29 anos,M,Ver,15221,2778,147,22,1106,Lisboa,Grande Lisboa
Lisboa,25 - 29 anos,M,Ouvir,17670,391,25,31,1106,Lisboa,Grande Lisboa
Lisboa,25 - 29 anos,M,Andar ou subir degraus,17703,368,45,37,1106,Lisboa,Grande Lisboa
Lisboa,25 - 29 anos,M,Memória ou concentração,15997,1961,150,46,1106,Lisboa,Grande Lisboa
Lisboa,25 - 29 anos,M,Compreender os outros ou fazer-se compreender,17656,421,53,25,1106,Lisboa,Grande Lisboa
Lisboa,30 - 34 anos,H,Ver,16718,1818,121,35,1106,Lisboa,Grande Lisboa
Lisboa,30 - 34 anos,H,Ouvir,18089,484,29,31,1106,Lisboa,Grande Lisboa
Lisboa,30 - 34 anos,H,Andar ou subir degraus,18230,345,60,38,1106,Lisboa,Grande Lisboa
Lisboa,30 - 34 anos,H,Memória ou concentração,16889,1592,117,39,1106,Lisboa,Grande Lisboa
Lisboa,30 - 34 anos,H,Compreender os outros ou fazer-se compreender,17949,603,75,22,1106,Lisboa,Grande Lisboa
Lisboa,30 - 34 anos,M,Ver,15400,2727,160,23,1106,Lisboa,Grande Lisboa
Lisboa,30 - 34 anos,M,Ouvir,17802,410,30,30,1106,Lisboa,Grande Lisboa
Lisboa,30 - 34 anos,M,Andar ou subir degraus,17747,480,51,37,1106,Lisboa,Grande Lisboa
Lisboa,30 - 34 anos,M,Memória ou concentração,15967,2198,102,41,1106,Lisboa,Grande Lisboa
Lisboa,30 - 34 anos,M,Compreender os outros ou fazer-se compreender,17741,498,54,23,1106,Lisboa,Grande Lisboa
Lisboa,35 - 39 anos,H,Ver,16189,1736,127,54,1106,Lisboa,Grande Lisboa
Lisboa,35 - 39 anos,H,Ouvir,17436,521,45,46,1106,Lisboa,Grande Lisboa
Lisboa,35 - 39 anos,H,Andar ou subir degraus,17538,423,90,36,1106,Lisboa,Grande Lisboa
Lisboa,35 - 39 anos,H,Memória ou concentração,16347,1571,114,49,1106,Lisboa,Grande Lisboa
Lisboa,35 - 39 anos,H,Compreender os outros ou fazer-se compreender,17437,535,68,25,1106,Lisboa,Grande Lisboa
Lisboa,35 - 39 anos,M,Ver,15233,2604,161,36,1106,Lisboa,Grande Lisboa
Lisboa,35 - 39 anos,M,Ouvir,17400,512,42,37,1106,Lisboa,Grande Lisboa
Lisboa,35 - 39 anos,M,Andar ou subir degraus,17249,674,66,37,1106,Lisboa,Grande Lisboa
Lisboa,35 - 39 anos,M,Memória ou concentração,15595,2235,133,41,1106,Lisboa,Grande Lisboa
Lisboa,35 - 39 anos,M,Compreender os outros ou fazer-se compreender,17518,420,49,22,1106,Lisboa,Grande Lisboa
Lisboa,40 - 44 anos,H,Ver,16223,2472,156,41,1106,Lisboa,Grande Lisboa
Lisboa,40 - 44 anos,H,Ouvir,17995,755,68,30,1106,Lisboa,Grande Lisboa
Lisboa,40 - 44 anos,H,Andar ou subir degraus,18042,684,136,34,1106,Lisboa,Grande Lisboa
Lisboa,40 - 44 anos,H,Memória ou concentração,16974,1722,139,34,1106,Lisboa,Grande Lisboa
Lisboa,40 - 44 anos,H,Compreender os outros ou fazer-se compreender,18249,494,89,33,1106,Lisboa,Grande Lisboa
Lisboa,40 - 44 anos,M,Ver,15825,3702,237,28,1106,Lisboa,Grande Lisboa
Lisboa,40 - 44 anos,M,Ouvir,18854,777,68,40,1106,Lisboa,Grande Lisboa
Lisboa,40 - 44 anos,M,Andar ou subir degraus,18501,1105,152,51,1106,Lisboa,Grande Lisboa
Lisboa,40 - 44 anos,M,Memória ou concentração,16875,2688,182,41,1106,Lisboa,Grande Lisboa
Lisboa,40 - 44 anos,M,Compreender os outros ou fazer-se compreender,19271,433,62,26,1106,Lisboa,Grande Lisboa
Lisboa,45 - 49 anos,H,Ver,13853,4093,233,42,1106,Lisboa,Grande Lisboa
Lisboa,45 - 49 anos,H,Ouvir,17023,993,93,46,1106,Lisboa,Grande Lisboa
Lisboa,45 - 49 anos,H,Andar ou subir degraus,17092,915,171,48,1106,Lisboa,Grande Lisboa
Lisboa,45 - 49 anos,H,Memória ou concentração,16024,1987,150,57,1106,Lisboa,Grande Lisboa
Lisboa,45 - 49 anos,H,Compreender os outros ou fazer-se compreender,17593,475,102,35,1106,Lisboa,Grande Lisboa
Lisboa,45 - 49 anos,M,Ver,13686,5586,392,39,1106,Lisboa,Grande Lisboa
Lisboa,45 - 49 anos,M,Ouvir,18513,1005,97,41,1106,Lisboa,Grande Lisboa
Lisboa,45 - 49 anos,M,Andar ou subir degraus,17917,1541,237,44,1106,Lisboa,Grande Lisboa
Lisboa,45 - 49 anos,M,Memória ou concentração,16439,3001,220,57,1106,Lisboa,Grande Lisboa
Lisboa,45 - 49 anos,M,Compreender os outros ou fazer-se compreender,19140,483,76,39,1106,Lisboa,Grande Lisboa
Lisboa,50 - 54 anos,H,Ver,10878,4507,311,48,1106,Lisboa,Grande Lisboa
Lisboa,50 - 54 anos,H,Ouvir,14332,1200,122,38,1106,Lisboa,Grande Lisboa
Lisboa,50 - 54 anos,H,Andar ou subir degraus,14145,1270,262,68,1106,Lisboa,Grande Lisboa
Lisboa,50 - 54 anos,H,Memória ou concentração,13435,2045,177,67,1106,Lisboa,Grande Lisboa
Lisboa,50 - 54 anos,H,Compreender os outros ou fazer-se compreender,15088,511,95,58,1106,Lisboa,Grande Lisboa
Lisboa,50 - 54 anos,M,Ver,11732,5765,472,42,1106,Lisboa,Grande Lisboa
Lisboa,50 - 54 anos,M,Ouvir,16577,1185,138,44,1106,Lisboa,Grande Lisboa
Lisboa,50 - 54 anos,M,Andar ou subir degraus,15370,2166,412,70,1106,Lisboa,Grande Lisboa
Lisboa,50 - 54 anos,M,Memória ou concentração,14373,3330,242,62,1106,Lisboa,Grande Lisboa
Lisboa,50 - 54 anos,M,Compreender os outros ou fazer-se compreender,17379,524,72,36,1106,Lisboa,Grande Lisboa
Lisboa,55 - 59 anos,H,Ver,10168,4218,375,48,1106,Lisboa,Grande Lisboa
Lisboa,55 - 59 anos,H,Ouvir,13015,1523,176,35,1106,Lisboa,Grande Lisboa
Lisboa,55 - 59 anos,H,Andar ou subir degraus,12606,1757,399,64,1106,Lisboa,Grande Lisboa
Lisboa,55 - 59 anos,H,Memória ou concentração,12310,2213,228,51,1106,Lisboa,Grande Lisboa
Lisboa,55 - 59 anos,H,Compreender os outros ou fazer-se compreender,14114,554,109,30,1106,Lisboa,Grande Lisboa
Lisboa,55 - 59 anos,M,Ver,10957,5789,578,29,1106,Lisboa,Grande Lisboa
Lisboa,55 - 59 anos,M,Ouvir,15463,1598,186,37,1106,Lisboa,Grande Lisboa
Lisboa,55 - 59 anos,M,Andar ou subir degraus,13588,3052,671,64,1106,Lisboa,Grande Lisboa
Lisboa,55 - 59 anos,M,Memória ou concentração,13345,3573,363,46,1106,Lisboa,Grande Lisboa
Lisboa,55 - 59 anos,M,Compreender os outros ou fazer-se compreender,16666,569,83,30,1106,Lisboa,Grande Lisboa
Lisboa,60 - 64 anos,H,Ver,8991,3739,378,57,1106,Lisboa,Grande Lisboa
Lisboa,60 - 64 anos,H,Ouvir,11075,1753,239,36,1106,Lisboa,Grande Lisboa
Lisboa,60 - 64 anos,H,Andar ou subir degraus,10375,2183,528,87,1106,Lisboa,Grande Lisboa
Lisboa,60 - 64 anos,H,Memória ou concentração,10499,2367,217,61,1106,Lisboa,Grande Lisboa
Lisboa,60 - 64 anos,H,Compreender os outros ou fazer-se compreender,12498,494,122,36,1106,Lisboa,Grande Lisboa
Lisboa,60 - 64 anos,M,Ver,10631,5428,699,48,1106,Lisboa,Grande Lisboa
Lisboa,60 - 64 anos,M,Ouvir,14455,2011,235,43,1106,Lisboa,Grande Lisboa
Lisboa,60 - 64 anos,M,Andar ou subir degraus,11858,3895,968,105,1106,Lisboa,Grande Lisboa
Lisboa,60 - 64 anos,M,Memória ou concentração,12477,3833,389,79,1106,Lisboa,Grande Lisboa
Lisboa,60 - 64 anos,M,Compreender os outros ou fazer-se compreender,16030,627,88,44,1106,Lisboa,Grande Lisboa
Lisboa,65 - 69 anos,H,Ver,8354,3514,404,41,1106,Lisboa,Grande Lisboa
Lisboa,65 - 69 anos,H,Ouvir,9731,2171,312,34,1106,Lisboa,Grande Lisboa
Lisboa,65 - 69 anos,H,Andar ou subir degraus,9041,2621,568,108,1106,Lisboa,Grande Lisboa
Lisboa,65 - 69 anos,H,Memória ou concentração,9391,2655,211,63,1106,Lisboa,Grande Lisboa
Lisboa,65 - 69 anos,H,Compreender os outros ou fazer-se compreender,11679,491,106,44,1106,Lisboa,Grande Lisboa
Lisboa,65 - 69 anos,M,Ver,10011,5314,749,41,1106,Lisboa,Grande Lisboa
Lisboa,65 - 69 anos,M,Ouvir,13236,2454,318,42,1106,Lisboa,Grande Lisboa
Lisboa,65 - 69 anos,M,Andar ou subir degraus,10229,4498,1302,118,1106,Lisboa,Grande Lisboa
Lisboa,65 - 69 anos,M,Memória ou concentração,11434,4191,408,66,1106,Lisboa,Grande Lisboa
Lisboa,65 - 69 anos,M,Compreender os outros ou fazer-se compreender,15361,630,106,41,1106,Lisboa,Grande Lisboa
Lisboa,70 - 74 anos,H,Ver,7713,3496,445,63,1106,Lisboa,Grande Lisboa
Lisboa,70 - 74 anos,H,Ouvir,8303,2910,430,32,1106,Lisboa,Grande Lisboa
Lisboa,70 - 74 anos,H,Andar ou subir degraus,7782,2976,826,158,1106,Lisboa,Grande Lisboa
Lisboa,70 - 74 anos,H,Memória ou concentração,8128,3161,339,76,1106,Lisboa,Grande Lisboa
Lisboa,70 - 74 anos,H,Compreender os outros ou fazer-se compreender,10900,657,117,56,1106,Lisboa,Grande Lisboa
Lisboa,70 - 74 anos,M,Ver,9808,5742,893,60,1106,Lisboa,Grande Lisboa
Lisboa,70 - 74 anos,M,Ouvir,12628,3247,519,49,1106,Lisboa,Grande Lisboa
Lisboa,70 - 74 anos,M,Andar ou subir degraus,8933,5626,1777,163,1106,Lisboa,Grande Lisboa
Lisboa,70 - 74 anos,M,Memória ou concentração,10587,5123,611,130,1106,Lisboa,Grande Lisboa
Lisboa,70 - 74 anos,M,Compreender os outros ou fazer-se compreender,15521,790,142,76,1106,Lisboa,Grande Lisboa
Lisboa,75 ou mais anos,H,Ver,12139,9037,1942,196,1106,Lisboa,Grande Lisboa
Lisboa,75 ou mais anos,H,Ouvir,11995,8408,2695,131,1106,Lisboa,Grande Lisboa
Lisboa,75 ou mais anos,H,Andar ou subir degraus,9974,8925,3646,785,1106,Lisboa,Grande Lisboa
Lisboa,75 ou mais anos,H,Memória ou concentração,11792,9092,1869,556,1106,Lisboa,Grande Lisboa
Lisboa,75 ou mais anos,H,Compreender os outros ou fazer-se compreender,19820,2574,697,269,1106,Lisboa,Grande Lisboa
Lisboa,75 ou mais anos,M,Ver,17219,19546,5770,396,1106,Lisboa,Grande Lisboa
Lisboa,75 ou mais anos,M,Ouvir,21592,15057,5860,264,1106,Lisboa,Grande Lisboa
Lisboa,75 ou mais anos,M,Andar ou subir degraus,10867,17560,12001,2610,1106,Lisboa,Grande Lisboa
Lisboa,75 ou mais anos,M,Memória ou concentração,17906,17949,5130,1901,1106,Lisboa,Grande Lisboa
Lisboa,75 ou mais anos,M,Compreender os outros ou fazer-se compreender,34314,5965,1783,894,1106,Lisboa,Grande Lisboa
Loures,Total,H,Ver,57418,17500,1941,215,1107,Loures,Grande Lisboa
Loures,Total,H,Ouvir,65979,8768,1861,187,1107,Loures,Grande Lisboa
Loures,Total,H,Andar ou subir degraus,64404,9519,2603,598,1107,Loures,Grande Lisboa
Loures,Total,H,Memória ou concentração,62716,12332,1554,443,1107,Loures,Grande Lisboa
Loures,Total,H,Compreender os outros ou fazer-se compreender,72849,3379,681,239,1107,Loures,Grande Lisboa
Loures,Total,M,Ver,57865,27164,3833,210,1107,Loures,Grande Lisboa
Loures,Total,M,Ouvir,75486,10432,2546,243,1107,Loures,Grande Lisboa
Loures,Total,M,Andar ou subir degraus,65927,16156,5997,1074,1107,Loures,Grande Lisboa
Loures,Total,M,Memória ou concentração,66024,19255,2907,873,1107,Loures,Grande Lisboa
Loures,Total,M,Compreender os outros ou fazer-se compreender,83444,4270,924,464,1107,Loures,Grande Lisboa
Loures,15 - 19 anos,H,Ver,4805,462,45,8,1107,Loures,Grande Lisboa
Loures,15 - 19 anos,H,Ouvir,5231,62,8,7,1107,Loures,Grande Lisboa
Loures,15 - 19 anos,H,Andar ou subir degraus,5243,51,12,12,1107,Loures,Grande Lisboa
Loures,15 - 19 anos,H,Memória ou concentração,4914,331,47,21,1107,Loures,Grande Lisboa
Loures,15 - 19 anos,H,Compreender os outros ou fazer-se compreender,5124,146,27,16,1107,Loures,Grande Lisboa
Loures,15 - 19 anos,M,Ver,4201,720,61,3,1107,Loures,Grande Lisboa
Loures,15 - 19 anos,M,Ouvir,4872,87,5,3,1107,Loures,Grande Lisboa
Loures,15 - 19 anos,M,Andar ou subir degraus,4889,82,11,6,1107,Loures,Grande Lisboa
Loures,15 - 19 anos,M,Memória ou concentração,4582,358,34,5,1107,Loures,Grande Lisboa
Loures,15 - 19 anos,M,Compreender os outros ou fazer-se compreender,4875,82,13,7,1107,Loures,Grande Lisboa
Loures,20 - 24 anos,H,Ver,4845,471,43,11,1107,Loures,Grande Lisboa
Loures,20 - 24 anos,H,Ouvir,5281,64,7,10,1107,Loures,Grande Lisboa
Loures,20 - 24 anos,H,Andar ou subir degraus,5279,59,18,14,1107,Loures,Grande Lisboa
Loures,20 - 24 anos,H,Memória ou concentração,4991,322,33,17,1107,Loures,Grande Lisboa
Loures,20 - 24 anos,H,Compreender os outros ou fazer-se compreender,5225,119,16,11,1107,Loures,Grande Lisboa
Loures,20 - 24 anos,M,Ver,4397,860,68,3,1107,Loures,Grande Lisboa
Loures,20 - 24 anos,M,Ouvir,5197,89,16,5,1107,Loures,Grande Lisboa
Loures,20 - 24 anos,M,Andar ou subir degraus,5193,115,12,9,1107,Loures,Grande Lisboa
Loures,20 - 24 anos,M,Memória ou concentração,4776,492,42,9,1107,Loures,Grande Lisboa
Loures,20 - 24 anos,M,Compreender os outros ou fazer-se compreender,5207,85,13,12,1107,Loures,Grande Lisboa
Loures,25 - 29 anos,H,Ver,4920,509,42,7,1107,Loures,Grande Lisboa
Loures,25 - 29 anos,H,Ouvir,5343,93,17,5,1107,Loures,Grande Lisboa
Loures,25 - 29 anos,H,Andar ou subir degraus,5345,96,19,15,1107,Loures,Grande Lisboa
Loures,25 - 29 anos,H,Memória ou concentração,5054,367,33,17,1107,Loures,Grande Lisboa
Loures,25 - 29 anos,H,Compreender os outros ou fazer-se compreender,5285,145,25,13,1107,Loures,Grande Lisboa
Loures,25 - 29 anos,M,Ver,4749,885,69,5,1107,Loures,Grande Lisboa
Loures,25 - 29 anos,M,Ouvir,5537,133,13,5,1107,Loures,Grande Lisboa
Loures,25 - 29 anos,M,Andar ou subir degraus,5541,140,21,10,1107,Loures,Grande Lisboa
Loures,25 - 29 anos,M,Memória ou concentração,5061,589,51,7,1107,Loures,Grande Lisboa
Loures,25 - 29 anos,M,Compreender os outros ou fazer-se compreender,5581,110,18,5,1107,Loures,Grande Lisboa
Loures,30 - 34 anos,H,Ver,5127,534,47,6,1107,Loures,Grande Lisboa
Loures,30 - 34 anos,H,Ouvir,5538,149,14,8,1107,Loures,Grande Lisboa
Loures,30 - 34 anos,H,Andar ou subir degraus,5552,127,22,14,1107,Loures,Grande Lisboa
Loures,30 - 34 anos,H,Memória ou concentração,5193,464,39,13,1107,Loures,Grande Lisboa
Loures,30 - 34 anos,H,Compreender os outros ou fazer-se compreender,5530,160,15,6,1107,Loures,Grande Lisboa
Loures,30 - 34 anos,M,Ver,5003,1025,62,12,1107,Loures,Grande Lisboa
Loures,30 - 34 anos,M,Ouvir,5860,192,12,15,1107,Loures,Grande Lisboa
Loures,30 - 34 anos,M,Andar ou subir degraus,5855,225,31,9,1107,Loures,Grande Lisboa
Loures,30 - 34 anos,M,Memória ou concentração,5295,768,38,9,1107,Loures,Grande Lisboa
Loures,30 - 34 anos,M,Compreender os outros ou fazer-se compreender,5928,147,23,10,1107,Loures,Grande Lisboa
Loures,35 - 39 anos,H,Ver,5637,638,40,5,1107,Loures,Grande Lisboa
Loures,35 - 39 anos,H,Ouvir,6091,197,11,8,1107,Loures,Grande Lisboa
Loures,35 - 39 anos,H,Andar ou subir degraus,6094,197,25,11,1107,Loures,Grande Lisboa
Loures,35 - 39 anos,H,Memória ou concentração,5724,554,34,9,1107,Loures,Grande Lisboa
Loures,35 - 39 anos,H,Compreender os outros ou fazer-se compreender,6149,139,30,6,1107,Loures,Grande Lisboa
Loures,35 - 39 anos,M,Ver,5691,1093,74,9,1107,Loures,Grande Lisboa
Loures,35 - 39 anos,M,Ouvir,6593,221,24,17,1107,Loures,Grande Lisboa
Loures,35 - 39 anos,M,Andar ou subir degraus,6485,339,36,17,1107,Loures,Grande Lisboa
Loures,35 - 39 anos,M,Memória ou concentração,5901,895,60,15,1107,Loures,Grande Lisboa
Loures,35 - 39 anos,M,Compreender os outros ou fazer-se compreender,6695,153,21,12,1107,Loures,Grande Lisboa
Loures,40 - 44 anos,H,Ver,6005,934,50,20,1107,Loures,Grande Lisboa
Loures,40 - 44 anos,H,Ouvir,6706,254,16,18,1107,Loures,Grande Lisboa
Loures,40 - 44 anos,H,Andar ou subir degraus,6642,291,47,20,1107,Loures,Grande Lisboa
Loures,40 - 44 anos,H,Memória ou concentração,6269,677,42,16,1107,Loures,Grande Lisboa
Loures,40 - 44 anos,H,Compreender os outros ou fazer-se compreender,6807,162,27,9,1107,Loures,Grande Lisboa
Loures,40 - 44 anos,M,Ver,6036,1561,97,13,1107,Loures,Grande Lisboa
Loures,40 - 44 anos,M,Ouvir,7337,304,35,16,1107,Loures,Grande Lisboa
Loures,40 - 44 anos,M,Andar ou subir degraus,7090,532,72,19,1107,Loures,Grande Lisboa
Loures,40 - 44 anos,M,Memória ou concentração,6473,1143,79,24,1107,Loures,Grande Lisboa
Loures,40 - 44 anos,M,Compreender os outros ou fazer-se compreender,7518,163,26,11,1107,Loures,Grande Lisboa
Loures,45 - 49 anos,H,Ver,5218,1581,102,9,1107,Loures,Grande Lisboa
Loures,45 - 49 anos,H,Ouvir,6457,375,37,13,1107,Loures,Grande Lisboa
Loures,45 - 49 anos,H,Andar ou subir degraus,6367,462,64,17,1107,Loures,Grande Lisboa
Loures,45 - 49 anos,H,Memória ou concentração,6048,789,56,15,1107,Loures,Grande Lisboa
Loures,45 - 49 anos,H,Compreender os outros ou fazer-se compreender,6718,166,29,9,1107,Loures,Grande Lisboa
Loures,45 - 49 anos,M,Ver,5246,2421,190,11,1107,Loures,Grande Lisboa
Loures,45 - 49 anos,M,Ouvir,7306,483,43,15,1107,Loures,Grande Lisboa
Loures,45 - 49 anos,M,Andar ou subir degraus,6922,825,112,17,1107,Loures,Grande Lisboa
Loures,45 - 49 anos,M,Memória ou concentração,6428,1324,105,18,1107,Loures,Grande Lisboa
Loures,45 - 49 anos,M,Compreender os outros ou fazer-se compreender,7646,202,24,10,1107,Loures,Grande Lisboa
Loures,50 - 54 anos,H,Ver,4157,1818,137,14,1107,Loures,Grande Lisboa
Loures,50 - 54 anos,H,Ouvir,5539,510,45,11,1107,Loures,Grande Lisboa
Loures,50 - 54 anos,H,Andar ou subir degraus,5433,587,90,22,1107,Loures,Grande Lisboa
Loures,50 - 54 anos,H,Memória ou concentração,5211,827,64,21,1107,Loures,Grande Lisboa
Loures,50 - 54 anos,H,Compreender os outros ou fazer-se compreender,5920,177,31,10,1107,Loures,Grande Lisboa
Loures,50 - 54 anos,M,Ver,4056,2527,252,11,1107,Loures,Grande Lisboa
Loures,50 - 54 anos,M,Ouvir,6196,551,52,10,1107,Loures,Grande Lisboa
Loures,50 - 54 anos,M,Andar ou subir degraus,5547,1093,191,15,1107,Loures,Grande Lisboa
Loures,50 - 54 anos,M,Memória ou concentração,5424,1285,129,14,1107,Loures,Grande Lisboa
Loures,50 - 54 anos,M,Compreender os outros ou fazer-se compreender,6582,227,35,2,1107,Loures,Grande Lisboa
Loures,55 - 59 anos,H,Ver,3495,1816,171,14,1107,Loures,Grande Lisboa
Loures,55 - 59 anos,H,Ouvir,4614,742,84,22,1107,Loures,Grande Lisboa
Loures,55 - 59 anos,H,Andar ou subir degraus,4493,822,157,28,1107,Loures,Grande Lisboa
Loures,55 - 59 anos,H,Memória ou concentração,4448,941,88,16,1107,Loures,Grande Lisboa
Loures,55 - 59 anos,H,Compreender os outros ou fazer-se compreender,5225,224,34,10,1107,Loures,Grande Lisboa
Loures,55 - 59 anos,M,Ver,3780,2511,264,13,1107,Loures,Grande Lisboa
Loures,55 - 59 anos,M,Ouvir,5749,667,92,18,1107,Loures,Grande Lisboa
Loures,55 - 59 anos,M,Andar ou subir degraus,4799,1445,305,21,1107,Loures,Grande Lisboa
Loures,55 - 59 anos,M,Memória ou concentração,4910,1501,124,26,1107,Loures,Grande Lisboa
Loures,55 - 59 anos,M,Compreender os outros ou fazer-se compreender,6268,251,41,10,1107,Loures,Grande Lisboa
Loures,60 - 64 anos,H,Ver,3290,1728,160,22,1107,Loures,Grande Lisboa
Loures,60 - 64 anos,H,Ouvir,4269,782,106,9,1107,Loures,Grande Lisboa
Loures,60 - 64 anos,H,Andar ou subir degraus,3985,941,236,48,1107,Loures,Grande Lisboa
Loures,60 - 64 anos,H,Memória ou concentração,4062,1024,98,20,1107,Loures,Grande Lisboa
Loures,60 - 64 anos,H,Compreender os outros ou fazer-se compreender,4924,240,48,13,1107,Loures,Grande Lisboa
Loures,60 - 64 anos,M,Ver,3708,2419,326,13,1107,Loures,Grande Lisboa
Loures,60 - 64 anos,M,Ouvir,5366,890,148,13,1107,Loures,Grande Lisboa
Loures,60 - 64 anos,M,Andar ou subir degraus,4178,1825,425,32,1107,Loures,Grande Lisboa
Loures,60 - 64 anos,M,Memória ou concentração,4564,1655,204,29,1107,Loures,Grande Lisboa
Loures,60 - 64 anos,M,Compreender os outros ou fazer-se compreender,6092,302,43,16,1107,Loures,Grande Lisboa
Loures,65 - 69 anos,H,Ver,3106,1683,166,22,1107,Loures,Grande Lisboa
Loures,65 - 69 anos,H,Ouvir,3724,1043,173,13,1107,Loures,Grande Lisboa
Loures,65 - 69 anos,H,Andar ou subir degraus,3531,1143,269,46,1107,Loures,Grande Lisboa
Loures,65 - 69 anos,H,Memória ou concentração,3644,1194,116,31,1107,Loures,Grande Lisboa
Loures,65 - 69 anos,H,Compreender os outros ou fazer-se compreender,4667,268,45,16,1107,Loures,Grande Lisboa
Loures,65 - 69 anos,M,Ver,3515,2469,298,11,1107,Loures,Grande Lisboa
Loures,65 - 69 anos,M,Ouvir,5032,1064,143,20,1107,Loures,Grande Lisboa
Loures,65 - 69 anos,M,Andar ou subir degraus,3682,2038,527,58,1107,Loures,Grande Lisboa
Loures,65 - 69 anos,M,Memória ou concentração,4195,1862,200,37,1107,Loures,Grande Lisboa
Loures,65 - 69 anos,M,Compreender os outros ou fazer-se compreender,5938,294,49,22,1107,Loures,Grande Lisboa
Loures,70 - 74 anos,H,Ver,2854,1740,212,18,1107,Loures,Grande Lisboa
Loures,70 - 74 anos,H,Ouvir,3170,1345,266,8,1107,Loures,Grande Lisboa
Loures,70 - 74 anos,H,Andar ou subir degraus,2991,1438,339,71,1107,Loures,Grande Lisboa
Loures,70 - 74 anos,H,Memória ou concentração,3101,1503,182,39,1107,Loures,Grande Lisboa
Loures,70 - 74 anos,H,Compreender os outros ou fazer-se compreender,4446,311,53,24,1107,Loures,Grande Lisboa
Loures,70 - 74 anos,M,Ver,3130,2585,398,18,1107,Loures,Grande Lisboa
Loures,70 - 74 anos,M,Ouvir,4469,1372,243,21,1107,Loures,Grande Lisboa
Loures,70 - 74 anos,M,Andar ou subir degraus,2931,2386,740,66,1107,Loures,Grande Lisboa
Loures,70 - 74 anos,M,Memória ou concentração,3659,2123,292,51,1107,Loures,Grande Lisboa
Loures,70 - 74 anos,M,Compreender os outros ou fazer-se compreender,5670,378,65,30,1107,Loures,Grande Lisboa
Loures,75 ou mais anos,H,Ver,3959,3586,726,59,1107,Loures,Grande Lisboa
Loures,75 ou mais anos,H,Ouvir,4016,3152,1077,55,1107,Loures,Grande Lisboa
Loures,75 ou mais anos,H,Andar ou subir degraus,3449,3305,1305,280,1107,Loures,Grande Lisboa
Loures,75 ou mais anos,H,Memória ou concentração,4057,3339,722,208,1107,Loures,Grande Lisboa
Loures,75 ou mais anos,H,Compreender os outros ou fazer-se compreender,6829,1122,301,96,1107,Loures,Grande Lisboa
Loures,75 ou mais anos,M,Ver,4353,6088,1674,88,1107,Loures,Grande Lisboa
Loures,75 ou mais anos,M,Ouvir,5972,4379,1720,85,1107,Loures,Grande Lisboa
Loures,75 ou mais anos,M,Andar ou subir degraus,2815,5111,3514,795,1107,Loures,Grande Lisboa
Loures,75 ou mais anos,M,Memória ou concentração,4756,5260,1549,629,1107,Loures,Grande Lisboa
Loures,75 ou mais anos,M,Compreender os outros ou fazer-se compreender,9444,1876,553,317,1107,Loures,Grande Lisboa
Mafra,Total,H,Ver,25433,7166,707,77,1109,Mafra,Grande Lisboa
Mafra,Total,H,Ouvir,28911,3556,753,62,1109,Mafra,Grande Lisboa
Mafra,Total,H,Andar ou subir degraus,28694,3536,945,231,1109,Mafra,Grande Lisboa
Mafra,Total,H,Memória ou concentração,27335,5235,619,182,1109,Mafra,Grande Lisboa
Mafra,Total,H,Compreender os outros ou fazer-se compreender,31723,1315,266,106,1109,Mafra,Grande Lisboa
Mafra,Total,M,Ver,24712,10192,1310,75,1109,Mafra,Grande Lisboa
Mafra,Total,M,Ouvir,31525,3614,939,67,1109,Mafra,Grande Lisboa
Mafra,Total,M,Andar ou subir degraus,28561,5275,1992,464,1109,Mafra,Grande Lisboa
Mafra,Total,M,Memória ou concentração,27435,7313,1103,388,1109,Mafra,Grande Lisboa
Mafra,Total,M,Compreender os outros ou fazer-se compreender,34134,1600,342,199,1109,Mafra,Grande Lisboa
Mafra,15 - 19 anos,H,Ver,2370,204,12,0,1109,Mafra,Grande Lisboa
Mafra,15 - 19 anos,H,Ouvir,2549,28,2,0,1109,Mafra,Grande Lisboa
Mafra,15 - 19 anos,H,Andar ou subir degraus,2571,12,3,2,1109,Mafra,Grande Lisboa
Mafra,15 - 19 anos,H,Memória ou concentração,2385,174,19,1,1109,Mafra,Grande Lisboa
Mafra,15 - 19 anos,H,Compreender os outros ou fazer-se compreender,2518,54,9,2,1109,Mafra,Grande Lisboa
Mafra,15 - 19 anos,M,Ver,2155,320,18,1,1109,Mafra,Grande Lisboa
Mafra,15 - 19 anos,M,Ouvir,2457,18,1,4,1109,Mafra,Grande Lisboa
Mafra,15 - 19 anos,M,Andar ou subir degraus,2460,24,6,4,1109,Mafra,Grande Lisboa
Mafra,15 - 19 anos,M,Memória ou concentração,2279,198,12,4,1109,Mafra,Grande Lisboa
Mafra,15 - 19 anos,M,Compreender os outros ou fazer-se compreender,2452,36,1,1,1109,Mafra,Grande Lisboa
Mafra,20 - 24 anos,H,Ver,2032,200,16,5,1109,Mafra,Grande Lisboa
Mafra,20 - 24 anos,H,Ouvir,2202,38,4,4,1109,Mafra,Grande Lisboa
Mafra,20 - 24 anos,H,Andar ou subir degraus,2215,25,1,9,1109,Mafra,Grande Lisboa
Mafra,20 - 24 anos,H,Memória ou concentração,2068,156,14,10,1109,Mafra,Grande Lisboa
Mafra,20 - 24 anos,H,Compreender os outros ou fazer-se compreender,2177,47,14,7,1109,Mafra,Grande Lisboa
Mafra,20 - 24 anos,M,Ver,1829,305,20,3,1109,Mafra,Grande Lisboa
Mafra,20 - 24 anos,M,Ouvir,2104,38,7,1,1109,Mafra,Grande Lisboa
Mafra,20 - 24 anos,M,Andar ou subir degraus,2130,23,3,4,1109,Mafra,Grande Lisboa
Mafra,20 - 24 anos,M,Memória ou concentração,1965,174,12,4,1109,Mafra,Grande Lisboa
Mafra,20 - 24 anos,M,Compreender os outros ou fazer-se compreender,2116,35,6,3,1109,Mafra,Grande Lisboa
Mafra,25 - 29 anos,H,Ver,1713,187,10,2,1109,Mafra,Grande Lisboa
Mafra,25 - 29 anos,H,Ouvir,1865,34,4,2,1109,Mafra,Grande Lisboa
Mafra,25 - 29 anos,H,Andar ou subir degraus,1872,29,6,5,1109,Mafra,Grande Lisboa
Mafra,25 - 29 anos,H,Memória ou concentração,1756,141,14,4,1109,Mafra,Grande Lisboa
Mafra,25 - 29 anos,H,Compreender os outros ou fazer-se compreender,1859,42,10,4,1109,Mafra,Grande Lisboa
Mafra,25 - 29 anos,M,Ver,1587,304,20,0,1109,Mafra,Grande Lisboa
Mafra,25 - 29 anos,M,Ouvir,1849,50,7,2,1109,Mafra,Grande Lisboa
Mafra,25 - 29 anos,M,Andar ou subir degraus,1864,39,5,4,1109,Mafra,Grande Lisboa
Mafra,25 - 29 anos,M,Memória ou concentração,1669,228,9,4,1109,Mafra,Grande Lisboa
Mafra,25 - 29 anos,M,Compreender os outros ou fazer-se compreender,1868,34,7,4,1109,Mafra,Grande Lisboa
Mafra,30 - 34 anos,H,Ver,1948,182,14,4,1109,Mafra,Grande Lisboa
Mafra,30 - 34 anos,H,Ouvir,2074,52,11,5,1109,Mafra,Grande Lisboa
Mafra,30 - 34 anos,H,Andar ou subir degraus,2100,35,3,9,1109,Mafra,Grande Lisboa
Mafra,30 - 34 anos,H,Memória ou concentração,1963,158,11,11,1109,Mafra,Grande Lisboa
Mafra,30 - 34 anos,H,Compreender os outros ou fazer-se compreender,2082,49,2,8,1109,Mafra,Grande Lisboa
Mafra,30 - 34 anos,M,Ver,1855,363,19,1,1109,Mafra,Grande Lisboa
Mafra,30 - 34 anos,M,Ouvir,2167,59,3,4,1109,Mafra,Grande Lisboa
Mafra,30 - 34 anos,M,Andar ou subir degraus,2149,70,15,7,1109,Mafra,Grande Lisboa
Mafra,30 - 34 anos,M,Memória ou concentração,1927,285,17,9,1109,Mafra,Grande Lisboa
Mafra,30 - 34 anos,M,Compreender os outros ou fazer-se compreender,2182,42,6,7,1109,Mafra,Grande Lisboa
Mafra,35 - 39 anos,H,Ver,2427,283,16,6,1109,Mafra,Grande Lisboa
Mafra,35 - 39 anos,H,Ouvir,2640,78,9,2,1109,Mafra,Grande Lisboa
Mafra,35 - 39 anos,H,Andar ou subir degraus,2642,74,9,9,1109,Mafra,Grande Lisboa
Mafra,35 - 39 anos,H,Memória ou concentração,2458,245,21,6,1109,Mafra,Grande Lisboa
Mafra,35 - 39 anos,H,Compreender os outros ou fazer-se compreender,2667,53,13,4,1109,Mafra,Grande Lisboa
Mafra,35 - 39 anos,M,Ver,2648,513,21,1,1109,Mafra,Grande Lisboa
Mafra,35 - 39 anos,M,Ouvir,3060,110,5,1,1109,Mafra,Grande Lisboa
Mafra,35 - 39 anos,M,Andar ou subir degraus,3043,124,9,9,1109,Mafra,Grande Lisboa
Mafra,35 - 39 anos,M,Memória ou concentração,2685,464,26,9,1109,Mafra,Grande Lisboa
Mafra,35 - 39 anos,M,Compreender os outros ou fazer-se compreender,3119,52,9,7,1109,Mafra,Grande Lisboa
Mafra,40 - 44 anos,H,Ver,3112,416,19,4,1109,Mafra,Grande Lisboa
Mafra,40 - 44 anos,H,Ouvir,3372,146,17,5,1109,Mafra,Grande Lisboa
Mafra,40 - 44 anos,H,Andar ou subir degraus,3395,128,19,7,1109,Mafra,Grande Lisboa
Mafra,40 - 44 anos,H,Memória ou concentração,3155,365,23,8,1109,Mafra,Grande Lisboa
Mafra,40 - 44 anos,H,Compreender os outros ou fazer-se compreender,3459,81,13,5,1109,Mafra,Grande Lisboa
Mafra,40 - 44 anos,M,Ver,3147,756,47,3,1109,Mafra,Grande Lisboa
Mafra,40 - 44 anos,M,Ouvir,3801,132,11,5,1109,Mafra,Grande Lisboa
Mafra,40 - 44 anos,M,Andar ou subir degraus,3715,202,22,12,1109,Mafra,Grande Lisboa
Mafra,40 - 44 anos,M,Memória ou concentração,3367,542,26,16,1109,Mafra,Grande Lisboa
Mafra,40 - 44 anos,M,Compreender os outros ou fazer-se compreender,3863,76,14,7,1109,Mafra,Grande Lisboa
Mafra,45 - 49 anos,H,Ver,2913,801,44,10,1109,Mafra,Grande Lisboa
Mafra,45 - 49 anos,H,Ouvir,3519,216,22,8,1109,Mafra,Grande Lisboa
Mafra,45 - 49 anos,H,Andar ou subir degraus,3548,199,30,6,1109,Mafra,Grande Lisboa
Mafra,45 - 49 anos,H,Memória ou concentração,3305,440,26,8,1109,Mafra,Grande Lisboa
Mafra,45 - 49 anos,H,Compreender os outros ou fazer-se compreender,3682,90,9,3,1109,Mafra,Grande Lisboa
Mafra,45 - 49 anos,M,Ver,2732,1199,68,11,1109,Mafra,Grande Lisboa
Mafra,45 - 49 anos,M,Ouvir,3735,223,23,8,1109,Mafra,Grande Lisboa
Mafra,45 - 49 anos,M,Andar ou subir degraus,3618,340,39,9,1109,Mafra,Grande Lisboa
Mafra,45 - 49 anos,M,Memória ou concentração,3301,631,54,16,1109,Mafra,Grande Lisboa
Mafra,45 - 49 anos,M,Compreender os outros ou fazer-se compreender,3885,102,12,9,1109,Mafra,Grande Lisboa
Mafra,50 - 54 anos,H,Ver,2173,960,47,4,1109,Mafra,Grande Lisboa
Mafra,50 - 54 anos,H,Ouvir,2874,262,29,6,1109,Mafra,Grande Lisboa
Mafra,50 - 54 anos,H,Andar ou subir degraus,2876,277,27,9,1109,Mafra,Grande Lisboa
Mafra,50 - 54 anos,H,Memória ou concentração,2675,483,32,3,1109,Mafra,Grande Lisboa
Mafra,50 - 54 anos,H,Compreender os outros ou fazer-se compreender,3069,102,17,1,1109,Mafra,Grande Lisboa
Mafra,50 - 54 anos,M,Ver,1923,1058,90,4,1109,Mafra,Grande Lisboa
Mafra,50 - 54 anos,M,Ouvir,2785,245,26,3,1109,Mafra,Grande Lisboa
Mafra,50 - 54 anos,M,Andar ou subir degraus,2600,384,72,8,1109,Mafra,Grande Lisboa
Mafra,50 - 54 anos,M,Memória ou concentração,2405,583,62,13,1109,Mafra,Grande Lisboa
Mafra,50 - 54 anos,M,Compreender os outros ou fazer-se compreender,2950,106,10,6,1109,Mafra,Grande Lisboa
Mafra,55 - 59 anos,H,Ver,1742,810,59,4,1109,Mafra,Grande Lisboa
Mafra,55 - 59 anos,H,Ouvir,2265,291,37,2,1109,Mafra,Grande Lisboa
Mafra,55 - 59 anos,H,Andar ou subir degraus,2207,327,57,12,1109,Mafra,Grande Lisboa
Mafra,55 - 59 anos,H,Memória ou concentração,2071,476,48,8,1109,Mafra,Grande Lisboa
Mafra,55 - 59 anos,H,Compreender os outros ou fazer-se compreender,2487,106,14,4,1109,Mafra,Grande Lisboa
Mafra,55 - 59 anos,M,Ver,1684,947,85,8,1109,Mafra,Grande Lisboa
Mafra,55 - 59 anos,M,Ouvir,2397,266,40,7,1109,Mafra,Grande Lisboa
Mafra,55 - 59 anos,M,Andar ou subir degraus,2104,511,92,16,1109,Mafra,Grande Lisboa
Mafra,55 - 59 anos,M,Memória ou concentração,2055,583,55,21,1109,Mafra,Grande Lisboa
Mafra,55 - 59 anos,M,Compreender os outros ou fazer-se compreender,2593,95,14,13,1109,Mafra,Grande Lisboa
Mafra,60 - 64 anos,H,Ver,1399,695,52,2,1109,Mafra,Grande Lisboa
Mafra,60 - 64 anos,H,Ouvir,1709,379,49,2,1109,Mafra,Grande Lisboa
Mafra,60 - 64 anos,H,Andar ou subir degraus,1666,400,74,11,1109,Mafra,Grande Lisboa
Mafra,60 - 64 anos,H,Memória ou concentração,1633,466,38,8,1109,Mafra,Grande Lisboa
Mafra,60 - 64 anos,H,Compreender os outros ou fazer-se compreender,2043,91,15,6,1109,Mafra,Grande Lisboa
Mafra,60 - 64 anos,M,Ver,1381,836,92,2,1109,Mafra,Grande Lisboa
Mafra,60 - 64 anos,M,Ouvir,1954,294,47,1,1109,Mafra,Grande Lisboa
Mafra,60 - 64 anos,M,Andar ou subir degraus,1590,575,144,6,1109,Mafra,Grande Lisboa
Mafra,60 - 64 anos,M,Memória ou concentração,1635,602,67,7,1109,Mafra,Grande Lisboa
Mafra,60 - 64 anos,M,Compreender os outros ou fazer-se compreender,2210,85,11,1,1109,Mafra,Grande Lisboa
Mafra,65 - 69 anos,H,Ver,1199,620,62,7,1109,Mafra,Grande Lisboa
Mafra,65 - 69 anos,H,Ouvir,1392,420,62,6,1109,Mafra,Grande Lisboa
Mafra,65 - 69 anos,H,Andar ou subir degraus,1349,408,113,19,1109,Mafra,Grande Lisboa
Mafra,65 - 69 anos,H,Memória ou concentração,1371,453,52,13,1109,Mafra,Grande Lisboa
Mafra,65 - 69 anos,H,Compreender os outros ou fazer-se compreender,1773,89,20,7,1109,Mafra,Grande Lisboa
Mafra,65 - 69 anos,M,Ver,1262,757,99,7,1109,Mafra,Grande Lisboa
Mafra,65 - 69 anos,M,Ouvir,1741,319,53,4,1109,Mafra,Grande Lisboa
Mafra,65 - 69 anos,M,Andar ou subir degraus,1321,611,174,25,1109,Mafra,Grande Lisboa
Mafra,65 - 69 anos,M,Memória ou concentração,1445,581,86,17,1109,Mafra,Grande Lisboa
Mafra,65 - 69 anos,M,Compreender os outros ou fazer-se compreender,1996,106,16,14,1109,Mafra,Grande Lisboa
Mafra,70 - 74 anos,H,Ver,1020,563,71,12,1109,Mafra,Grande Lisboa
Mafra,70 - 74 anos,H,Ouvir,1102,460,90,6,1109,Mafra,Grande Lisboa
Mafra,70 - 74 anos,H,Andar ou subir degraus,1068,473,108,20,1109,Mafra,Grande Lisboa
Mafra,70 - 74 anos,H,Memória ou concentração,1087,523,52,5,1109,Mafra,Grande Lisboa
Mafra,70 - 74 anos,H,Compreender os outros ou fazer-se compreender,1546,99,21,8,1109,Mafra,Grande Lisboa
Mafra,70 - 74 anos,M,Ver,1052,807,129,10,1109,Mafra,Grande Lisboa
Mafra,70 - 74 anos,M,Ouvir,1502,411,68,5,1109,Mafra,Grande Lisboa
Mafra,70 - 74 anos,M,Andar ou subir degraus,1017,731,230,24,1109,Mafra,Grande Lisboa
Mafra,70 - 74 anos,M,Memória ou concentração,1163,718,90,23,1109,Mafra,Grande Lisboa
Mafra,70 - 74 anos,M,Compreender os outros ou fazer-se compreender,1837,136,18,10,1109,Mafra,Grande Lisboa
Mafra,75 ou mais anos,H,Ver,1385,1245,285,17,1109,Mafra,Grande Lisboa
Mafra,75 ou mais anos,H,Ouvir,1348,1152,417,14,1109,Mafra,Grande Lisboa
Mafra,75 ou mais anos,H,Andar ou subir degraus,1185,1149,495,113,1109,Mafra,Grande Lisboa
Mafra,75 ou mais anos,H,Memória ou concentração,1408,1155,269,97,1109,Mafra,Grande Lisboa
Mafra,75 ou mais anos,H,Compreender os outros ou fazer-se compreender,2361,412,109,47,1109,Mafra,Grande Lisboa
Mafra,75 ou mais anos,M,Ver,1457,2027,602,24,1109,Mafra,Grande Lisboa
Mafra,75 ou mais anos,M,Ouvir,1973,1449,648,22,1109,Mafra,Grande Lisboa
Mafra,75 ou mais anos,M,Andar ou subir degraus,950,1641,1181,336,1109,Mafra,Grande Lisboa
Mafra,75 ou mais anos,M,Memória ou concentração,1539,1724,587,245,1109,Mafra,Grande Lisboa
Mafra,75 ou mais anos,M,Compreender os outros ou fazer-se compreender,3063,695,218,117,1109,Mafra,Grande Lisboa
Odivelas,Total,H,Ver,42195,12812,1307,157,1116,Odivelas,Grande Lisboa
Odivelas,Total,H,Ouvir,48682,6201,1214,118,1116,Odivelas,Grande Lisboa
Odivelas,Total,H,Andar ou subir degraus,47780,6533,1888,349,1116,Odivelas,Grande Lisboa
Odivelas,Total,H,Memória ou concentração,46095,8965,1053,282,1116,Odivelas,Grande Lisboa
Odivelas,Total,H,Compreender os outros ou fazer-se compreender,53442,2401,441,171,1116,Odivelas,Grande Lisboa
Odivelas,Total,M,Ver,42524,19914,2625,174,1116,Odivelas,Grande Lisboa
Odivelas,Total,M,Ouvir,55469,7509,1727,154,1116,Odivelas,Grande Lisboa
Odivelas,Total,M,Andar ou subir degraus,48839,11598,4219,628,1116,Odivelas,Grande Lisboa
Odivelas,Total,M,Memória ou concentração,48553,14025,1935,552,1116,Odivelas,Grande Lisboa
Odivelas,Total,M,Compreender os outros ou fazer-se compreender,61080,3144,619,280,1116,Odivelas,Grande Lisboa
Odivelas,15 - 19 anos,H,Ver,3238,286,23,5,1116,Odivelas,Grande Lisboa
Odivelas,15 - 19 anos,H,Ouvir,3486,49,6,1,1116,Odivelas,Grande Lisboa
Odivelas,15 - 19 anos,H,Andar ou subir degraus,3493,36,5,7,1116,Odivelas,Grande Lisboa
Odivelas,15 - 19 anos,H,Memória ou concentração,3272,220,36,9,1116,Odivelas,Grande Lisboa
Odivelas,15 - 19 anos,H,Compreender os outros ou fazer-se compreender,3434,97,10,9,1116,Odivelas,Grande Lisboa
Odivelas,15 - 19 anos,M,Ver,2961,513,44,1,1116,Odivelas,Grande Lisboa
Odivelas,15 - 19 anos,M,Ouvir,3447,54,8,2,1116,Odivelas,Grande Lisboa
Odivelas,15 - 19 anos,M,Andar ou subir degraus,3455,57,11,7,1116,Odivelas,Grande Lisboa
Odivelas,15 - 19 anos,M,Memória ou concentração,3218,263,24,10,1116,Odivelas,Grande Lisboa
Odivelas,15 - 19 anos,M,Compreender os outros ou fazer-se compreender,3438,65,10,7,1116,Odivelas,Grande Lisboa
Odivelas,20 - 24 anos,H,Ver,3603,365,31,2,1116,Odivelas,Grande Lisboa
Odivelas,20 - 24 anos,H,Ouvir,3928,56,6,5,1116,Odivelas,Grande Lisboa
Odivelas,20 - 24 anos,H,Andar ou subir degraus,3960,30,7,7,1116,Odivelas,Grande Lisboa
Odivelas,20 - 24 anos,H,Memória ou concentração,3744,226,26,9,1116,Odivelas,Grande Lisboa
Odivelas,20 - 24 anos,H,Compreender os outros ou fazer-se compreender,3880,105,8,13,1116,Odivelas,Grande Lisboa
Odivelas,20 - 24 anos,M,Ver,3107,641,42,2,1116,Odivelas,Grande Lisboa
Odivelas,20 - 24 anos,M,Ouvir,3694,75,5,3,1116,Odivelas,Grande Lisboa
Odivelas,20 - 24 anos,M,Andar ou subir degraus,3684,91,9,3,1116,Odivelas,Grande Lisboa
Odivelas,20 - 24 anos,M,Memória ou concentração,3378,381,27,2,1116,Odivelas,Grande Lisboa
Odivelas,20 - 24 anos,M,Compreender os outros ou fazer-se compreender,3704,72,8,6,1116,Odivelas,Grande Lisboa
Odivelas,25 - 29 anos,H,Ver,3739,393,33,5,1116,Odivelas,Grande Lisboa
Odivelas,25 - 29 anos,H,Ouvir,4078,64,9,4,1116,Odivelas,Grande Lisboa
Odivelas,25 - 29 anos,H,Andar ou subir degraus,4105,50,9,11,1116,Odivelas,Grande Lisboa
Odivelas,25 - 29 anos,H,Memória ou concentração,3846,301,17,6,1116,Odivelas,Grande Lisboa
Odivelas,25 - 29 anos,H,Compreender os outros ou fazer-se compreender,4030,121,15,9,1116,Odivelas,Grande Lisboa
Odivelas,25 - 29 anos,M,Ver,3529,682,49,6,1116,Odivelas,Grande Lisboa
Odivelas,25 - 29 anos,M,Ouvir,4146,90,13,4,1116,Odivelas,Grande Lisboa
Odivelas,25 - 29 anos,M,Andar ou subir degraus,4134,115,5,5,1116,Odivelas,Grande Lisboa
Odivelas,25 - 29 anos,M,Memória ou concentração,3766,452,27,10,1116,Odivelas,Grande Lisboa
Odivelas,25 - 29 anos,M,Compreender os outros ou fazer-se compreender,4140,97,16,6,1116,Odivelas,Grande Lisboa
Odivelas,30 - 34 anos,H,Ver,3936,453,21,8,1116,Odivelas,Grande Lisboa
Odivelas,30 - 34 anos,H,Ouvir,4299,92,5,9,1116,Odivelas,Grande Lisboa
Odivelas,30 - 34 anos,H,Andar ou subir degraus,4306,86,16,10,1116,Odivelas,Grande Lisboa
Odivelas,30 - 34 anos,H,Memória ou concentração,3993,388,21,12,1116,Odivelas,Grande Lisboa
Odivelas,30 - 34 anos,H,Compreender os outros ou fazer-se compreender,4275,106,24,10,1116,Odivelas,Grande Lisboa
Odivelas,30 - 34 anos,M,Ver,3977,834,54,7,1116,Odivelas,Grande Lisboa
Odivelas,30 - 34 anos,M,Ouvir,4702,131,15,10,1116,Odivelas,Grande Lisboa
Odivelas,30 - 34 anos,M,Andar ou subir degraus,4706,140,19,5,1116,Odivelas,Grande Lisboa
Odivelas,30 - 34 anos,M,Memória ou concentração,4205,627,23,12,1116,Odivelas,Grande Lisboa
Odivelas,30 - 34 anos,M,Compreender os outros ou fazer-se compreender,4724,119,15,6,1116,Odivelas,Grande Lisboa
Odivelas,35 - 39 anos,H,Ver,4507,526,28,9,1116,Odivelas,Grande Lisboa
Odivelas,35 - 39 anos,H,Ouvir,4892,154,12,9,1116,Odivelas,Grande Lisboa
Odivelas,35 - 39 anos,H,Andar ou subir degraus,4914,129,24,10,1116,Odivelas,Grande Lisboa
Odivelas,35 - 39 anos,H,Memória ou concentração,4596,451,25,11,1116,Odivelas,Grande Lisboa
Odivelas,35 - 39 anos,H,Compreender os outros ou fazer-se compreender,4908,129,32,11,1116,Odivelas,Grande Lisboa
Odivelas,35 - 39 anos,M,Ver,4488,848,31,6,1116,Odivelas,Grande Lisboa
Odivelas,35 - 39 anos,M,Ouvir,5158,183,8,10,1116,Odivelas,Grande Lisboa
Odivelas,35 - 39 anos,M,Andar ou subir degraus,5104,237,29,7,1116,Odivelas,Grande Lisboa
Odivelas,35 - 39 anos,M,Memória ou concentração,4616,700,39,11,1116,Odivelas,Grande Lisboa
Odivelas,35 - 39 anos,M,Compreender os outros ou fazer-se compreender,5228,121,14,9,1116,Odivelas,Grande Lisboa
Odivelas,40 - 44 anos,H,Ver,4807,779,39,11,1116,Odivelas,Grande Lisboa
Odivelas,40 - 44 anos,H,Ouvir,5365,228,24,9,1116,Odivelas,Grande Lisboa
Odivelas,40 - 44 anos,H,Andar ou subir degraus,5381,217,34,11,1116,Odivelas,Grande Lisboa
Odivelas,40 - 44 anos,H,Memória ou concentração,5068,529,35,7,1116,Odivelas,Grande Lisboa
Odivelas,40 - 44 anos,H,Compreender os outros ou fazer-se compreender,5482,129,26,4,1116,Odivelas,Grande Lisboa
Odivelas,40 - 44 anos,M,Ver,4840,1242,65,11,1116,Odivelas,Grande Lisboa
Odivelas,40 - 44 anos,M,Ouvir,5832,276,15,11,1116,Odivelas,Grande Lisboa
Odivelas,40 - 44 anos,M,Andar ou subir degraus,5675,423,49,16,1116,Odivelas,Grande Lisboa
Odivelas,40 - 44 anos,M,Memória ou concentração,5237,848,58,15,1116,Odivelas,Grande Lisboa
Odivelas,40 - 44 anos,M,Compreender os outros ou fazer-se compreender,6013,132,14,11,1116,Odivelas,Grande Lisboa
Odivelas,45 - 49 anos,H,Ver,3917,1274,62,15,1116,Odivelas,Grande Lisboa
Odivelas,45 - 49 anos,H,Ouvir,4892,308,30,12,1116,Odivelas,Grande Lisboa
Odivelas,45 - 49 anos,H,Andar ou subir degraus,4882,331,46,13,1116,Odivelas,Grande Lisboa
Odivelas,45 - 49 anos,H,Memória ou concentração,4608,597,51,11,1116,Odivelas,Grande Lisboa
Odivelas,45 - 49 anos,H,Compreender os outros ou fazer-se compreender,5100,139,23,5,1116,Odivelas,Grande Lisboa
Odivelas,45 - 49 anos,M,Ver,3753,1963,126,11,1116,Odivelas,Grande Lisboa
Odivelas,45 - 49 anos,M,Ouvir,5410,364,33,14,1116,Odivelas,Grande Lisboa
Odivelas,45 - 49 anos,M,Andar ou subir degraus,5135,623,75,17,1116,Odivelas,Grande Lisboa
Odivelas,45 - 49 anos,M,Memória ou concentração,4766,1008,59,8,1116,Odivelas,Grande Lisboa
Odivelas,45 - 49 anos,M,Compreender os outros ou fazer-se compreender,5642,178,16,6,1116,Odivelas,Grande Lisboa
Odivelas,50 - 54 anos,H,Ver,2814,1354,87,13,1116,Odivelas,Grande Lisboa
Odivelas,50 - 54 anos,H,Ouvir,3807,382,42,13,1116,Odivelas,Grande Lisboa
Odivelas,50 - 54 anos,H,Andar ou subir degraus,3758,413,79,18,1116,Odivelas,Grande Lisboa
Odivelas,50 - 54 anos,H,Memória ou concentração,3607,585,45,13,1116,Odivelas,Grande Lisboa
Odivelas,50 - 54 anos,H,Compreender os outros ou fazer-se compreender,4106,131,24,12,1116,Odivelas,Grande Lisboa
Odivelas,50 - 54 anos,M,Ver,2943,1820,149,16,1116,Odivelas,Grande Lisboa
Odivelas,50 - 54 anos,M,Ouvir,4444,397,44,10,1116,Odivelas,Grande Lisboa
Odivelas,50 - 54 anos,M,Andar ou subir degraus,3964,813,132,16,1116,Odivelas,Grande Lisboa
Odivelas,50 - 54 anos,M,Memória ou concentração,3881,935,84,14,1116,Odivelas,Grande Lisboa
Odivelas,50 - 54 anos,M,Compreender os outros ou fazer-se compreender,4735,163,20,6,1116,Odivelas,Grande Lisboa
Odivelas,55 - 59 anos,H,Ver,2463,1297,93,12,1116,Odivelas,Grande Lisboa
Odivelas,55 - 59 anos,H,Ouvir,3306,475,50,8,1116,Odivelas,Grande Lisboa
Odivelas,55 - 59 anos,H,Andar ou subir degraus,3211,512,120,18,1116,Odivelas,Grande Lisboa
Odivelas,55 - 59 anos,H,Memória ou concentração,3110,660,64,12,1116,Odivelas,Grande Lisboa
Odivelas,55 - 59 anos,H,Compreender os outros ou fazer-se compreender,3666,154,25,9,1116,Odivelas,Grande Lisboa
Odivelas,55 - 59 anos,M,Ver,2741,1775,159,19,1116,Odivelas,Grande Lisboa
Odivelas,55 - 59 anos,M,Ouvir,4055,530,53,13,1116,Odivelas,Grande Lisboa
Odivelas,55 - 59 anos,M,Andar ou subir degraus,3428,1042,217,13,1116,Odivelas,Grande Lisboa
Odivelas,55 - 59 anos,M,Memória ou concentração,3511,1069,90,12,1116,Odivelas,Grande Lisboa
Odivelas,55 - 59 anos,M,Compreender os outros ou fazer-se compreender,4476,176,26,8,1116,Odivelas,Grande Lisboa
Odivelas,60 - 64 anos,H,Ver,2265,1235,137,13,1116,Odivelas,Grande Lisboa
Odivelas,60 - 64 anos,H,Ouvir,2944,577,94,11,1116,Odivelas,Grande Lisboa
Odivelas,60 - 64 anos,H,Andar ou subir degraus,2746,716,177,24,1116,Odivelas,Grande Lisboa
Odivelas,60 - 64 anos,H,Memória ou concentração,2776,773,71,22,1116,Odivelas,Grande Lisboa
Odivelas,60 - 64 anos,H,Compreender os outros ou fazer-se compreender,3427,167,32,11,1116,Odivelas,Grande Lisboa
Odivelas,60 - 64 anos,M,Ver,2550,1780,205,10,1116,Odivelas,Grande Lisboa
Odivelas,60 - 64 anos,M,Ouvir,3765,657,84,6,1116,Odivelas,Grande Lisboa
Odivelas,60 - 64 anos,M,Andar ou subir degraus,2914,1288,329,18,1116,Odivelas,Grande Lisboa
Odivelas,60 - 64 anos,M,Memória ou concentração,3148,1242,131,12,1116,Odivelas,Grande Lisboa
Odivelas,60 - 64 anos,M,Compreender os outros ou fazer-se compreender,4330,169,30,5,1116,Odivelas,Grande Lisboa
Odivelas,65 - 69 anos,H,Ver,2187,1195,123,8,1116,Odivelas,Grande Lisboa
Odivelas,65 - 69 anos,H,Ouvir,2628,728,129,8,1116,Odivelas,Grande Lisboa
Odivelas,65 - 69 anos,H,Andar ou subir degraus,2451,858,189,24,1116,Odivelas,Grande Lisboa
Odivelas,65 - 69 anos,H,Memória ou concentração,2537,875,76,19,1116,Odivelas,Grande Lisboa
Odivelas,65 - 69 anos,H,Compreender os outros ou fazer-se compreender,3297,179,29,11,1116,Odivelas,Grande Lisboa
Odivelas,65 - 69 anos,M,Ver,2529,1753,236,10,1116,Odivelas,Grande Lisboa
Odivelas,65 - 69 anos,M,Ouvir,3588,765,125,12,1116,Odivelas,Grande Lisboa
Odivelas,65 - 69 anos,M,Andar ou subir degraus,2632,1507,373,20,1116,Odivelas,Grande Lisboa
Odivelas,65 - 69 anos,M,Memória ou concentração,3005,1351,131,23,1116,Odivelas,Grande Lisboa
Odivelas,65 - 69 anos,M,Compreender os outros ou fazer-se compreender,4221,245,31,17,1116,Odivelas,Grande Lisboa
Odivelas,70 - 74 anos,H,Ver,2088,1235,143,13,1116,Odivelas,Grande Lisboa
Odivelas,70 - 74 anos,H,Ouvir,2304,961,172,7,1116,Odivelas,Grande Lisboa
Odivelas,70 - 74 anos,H,Andar ou subir degraus,2177,1022,255,40,1116,Odivelas,Grande Lisboa
Odivelas,70 - 74 anos,H,Memória ou concentração,2234,1101,116,23,1116,Odivelas,Grande Lisboa
Odivelas,70 - 74 anos,H,Compreender os outros ou fazer-se compreender,3201,205,43,21,1116,Odivelas,Grande Lisboa
Odivelas,70 - 74 anos,M,Ver,2253,1896,298,11,1116,Odivelas,Grande Lisboa
Odivelas,70 - 74 anos,M,Ouvir,3192,1023,187,12,1116,Odivelas,Grande Lisboa
Odivelas,70 - 74 anos,M,Andar ou subir degraus,2157,1727,545,44,1116,Odivelas,Grande Lisboa
Odivelas,70 - 74 anos,M,Memória ou concentração,2659,1533,197,44,1116,Odivelas,Grande Lisboa
Odivelas,70 - 74 anos,M,Compreender os outros ou fazer-se compreender,4087,285,40,19,1116,Odivelas,Grande Lisboa
Odivelas,75 ou mais anos,H,Ver,2631,2420,487,43,1116,Odivelas,Grande Lisboa
Odivelas,75 ou mais anos,H,Ouvir,2753,2127,635,22,1116,Odivelas,Grande Lisboa
Odivelas,75 ou mais anos,H,Andar ou subir degraus,2396,2133,927,156,1116,Odivelas,Grande Lisboa
Odivelas,75 ou mais anos,H,Memória ou concentração,2704,2259,470,128,1116,Odivelas,Grande Lisboa
Odivelas,75 ou mais anos,H,Compreender os outros ou fazer-se compreender,4636,739,150,46,1116,Odivelas,Grande Lisboa
Odivelas,75 ou mais anos,M,Ver,2853,4167,1167,64,1116,Odivelas,Grande Lisboa
Odivelas,75 ou mais anos,M,Ouvir,4036,2964,1137,47,1116,Odivelas,Grande Lisboa
Odivelas,75 ou mais anos,M,Andar ou subir degraus,1851,3535,2426,457,1116,Odivelas,Grande Lisboa
Odivelas,75 ou mais anos,M,Memória ou concentração,3163,3616,1045,379,1116,Odivelas,Grande Lisboa
Odivelas,75 ou mais anos,M,Compreender os outros ou fazer-se compreender,6342,1322,379,174,1116,Odivelas,Grande Lisboa
Oeiras,Total,H,Ver,50608,12751,1215,148,1110,Oeiras,Grande Lisboa
Oeiras,Total,H,Ouvir,56426,6743,1217,168,1110,Oeiras,Grande Lisboa
Oeiras,Total,H,Andar ou subir degraus,55797,6696,1884,418,1110,Oeiras,Grande Lisboa
Oeiras,Total,H,Memória ou concentração,53291,9969,1128,344,1110,Oeiras,Grande Lisboa
Oeiras,Total,H,Compreender os outros ou fazer-se compreender,61932,2210,470,190,1110,Oeiras,Grande Lisboa
Oeiras,Total,M,Ver,54291,20387,2757,200,1110,Oeiras,Grande Lisboa
Oeiras,Total,M,Ouvir,67002,8293,1874,199,1110,Oeiras,Grande Lisboa
Oeiras,Total,M,Andar ou subir degraus,60158,12243,4500,792,1110,Oeiras,Grande Lisboa
Oeiras,Total,M,Memória ou concentração,59184,15596,2040,745,1110,Oeiras,Grande Lisboa
Oeiras,Total,M,Compreender os outros ou fazer-se compreender,73731,2971,658,337,1110,Oeiras,Grande Lisboa
Oeiras,15 - 19 anos,H,Ver,4254,306,20,4,1110,Oeiras,Grande Lisboa
Oeiras,15 - 19 anos,H,Ouvir,4529,40,4,6,1110,Oeiras,Grande Lisboa
Oeiras,15 - 19 anos,H,Andar ou subir degraus,4543,20,8,8,1110,Oeiras,Grande Lisboa
Oeiras,15 - 19 anos,H,Memória ou concentração,4291,247,33,8,1110,Oeiras,Grande Lisboa
Oeiras,15 - 19 anos,H,Compreender os outros ou fazer-se compreender,4479,81,15,5,1110,Oeiras,Grande Lisboa
Oeiras,15 - 19 anos,M,Ver,3876,431,31,0,1110,Oeiras,Grande Lisboa
Oeiras,15 - 19 anos,M,Ouvir,4280,47,2,1,1110,Oeiras,Grande Lisboa
Oeiras,15 - 19 anos,M,Andar ou subir degraus,4300,42,3,2,1110,Oeiras,Grande Lisboa
Oeiras,15 - 19 anos,M,Memória ou concentração,4071,240,27,6,1110,Oeiras,Grande Lisboa
Oeiras,15 - 19 anos,M,Compreender os outros ou fazer-se compreender,4290,47,7,4,1110,Oeiras,Grande Lisboa
Oeiras,20 - 24 anos,H,Ver,3922,319,29,3,1110,Oeiras,Grande Lisboa
Oeiras,20 - 24 anos,H,Ouvir,4212,44,2,3,1110,Oeiras,Grande Lisboa
Oeiras,20 - 24 anos,H,Andar ou subir degraus,4232,35,8,3,1110,Oeiras,Grande Lisboa
Oeiras,20 - 24 anos,H,Memória ou concentração,4013,231,24,5,1110,Oeiras,Grande Lisboa
Oeiras,20 - 24 anos,H,Compreender os outros ou fazer-se compreender,4182,73,12,6,1110,Oeiras,Grande Lisboa
Oeiras,20 - 24 anos,M,Ver,3530,504,33,4,1110,Oeiras,Grande Lisboa
Oeiras,20 - 24 anos,M,Ouvir,3989,65,3,3,1110,Oeiras,Grande Lisboa
Oeiras,20 - 24 anos,M,Andar ou subir degraus,3991,70,13,4,1110,Oeiras,Grande Lisboa
Oeiras,20 - 24 anos,M,Memória ou concentração,3744,301,24,6,1110,Oeiras,Grande Lisboa
Oeiras,20 - 24 anos,M,Compreender os outros ou fazer-se compreender,4007,60,5,3,1110,Oeiras,Grande Lisboa
Oeiras,25 - 29 anos,H,Ver,3827,367,21,8,1110,Oeiras,Grande Lisboa
Oeiras,25 - 29 anos,H,Ouvir,4125,71,8,8,1110,Oeiras,Grande Lisboa
Oeiras,25 - 29 anos,H,Andar ou subir degraus,4146,58,15,10,1110,Oeiras,Grande Lisboa
Oeiras,25 - 29 anos,H,Memória ou concentração,3836,333,36,13,1110,Oeiras,Grande Lisboa
Oeiras,25 - 29 anos,H,Compreender os outros ou fazer-se compreender,4083,103,20,15,1110,Oeiras,Grande Lisboa
Oeiras,25 - 29 anos,M,Ver,3580,617,40,3,1110,Oeiras,Grande Lisboa
Oeiras,25 - 29 anos,M,Ouvir,4125,94,1,6,1110,Oeiras,Grande Lisboa
Oeiras,25 - 29 anos,M,Andar ou subir degraus,4138,94,7,5,1110,Oeiras,Grande Lisboa
Oeiras,25 - 29 anos,M,Memória ou concentração,3782,409,36,7,1110,Oeiras,Grande Lisboa
Oeiras,25 - 29 anos,M,Compreender os outros ou fazer-se compreender,4131,83,9,6,1110,Oeiras,Grande Lisboa
Oeiras,30 - 34 anos,H,Ver,3957,419,26,3,1110,Oeiras,Grande Lisboa
Oeiras,30 - 34 anos,H,Ouvir,4275,99,10,10,1110,Oeiras,Grande Lisboa
Oeiras,30 - 34 anos,H,Andar ou subir degraus,4314,69,13,9,1110,Oeiras,Grande Lisboa
Oeiras,30 - 34 anos,H,Memória ou concentração,4008,365,22,13,1110,Oeiras,Grande Lisboa
Oeiras,30 - 34 anos,H,Compreender os outros ou fazer-se compreender,4270,103,16,14,1110,Oeiras,Grande Lisboa
Oeiras,30 - 34 anos,M,Ver,3869,672,32,8,1110,Oeiras,Grande Lisboa
Oeiras,30 - 34 anos,M,Ouvir,4438,117,6,12,1110,Oeiras,Grande Lisboa
Oeiras,30 - 34 anos,M,Andar ou subir degraus,4458,107,11,8,1110,Oeiras,Grande Lisboa
Oeiras,30 - 34 anos,M,Memória ou concentração,4050,487,28,11,1110,Oeiras,Grande Lisboa
Oeiras,30 - 34 anos,M,Compreender os outros ou fazer-se compreender,4476,94,16,3,1110,Oeiras,Grande Lisboa
Oeiras,35 - 39 anos,H,Ver,4357,457,19,12,1110,Oeiras,Grande Lisboa
Oeiras,35 - 39 anos,H,Ouvir,4665,146,9,13,1110,Oeiras,Grande Lisboa
Oeiras,35 - 39 anos,H,Andar ou subir degraus,4691,114,19,12,1110,Oeiras,Grande Lisboa
Oeiras,35 - 39 anos,H,Memória ou concentração,4367,431,30,10,1110,Oeiras,Grande Lisboa
Oeiras,35 - 39 anos,H,Compreender os outros ou fazer-se compreender,4689,114,26,7,1110,Oeiras,Grande Lisboa
Oeiras,35 - 39 anos,M,Ver,4592,731,55,3,1110,Oeiras,Grande Lisboa
Oeiras,35 - 39 anos,M,Ouvir,5184,163,14,3,1110,Oeiras,Grande Lisboa
Oeiras,35 - 39 anos,M,Andar ou subir degraus,5186,162,26,3,1110,Oeiras,Grande Lisboa
Oeiras,35 - 39 anos,M,Memória ou concentração,4700,634,36,10,1110,Oeiras,Grande Lisboa
Oeiras,35 - 39 anos,M,Compreender os outros ou fazer-se compreender,5255,103,17,4,1110,Oeiras,Grande Lisboa
Oeiras,40 - 44 anos,H,Ver,5139,736,36,12,1110,Oeiras,Grande Lisboa
Oeiras,40 - 44 anos,H,Ouvir,5675,199,19,20,1110,Oeiras,Grande Lisboa
Oeiras,40 - 44 anos,H,Andar ou subir degraus,5678,200,28,21,1110,Oeiras,Grande Lisboa
Oeiras,40 - 44 anos,H,Memória ou concentração,5330,534,38,18,1110,Oeiras,Grande Lisboa
Oeiras,40 - 44 anos,H,Compreender os outros ou fazer-se compreender,5801,90,18,11,1110,Oeiras,Grande Lisboa
Oeiras,40 - 44 anos,M,Ver,5534,1170,68,13,1110,Oeiras,Grande Lisboa
Oeiras,40 - 44 anos,M,Ouvir,6491,235,17,21,1110,Oeiras,Grande Lisboa
Oeiras,40 - 44 anos,M,Andar ou subir degraus,6446,294,35,11,1110,Oeiras,Grande Lisboa
Oeiras,40 - 44 anos,M,Memória ou concentração,5792,924,43,10,1110,Oeiras,Grande Lisboa
Oeiras,40 - 44 anos,M,Compreender os outros ou fazer-se compreender,6646,125,11,4,1110,Oeiras,Grande Lisboa
Oeiras,45 - 49 anos,H,Ver,4930,1406,46,9,1110,Oeiras,Grande Lisboa
Oeiras,45 - 49 anos,H,Ouvir,6006,340,23,10,1110,Oeiras,Grande Lisboa
Oeiras,45 - 49 anos,H,Andar ou subir degraus,6044,286,45,18,1110,Oeiras,Grande Lisboa
Oeiras,45 - 49 anos,H,Memória ou concentração,5640,694,43,15,1110,Oeiras,Grande Lisboa
Oeiras,45 - 49 anos,H,Compreender os outros ou fazer-se compreender,6250,122,23,7,1110,Oeiras,Grande Lisboa
Oeiras,45 - 49 anos,M,Ver,5329,2048,110,14,1110,Oeiras,Grande Lisboa
Oeiras,45 - 49 anos,M,Ouvir,7088,336,26,21,1110,Oeiras,Grande Lisboa
Oeiras,45 - 49 anos,M,Andar ou subir degraus,6921,506,60,14,1110,Oeiras,Grande Lisboa
Oeiras,45 - 49 anos,M,Memória ou concentração,6279,1119,66,18,1110,Oeiras,Grande Lisboa
Oeiras,45 - 49 anos,M,Compreender os outros ou fazer-se compreender,7353,118,20,11,1110,Oeiras,Grande Lisboa
Oeiras,50 - 54 anos,H,Ver,3746,1324,67,13,1110,Oeiras,Grande Lisboa
Oeiras,50 - 54 anos,H,Ouvir,4742,351,30,17,1110,Oeiras,Grande Lisboa
Oeiras,50 - 54 anos,H,Andar ou subir degraus,4729,335,60,19,1110,Oeiras,Grande Lisboa
Oeiras,50 - 54 anos,H,Memória ou concentração,4394,689,45,20,1110,Oeiras,Grande Lisboa
Oeiras,50 - 54 anos,H,Compreender os outros ou fazer-se compreender,4992,125,26,8,1110,Oeiras,Grande Lisboa
Oeiras,50 - 54 anos,M,Ver,4129,1913,148,16,1110,Oeiras,Grande Lisboa
Oeiras,50 - 54 anos,M,Ouvir,5736,401,23,17,1110,Oeiras,Grande Lisboa
Oeiras,50 - 54 anos,M,Andar ou subir degraus,5417,651,115,16,1110,Oeiras,Grande Lisboa
Oeiras,50 - 54 anos,M,Memória ou concentração,4974,1118,77,21,1110,Oeiras,Grande Lisboa
Oeiras,50 - 54 anos,M,Compreender os outros ou fazer-se compreender,6029,145,15,9,1110,Oeiras,Grande Lisboa
Oeiras,55 - 59 anos,H,Ver,3214,1215,65,9,1110,Oeiras,Grande Lisboa
Oeiras,55 - 59 anos,H,Ouvir,4006,431,28,13,1110,Oeiras,Grande Lisboa
Oeiras,55 - 59 anos,H,Andar ou subir degraus,3948,450,95,20,1110,Oeiras,Grande Lisboa
Oeiras,55 - 59 anos,H,Memória ou concentração,3795,648,55,10,1110,Oeiras,Grande Lisboa
Oeiras,55 - 59 anos,H,Compreender os outros ou fazer-se compreender,4353,131,17,14,1110,Oeiras,Grande Lisboa
Oeiras,55 - 59 anos,M,Ver,3779,1781,166,8,1110,Oeiras,Grande Lisboa
Oeiras,55 - 59 anos,M,Ouvir,5180,476,46,12,1110,Oeiras,Grande Lisboa
Oeiras,55 - 59 anos,M,Andar ou subir degraus,4585,950,196,18,1110,Oeiras,Grande Lisboa
Oeiras,55 - 59 anos,M,Memória ou concentração,4460,1169,85,20,1110,Oeiras,Grande Lisboa
Oeiras,55 - 59 anos,M,Compreender os outros ou fazer-se compreender,5585,142,18,10,1110,Oeiras,Grande Lisboa
Oeiras,60 - 64 anos,H,Ver,3051,1064,88,10,1110,Oeiras,Grande Lisboa
Oeiras,60 - 64 anos,H,Ouvir,3605,525,57,7,1110,Oeiras,Grande Lisboa
Oeiras,60 - 64 anos,H,Andar ou subir degraus,3439,642,122,27,1110,Oeiras,Grande Lisboa
Oeiras,60 - 64 anos,H,Memória ou concentração,3403,754,53,16,1110,Oeiras,Grande Lisboa
Oeiras,60 - 64 anos,H,Compreender os outros ou fazer-se compreender,4078,119,23,10,1110,Oeiras,Grande Lisboa
Oeiras,60 - 64 anos,M,Ver,3597,1589,178,11,1110,Oeiras,Grande Lisboa
Oeiras,60 - 64 anos,M,Ouvir,4714,565,56,9,1110,Oeiras,Grande Lisboa
Oeiras,60 - 64 anos,M,Andar ou subir degraus,3946,1149,253,23,1110,Oeiras,Grande Lisboa
Oeiras,60 - 64 anos,M,Memória ou concentração,4095,1169,93,15,1110,Oeiras,Grande Lisboa
Oeiras,60 - 64 anos,M,Compreender os outros ou fazer-se compreender,5209,142,24,6,1110,Oeiras,Grande Lisboa
Oeiras,65 - 69 anos,H,Ver,2857,1087,89,11,1110,Oeiras,Grande Lisboa
Oeiras,65 - 69 anos,H,Ouvir,3212,737,82,7,1110,Oeiras,Grande Lisboa
Oeiras,65 - 69 anos,H,Andar ou subir degraus,3121,743,170,28,1110,Oeiras,Grande Lisboa
Oeiras,65 - 69 anos,H,Memória ou concentração,3076,887,74,15,1110,Oeiras,Grande Lisboa
Oeiras,65 - 69 anos,H,Compreender os outros ou fazer-se compreender,3880,144,36,6,1110,Oeiras,Grande Lisboa
Oeiras,65 - 69 anos,M,Ver,3705,1810,207,12,1110,Oeiras,Grande Lisboa
Oeiras,65 - 69 anos,M,Ouvir,4797,827,89,6,1110,Oeiras,Grande Lisboa
Oeiras,65 - 69 anos,M,Andar ou subir degraus,3848,1501,362,28,1110,Oeiras,Grande Lisboa
Oeiras,65 - 69 anos,M,Memória ou concentração,4108,1472,121,21,1110,Oeiras,Grande Lisboa
Oeiras,65 - 69 anos,M,Compreender os outros ou fazer-se compreender,5517,182,29,9,1110,Oeiras,Grande Lisboa
Oeiras,70 - 74 anos,H,Ver,3058,1278,130,11,1110,Oeiras,Grande Lisboa
Oeiras,70 - 74 anos,H,Ouvir,3232,1070,149,16,1110,Oeiras,Grande Lisboa
Oeiras,70 - 74 anos,H,Andar ou subir degraus,3176,1036,236,38,1110,Oeiras,Grande Lisboa
Oeiras,70 - 74 anos,H,Memória ou concentração,3147,1206,105,24,1110,Oeiras,Grande Lisboa
Oeiras,70 - 74 anos,H,Compreender os outros ou fazer-se compreender,4253,197,34,12,1110,Oeiras,Grande Lisboa
Oeiras,70 - 74 anos,M,Ver,3758,2003,232,14,1110,Oeiras,Grande Lisboa
Oeiras,70 - 74 anos,M,Ouvir,4742,1081,147,15,1110,Oeiras,Grande Lisboa
Oeiras,70 - 74 anos,M,Andar ou subir degraus,3503,1964,513,49,1110,Oeiras,Grande Lisboa
Oeiras,70 - 74 anos,M,Memória ou concentração,4001,1783,174,55,1110,Oeiras,Grande Lisboa
Oeiras,70 - 74 anos,M,Compreender os outros ou fazer-se compreender,5710,262,35,23,1110,Oeiras,Grande Lisboa
Oeiras,75 ou mais anos,H,Ver,4296,2773,579,43,1110,Oeiras,Grande Lisboa
Oeiras,75 ou mais anos,H,Ouvir,4142,2690,796,38,1110,Oeiras,Grande Lisboa
Oeiras,75 ou mais anos,H,Andar ou subir degraus,3736,2708,1065,205,1110,Oeiras,Grande Lisboa
Oeiras,75 ou mais anos,H,Memória ou concentração,3991,2950,570,177,1110,Oeiras,Grande Lisboa
Oeiras,75 ou mais anos,H,Compreender os outros ou fazer-se compreender,6622,808,204,75,1110,Oeiras,Grande Lisboa
Oeiras,75 ou mais anos,M,Ver,5013,5118,1457,94,1110,Oeiras,Grande Lisboa
Oeiras,75 ou mais anos,M,Ouvir,6238,3886,1444,73,1110,Oeiras,Grande Lisboa
Oeiras,75 ou mais anos,M,Andar ou subir degraus,3419,4753,2906,611,1110,Oeiras,Grande Lisboa
Oeiras,75 ou mais anos,M,Memória ou concentração,5128,4771,1230,545,1110,Oeiras,Grande Lisboa
Oeiras,75 ou mais anos,M,Compreender os outros ou fazer-se compreender,9523,1468,452,245,1110,Oeiras,Grande Lisboa
Sintra,Total,H,Ver,112233,31675,3138,378,1111,Sintra,Grande Lisboa
Sintra,Total,H,Ouvir,129059,14755,2680,400,1111,Sintra,Grande Lisboa
Sintra,Total,H,Andar ou subir degraus,126805,15739,4055,964,1111,Sintra,Grande Lisboa
Sintra,Total,H,Memória ou concentração,122143,21999,2461,739,1111,Sintra,Grande Lisboa
Sintra,Total,H,Compreender os outros ou fazer-se compreender,140282,5699,1043,445,1111,Sintra,Grande Lisboa
Sintra,Total,M,Ver,113937,49473,6439,422,1111,Sintra,Grande Lisboa
Sintra,Total,M,Ouvir,147967,17337,3812,452,1111,Sintra,Grande Lisboa
Sintra,Total,M,Andar ou subir degraus,131783,27556,9278,1704,1111,Sintra,Grande Lisboa
Sintra,Total,M,Memória ou concentração,130017,34119,4592,1422,1111,Sintra,Grande Lisboa
Sintra,Total,M,Compreender os outros ou fazer-se compreender,160642,7507,1438,764,1111,Sintra,Grande Lisboa
Sintra,15 - 19 anos,H,Ver,9892,995,83,9,1111,Sintra,Grande Lisboa
Sintra,15 - 19 anos,H,Ouvir,10817,103,18,10,1111,Sintra,Grande Lisboa
Sintra,15 - 19 anos,H,Andar ou subir degraus,10872,85,15,13,1111,Sintra,Grande Lisboa
Sintra,15 - 19 anos,H,Memória ou concentração,10159,686,86,28,1111,Sintra,Grande Lisboa
Sintra,15 - 19 anos,H,Compreender os outros ou fazer-se compreender,10637,260,45,25,1111,Sintra,Grande Lisboa
Sintra,15 - 19 anos,M,Ver,9071,1602,115,7,1111,Sintra,Grande Lisboa
Sintra,15 - 19 anos,M,Ouvir,10583,153,14,7,1111,Sintra,Grande Lisboa
Sintra,15 - 19 anos,M,Andar ou subir degraus,10590,164,27,16,1111,Sintra,Grande Lisboa
Sintra,15 - 19 anos,M,Memória ou concentração,9857,824,75,23,1111,Sintra,Grande Lisboa
Sintra,15 - 19 anos,M,Compreender os outros ou fazer-se compreender,10508,217,34,18,1111,Sintra,Grande Lisboa
Sintra,20 - 24 anos,H,Ver,10563,1093,74,8,1111,Sintra,Grande Lisboa
Sintra,20 - 24 anos,H,Ouvir,11532,149,9,18,1111,Sintra,Grande Lisboa
Sintra,20 - 24 anos,H,Andar ou subir degraus,11592,117,20,12,1111,Sintra,Grande Lisboa
Sintra,20 - 24 anos,H,Memória ou concentração,10956,673,73,26,1111,Sintra,Grande Lisboa
Sintra,20 - 24 anos,H,Compreender os outros ou fazer-se compreender,11430,235,47,19,1111,Sintra,Grande Lisboa
Sintra,20 - 24 anos,M,Ver,9722,1850,145,6,1111,Sintra,Grande Lisboa
Sintra,20 - 24 anos,M,Ouvir,11409,236,21,10,1111,Sintra,Grande Lisboa
Sintra,20 - 24 anos,M,Andar ou subir degraus,11397,258,30,21,1111,Sintra,Grande Lisboa
Sintra,20 - 24 anos,M,Memória ou concentração,10532,1055,82,27,1111,Sintra,Grande Lisboa
Sintra,20 - 24 anos,M,Compreender os outros ou fazer-se compreender,11427,228,35,21,1111,Sintra,Grande Lisboa
Sintra,25 - 29 anos,H,Ver,10162,1114,85,15,1111,Sintra,Grande Lisboa
Sintra,25 - 29 anos,H,Ouvir,11093,216,17,18,1111,Sintra,Grande Lisboa
Sintra,25 - 29 anos,H,Andar ou subir degraus,11138,187,23,23,1111,Sintra,Grande Lisboa
Sintra,25 - 29 anos,H,Memória ou concentração,10414,854,66,24,1111,Sintra,Grande Lisboa
Sintra,25 - 29 anos,H,Compreender os outros ou fazer-se compreender,11021,281,39,19,1111,Sintra,Grande Lisboa
Sintra,25 - 29 anos,M,Ver,9732,1979,117,7,1111,Sintra,Grande Lisboa
Sintra,25 - 29 anos,M,Ouvir,11458,300,22,12,1111,Sintra,Grande Lisboa
Sintra,25 - 29 anos,M,Andar ou subir degraus,11507,279,34,18,1111,Sintra,Grande Lisboa
Sintra,25 - 29 anos,M,Memória ou concentração,10429,1293,74,24,1111,Sintra,Grande Lisboa
Sintra,25 - 29 anos,M,Compreender os outros ou fazer-se compreender,11548,253,23,16,1111,Sintra,Grande Lisboa
Sintra,30 - 34 anos,H,Ver,9962,1062,64,21,1111,Sintra,Grande Lisboa
Sintra,30 - 34 anos,H,Ouvir,10746,276,20,27,1111,Sintra,Grande Lisboa
Sintra,30 - 34 anos,H,Andar ou subir degraus,10835,215,31,37,1111,Sintra,Grande Lisboa
Sintra,30 - 34 anos,H,Memória ou concentração,10086,920,65,34,1111,Sintra,Grande Lisboa
Sintra,30 - 34 anos,H,Compreender os outros ou fazer-se compreender,10713,316,49,24,1111,Sintra,Grande Lisboa
Sintra,30 - 34 anos,M,Ver,9851,1987,133,20,1111,Sintra,Grande Lisboa
Sintra,30 - 34 anos,M,Ouvir,11575,333,26,26,1111,Sintra,Grande Lisboa
Sintra,30 - 34 anos,M,Andar ou subir degraus,11521,410,44,19,1111,Sintra,Grande Lisboa
Sintra,30 - 34 anos,M,Memória ou concentração,10343,1543,79,30,1111,Sintra,Grande Lisboa
Sintra,30 - 34 anos,M,Compreender os outros ou fazer-se compreender,11632,306,39,15,1111,Sintra,Grande Lisboa
Sintra,35 - 39 anos,H,Ver,10254,1199,85,14,1111,Sintra,Grande Lisboa
Sintra,35 - 39 anos,H,Ouvir,11110,349,27,27,1111,Sintra,Grande Lisboa
Sintra,35 - 39 anos,H,Andar ou subir degraus,11110,365,52,31,1111,Sintra,Grande Lisboa
Sintra,35 - 39 anos,H,Memória ou concentração,10442,1011,76,32,1111,Sintra,Grande Lisboa
Sintra,35 - 39 anos,H,Compreender os outros ou fazer-se compreender,11184,317,40,25,1111,Sintra,Grande Lisboa
Sintra,35 - 39 anos,M,Ver,10426,2172,132,24,1111,Sintra,Grande Lisboa
Sintra,35 - 39 anos,M,Ouvir,12179,457,31,29,1111,Sintra,Grande Lisboa
Sintra,35 - 39 anos,M,Andar ou subir degraus,12042,623,67,24,1111,Sintra,Grande Lisboa
Sintra,35 - 39 anos,M,Memória ou concentração,10915,1702,101,26,1111,Sintra,Grande Lisboa
Sintra,35 - 39 anos,M,Compreender os outros ou fazer-se compreender,12393,328,26,19,1111,Sintra,Grande Lisboa
Sintra,40 - 44 anos,H,Ver,11270,1795,107,30,1111,Sintra,Grande Lisboa
Sintra,40 - 44 anos,H,Ouvir,12565,521,61,26,1111,Sintra,Grande Lisboa
Sintra,40 - 44 anos,H,Andar ou subir degraus,12496,601,91,39,1111,Sintra,Grande Lisboa
Sintra,40 - 44 anos,H,Memória ou concentração,11736,1322,104,49,1111,Sintra,Grande Lisboa
Sintra,40 - 44 anos,H,Compreender os outros ou fazer-se compreender,12804,316,50,35,1111,Sintra,Grande Lisboa
Sintra,40 - 44 anos,M,Ver,11670,3208,207,30,1111,Sintra,Grande Lisboa
Sintra,40 - 44 anos,M,Ouvir,14345,637,61,32,1111,Sintra,Grande Lisboa
Sintra,40 - 44 anos,M,Andar ou subir degraus,13809,1108,165,40,1111,Sintra,Grande Lisboa
Sintra,40 - 44 anos,M,Memória ou concentração,12649,2255,165,53,1111,Sintra,Grande Lisboa
Sintra,40 - 44 anos,M,Compreender os outros ou fazer-se compreender,14667,381,46,40,1111,Sintra,Grande Lisboa
Sintra,45 - 49 anos,H,Ver,10660,3433,184,28,1111,Sintra,Grande Lisboa
Sintra,45 - 49 anos,H,Ouvir,13196,927,84,43,1111,Sintra,Grande Lisboa
Sintra,45 - 49 anos,H,Andar ou subir degraus,13163,954,152,40,1111,Sintra,Grande Lisboa
Sintra,45 - 49 anos,H,Memória ou concentração,12525,1634,112,34,1111,Sintra,Grande Lisboa
Sintra,45 - 49 anos,H,Compreender os outros ou fazer-se compreender,13849,393,43,19,1111,Sintra,Grande Lisboa
Sintra,45 - 49 anos,M,Ver,10896,5063,402,23,1111,Sintra,Grande Lisboa
Sintra,45 - 49 anos,M,Ouvir,15310,889,86,34,1111,Sintra,Grande Lisboa
Sintra,45 - 49 anos,M,Andar ou subir degraus,14405,1713,232,39,1111,Sintra,Grande Lisboa
Sintra,45 - 49 anos,M,Memória ou concentração,13467,2667,181,64,1111,Sintra,Grande Lisboa
Sintra,45 - 49 anos,M,Compreender os outros ou fazer-se compreender,15847,483,38,28,1111,Sintra,Grande Lisboa
Sintra,50 - 54 anos,H,Ver,9043,4040,249,27,1111,Sintra,Grande Lisboa
Sintra,50 - 54 anos,H,Ouvir,12050,1106,107,34,1111,Sintra,Grande Lisboa
Sintra,50 - 54 anos,H,Andar ou subir degraus,11865,1246,207,44,1111,Sintra,Grande Lisboa
Sintra,50 - 54 anos,H,Memória ou concentração,11376,1793,133,41,1111,Sintra,Grande Lisboa
Sintra,50 - 54 anos,H,Compreender os outros ou fazer-se compreender,12844,419,67,25,1111,Sintra,Grande Lisboa
Sintra,50 - 54 anos,M,Ver,9516,5732,460,29,1111,Sintra,Grande Lisboa
Sintra,50 - 54 anos,M,Ouvir,14294,1230,101,39,1111,Sintra,Grande Lisboa
Sintra,50 - 54 anos,M,Andar ou subir degraus,12906,2430,360,38,1111,Sintra,Grande Lisboa
Sintra,50 - 54 anos,M,Memória ou concentração,12475,2978,227,43,1111,Sintra,Grande Lisboa
Sintra,50 - 54 anos,M,Compreender os outros ou fazer-se compreender,15191,481,42,25,1111,Sintra,Grande Lisboa
Sintra,55 - 59 anos,H,Ver,7848,3790,279,36,1111,Sintra,Grande Lisboa
Sintra,55 - 59 anos,H,Ouvir,10398,1332,131,36,1111,Sintra,Grande Lisboa
Sintra,55 - 59 anos,H,Andar ou subir degraus,9992,1604,306,52,1111,Sintra,Grande Lisboa
Sintra,55 - 59 anos,H,Memória ou concentração,9642,2059,179,44,1111,Sintra,Grande Lisboa
Sintra,55 - 59 anos,H,Compreender os outros ou fazer-se compreender,11446,411,72,23,1111,Sintra,Grande Lisboa
Sintra,55 - 59 anos,M,Ver,8208,4983,509,26,1111,Sintra,Grande Lisboa
Sintra,55 - 59 anos,M,Ouvir,12110,1379,142,32,1111,Sintra,Grande Lisboa
Sintra,55 - 59 anos,M,Andar ou subir degraus,10307,2839,527,51,1111,Sintra,Grande Lisboa
Sintra,55 - 59 anos,M,Memória ou concentração,10416,2974,266,59,1111,Sintra,Grande Lisboa
Sintra,55 - 59 anos,M,Compreender os outros ou fazer-se compreender,13096,521,83,30,1111,Sintra,Grande Lisboa
Sintra,60 - 64 anos,H,Ver,6507,3083,268,30,1111,Sintra,Grande Lisboa
Sintra,60 - 64 anos,H,Ouvir,8152,1479,178,34,1111,Sintra,Grande Lisboa
Sintra,60 - 64 anos,H,Andar ou subir degraus,7621,1845,392,55,1111,Sintra,Grande Lisboa
Sintra,60 - 64 anos,H,Memória ou concentração,7765,1942,157,35,1111,Sintra,Grande Lisboa
Sintra,60 - 64 anos,H,Compreender os outros ou fazer-se compreender,9456,380,65,21,1111,Sintra,Grande Lisboa
Sintra,60 - 64 anos,M,Ver,7105,4163,479,28,1111,Sintra,Grande Lisboa
Sintra,60 - 64 anos,M,Ouvir,9995,1488,173,39,1111,Sintra,Grande Lisboa
Sintra,60 - 64 anos,M,Andar ou subir degraus,7931,3092,723,49,1111,Sintra,Grande Lisboa
Sintra,60 - 64 anos,M,Memória ou concentração,8520,2904,312,47,1111,Sintra,Grande Lisboa
Sintra,60 - 64 anos,M,Compreender os outros ou fazer-se compreender,11261,450,74,26,1111,Sintra,Grande Lisboa
Sintra,65 - 69 anos,H,Ver,5394,2653,278,36,1111,Sintra,Grande Lisboa
Sintra,65 - 69 anos,H,Ouvir,6363,1706,223,17,1111,Sintra,Grande Lisboa
Sintra,65 - 69 anos,H,Andar ou subir degraus,6022,1867,415,75,1111,Sintra,Grande Lisboa
Sintra,65 - 69 anos,H,Memória ou concentração,6165,1983,164,44,1111,Sintra,Grande Lisboa
Sintra,65 - 69 anos,H,Compreender os outros ou fazer-se compreender,7901,380,70,34,1111,Sintra,Grande Lisboa
Sintra,65 - 69 anos,M,Ver,6000,3970,517,28,1111,Sintra,Grande Lisboa
Sintra,65 - 69 anos,M,Ouvir,8415,1724,273,27,1111,Sintra,Grande Lisboa
Sintra,65 - 69 anos,M,Andar ou subir degraus,6249,3360,839,80,1111,Sintra,Grande Lisboa
Sintra,65 - 69 anos,M,Memória ou concentração,7138,2997,322,40,1111,Sintra,Grande Lisboa
Sintra,65 - 69 anos,M,Compreender os outros ou fazer-se compreender,9950,480,70,23,1111,Sintra,Grande Lisboa
Sintra,70 - 74 anos,H,Ver,4627,2463,327,34,1111,Sintra,Grande Lisboa
Sintra,70 - 74 anos,H,Ouvir,5020,2022,367,19,1111,Sintra,Grande Lisboa
Sintra,70 - 74 anos,H,Andar ou subir degraus,4871,2032,482,91,1111,Sintra,Grande Lisboa
Sintra,70 - 74 anos,H,Memória ou concentração,4882,2252,250,65,1111,Sintra,Grande Lisboa
Sintra,70 - 74 anos,H,Compreender os outros ou fazer-se compreender,6899,442,93,35,1111,Sintra,Grande Lisboa
Sintra,70 - 74 anos,M,Ver,5017,3946,605,37,1111,Sintra,Grande Lisboa
Sintra,70 - 74 anos,M,Ouvir,7072,2086,382,30,1111,Sintra,Grande Lisboa
Sintra,70 - 74 anos,M,Andar ou subir degraus,4733,3625,1131,124,1111,Sintra,Grande Lisboa
Sintra,70 - 74 anos,M,Memória ou concentração,5842,3244,421,97,1111,Sintra,Grande Lisboa
Sintra,70 - 74 anos,M,Compreender os outros ou fazer-se compreender,8890,574,95,60,1111,Sintra,Grande Lisboa
Sintra,75 ou mais anos,H,Ver,6051,4955,1055,90,1111,Sintra,Grande Lisboa
Sintra,75 ou mais anos,H,Ouvir,6017,4569,1438,91,1111,Sintra,Grande Lisboa
Sintra,75 ou mais anos,H,Andar ou subir degraus,5228,4621,1869,452,1111,Sintra,Grande Lisboa
Sintra,75 ou mais anos,H,Memória ou concentração,5995,4870,996,283,1111,Sintra,Grande Lisboa
Sintra,75 ou mais anos,H,Compreender os outros ou fazer-se compreender,10098,1549,363,141,1111,Sintra,Grande Lisboa
Sintra,75 ou mais anos,M,Ver,6723,8818,2618,157,1111,Sintra,Grande Lisboa
Sintra,75 ou mais anos,M,Ouvir,9222,6425,2480,135,1111,Sintra,Grande Lisboa
Sintra,75 ou mais anos,M,Andar ou subir degraus,4386,7655,5099,1185,1111,Sintra,Grande Lisboa
Sintra,75 ou mais anos,M,Memória ou concentração,7434,7683,2287,889,1111,Sintra,Grande Lisboa
Sintra,75 ou mais anos,M,Compreender os outros ou fazer-se compreender,14232,2805,833,443,1111,Sintra,Grande Lisboa
Vila Franca de Xira,Total,H,Ver,39878,12075,1145,123,1114,Vila Franca de Xira,Grande Lisboa
Vila Franca de Xira,Total,H,Ouvir,45888,5895,1147,124,1114,Vila Franca de Xira,Grande Lisboa
Vila Franca de Xira,Total,H,Andar ou subir degraus,45364,6006,1626,309,1114,Vila Franca de Xira,Grande Lisboa
Vila Franca de Xira,Total,H,Memória ou concentração,43575,8465,965,261,1114,Vila Franca de Xira,Grande Lisboa
Vila Franca de Xira,Total,H,Compreender os outros ou fazer-se compreender,50709,2042,398,175,1114,Vila Franca de Xira,Grande Lisboa
Vila Franca de Xira,Total,M,Ver,39853,17947,2201,116,1114,Vila Franca de Xira,Grande Lisboa
Vila Franca de Xira,Total,M,Ouvir,51973,6359,1410,147,1114,Vila Franca de Xira,Grande Lisboa
Vila Franca de Xira,Total,M,Andar ou subir degraus,46171,9994,3353,628,1114,Vila Franca de Xira,Grande Lisboa
Vila Franca de Xira,Total,M,Memória ou concentração,45438,12486,1673,495,1114,Vila Franca de Xira,Grande Lisboa
Vila Franca de Xira,Total,M,Compreender os outros ou fazer-se compreender,56906,2424,526,272,1114,Vila Franca de Xira,Grande Lisboa
Vila Franca de Xira,15 - 19 anos,H,Ver,3425,364,17,2,1114,Vila Franca de Xira,Grande Lisboa
Vila Franca de Xira,15 - 19 anos,H,Ouvir,3753,35,7,3,1114,Vila Franca de Xira,Grande Lisboa
Vila Franca de Xira,15 - 19 anos,H,Andar ou subir degraus,3768,29,6,6,1114,Vila Franca de Xira,Grande Lisboa
Vila Franca de Xira,15 - 19 anos,H,Memória ou concentração,3526,243,37,6,1114,Vila Franca de Xira,Grande Lisboa
Vila Franca de Xira,15 - 19 anos,H,Compreender os outros ou fazer-se compreender,3694,86,20,11,1114,Vila Franca de Xira,Grande Lisboa
Vila Franca de Xira,15 - 19 anos,M,Ver,3137,550,47,3,1114,Vila Franca de Xira,Grande Lisboa
Vila Franca de Xira,15 - 19 anos,M,Ouvir,3684,42,4,4,1114,Vila Franca de Xira,Grande Lisboa
Vila Franca de Xira,15 - 19 anos,M,Andar ou subir degraus,3669,61,7,7,1114,Vila Franca de Xira,Grande Lisboa
Vila Franca de Xira,15 - 19 anos,M,Memória ou concentração,3407,289,30,10,1114,Vila Franca de Xira,Grande Lisboa
Vila Franca de Xira,15 - 19 anos,M,Compreender os outros ou fazer-se compreender,3650,74,7,8,1114,Vila Franca de Xira,Grande Lisboa
Vila Franca de Xira,20 - 24 anos,H,Ver,3203,373,21,2,1114,Vila Franca de Xira,Grande Lisboa
Vila Franca de Xira,20 - 24 anos,H,Ouvir,3537,39,9,3,1114,Vila Franca de Xira,Grande Lisboa
Vila Franca de Xira,20 - 24 anos,H,Andar ou subir degraus,3546,37,8,8,1114,Vila Franca de Xira,Grande Lisboa
Vila Franca de Xira,20 - 24 anos,H,Memória ou concentração,3344,221,26,11,1114,Vila Franca de Xira,Grande Lisboa
Vila Franca de Xira,20 - 24 anos,H,Compreender os outros ou fazer-se compreender,3492,83,15,10,1114,Vila Franca de Xira,Grande Lisboa
Vila Franca de Xira,20 - 24 anos,M,Ver,3019,587,38,1,1114,Vila Franca de Xira,Grande Lisboa
Vila Franca de Xira,20 - 24 anos,M,Ouvir,3538,84,7,3,1114,Vila Franca de Xira,Grande Lisboa
Vila Franca de Xira,20 - 24 anos,M,Andar ou subir degraus,3558,85,4,4,1114,Vila Franca de Xira,Grande Lisboa
Vila Franca de Xira,20 - 24 anos,M,Memória ou concentração,3273,356,24,2,1114,Vila Franca de Xira,Grande Lisboa
Vila Franca de Xira,20 - 24 anos,M,Compreender os outros ou fazer-se compreender,3575,67,6,5,1114,Vila Franca de Xira,Grande Lisboa
Vila Franca de Xira,25 - 29 anos,H,Ver,3210,386,24,2,1114,Vila Franca de Xira,Grande Lisboa
Vila Franca de Xira,25 - 29 anos,H,Ouvir,3529,76,5,4,1114,Vila Franca de Xira,Grande Lisboa
Vila Franca de Xira,25 - 29 anos,H,Andar ou subir degraus,3551,53,7,6,1114,Vila Franca de Xira,Grande Lisboa
Vila Franca de Xira,25 - 29 anos,H,Memória ou concentração,3295,295,23,7,1114,Vila Franca de Xira,Grande Lisboa
Vila Franca de Xira,25 - 29 anos,H,Compreender os outros ou fazer-se compreender,3527,79,11,6,1114,Vila Franca de Xira,Grande Lisboa
Vila Franca de Xira,25 - 29 anos,M,Ver,3034,595,34,2,1114,Vila Franca de Xira,Grande Lisboa
Vila Franca de Xira,25 - 29 anos,M,Ouvir,3572,76,7,2,1114,Vila Franca de Xira,Grande Lisboa
Vila Franca de Xira,25 - 29 anos,M,Andar ou subir degraus,3566,86,9,5,1114,Vila Franca de Xira,Grande Lisboa
Vila Franca de Xira,25 - 29 anos,M,Memória ou concentração,3202,435,22,3,1114,Vila Franca de Xira,Grande Lisboa
Vila Franca de Xira,25 - 29 anos,M,Compreender os outros ou fazer-se compreender,3591,54,9,5,1114,Vila Franca de Xira,Grande Lisboa
Vila Franca de Xira,30 - 34 anos,H,Ver,3422,379,23,8,1114,Vila Franca de Xira,Grande Lisboa
Vila Franca de Xira,30 - 34 anos,H,Ouvir,3718,91,11,7,1114,Vila Franca de Xira,Grande Lisboa
Vila Franca de Xira,30 - 34 anos,H,Andar ou subir degraus,3720,94,14,7,1114,Vila Franca de Xira,Grande Lisboa
Vila Franca de Xira,30 - 34 anos,H,Memória ou concentração,3425,388,16,9,1114,Vila Franca de Xira,Grande Lisboa
Vila Franca de Xira,30 - 34 anos,H,Compreender os outros ou fazer-se compreender,3714,106,14,5,1114,Vila Franca de Xira,Grande Lisboa
Vila Franca de Xira,30 - 34 anos,M,Ver,3350,743,37,3,1114,Vila Franca de Xira,Grande Lisboa
Vila Franca de Xira,30 - 34 anos,M,Ouvir,3975,120,14,4,1114,Vila Franca de Xira,Grande Lisboa
Vila Franca de Xira,30 - 34 anos,M,Andar ou subir degraus,3976,135,10,10,1114,Vila Franca de Xira,Grande Lisboa
Vila Franca de Xira,30 - 34 anos,M,Memória ou concentração,3545,542,29,8,1114,Vila Franca de Xira,Grande Lisboa
Vila Franca de Xira,30 - 34 anos,M,Compreender os outros ou fazer-se compreender,4013,91,13,5,1114,Vila Franca de Xira,Grande Lisboa
Vila Franca de Xira,35 - 39 anos,H,Ver,4013,499,38,10,1114,Vila Franca de Xira,Grande Lisboa
Vila Franca de Xira,35 - 39 anos,H,Ouvir,4371,159,11,6,1114,Vila Franca de Xira,Grande Lisboa
Vila Franca de Xira,35 - 39 anos,H,Andar ou subir degraus,4395,142,23,7,1114,Vila Franca de Xira,Grande Lisboa
Vila Franca de Xira,35 - 39 anos,H,Memória ou concentração,4059,467,25,13,1114,Vila Franca de Xira,Grande Lisboa
Vila Franca de Xira,35 - 39 anos,H,Compreender os outros ou fazer-se compreender,4420,116,19,7,1114,Vila Franca de Xira,Grande Lisboa
Vila Franca de Xira,35 - 39 anos,M,Ver,3990,859,55,12,1114,Vila Franca de Xira,Grande Lisboa
Vila Franca de Xira,35 - 39 anos,M,Ouvir,4703,176,7,10,1114,Vila Franca de Xira,Grande Lisboa
Vila Franca de Xira,35 - 39 anos,M,Andar ou subir degraus,4627,256,23,12,1114,Vila Franca de Xira,Grande Lisboa
Vila Franca de Xira,35 - 39 anos,M,Memória ou concentração,4181,688,37,15,1114,Vila Franca de Xira,Grande Lisboa
Vila Franca de Xira,35 - 39 anos,M,Compreender os outros ou fazer-se compreender,4801,99,13,9,1114,Vila Franca de Xira,Grande Lisboa
Vila Franca de Xira,40 - 44 anos,H,Ver,4684,751,41,6,1114,Vila Franca de Xira,Grande Lisboa
Vila Franca de Xira,40 - 44 anos,H,Ouvir,5216,231,16,13,1114,Vila Franca de Xira,Grande Lisboa
Vila Franca de Xira,40 - 44 anos,H,Andar ou subir degraus,5197,243,43,9,1114,Vila Franca de Xira,Grande Lisboa
Vila Franca de Xira,40 - 44 anos,H,Memória ou concentração,4844,603,29,13,1114,Vila Franca de Xira,Grande Lisboa
Vila Franca de Xira,40 - 44 anos,H,Compreender os outros ou fazer-se compreender,5341,120,26,9,1114,Vila Franca de Xira,Grande Lisboa
Vila Franca de Xira,40 - 44 anos,M,Ver,4592,1347,77,5,1114,Vila Franca de Xira,Grande Lisboa
Vila Franca de Xira,40 - 44 anos,M,Ouvir,5697,271,23,9,1114,Vila Franca de Xira,Grande Lisboa
Vila Franca de Xira,40 - 44 anos,M,Andar ou subir degraus,5521,448,47,12,1114,Vila Franca de Xira,Grande Lisboa
Vila Franca de Xira,40 - 44 anos,M,Memória ou concentração,5019,937,61,9,1114,Vila Franca de Xira,Grande Lisboa
Vila Franca de Xira,40 - 44 anos,M,Compreender os outros ou fazer-se compreender,5855,135,18,7,1114,Vila Franca de Xira,Grande Lisboa
Vila Franca de Xira,45 - 49 anos,H,Ver,3924,1401,86,12,1114,Vila Franca de Xira,Grande Lisboa
Vila Franca de Xira,45 - 49 anos,H,Ouvir,4986,371,37,11,1114,Vila Franca de Xira,Grande Lisboa
Vila Franca de Xira,45 - 49 anos,H,Andar ou subir degraus,4967,380,70,20,1114,Vila Franca de Xira,Grande Lisboa
Vila Franca de Xira,45 - 49 anos,H,Memória ou concentração,4668,694,61,12,1114,Vila Franca de Xira,Grande Lisboa
Vila Franca de Xira,45 - 49 anos,H,Compreender os outros ou fazer-se compreender,5262,137,23,9,1114,Vila Franca de Xira,Grande Lisboa
Vila Franca de Xira,45 - 49 anos,M,Ver,3924,1948,134,7,1114,Vila Franca de Xira,Grande Lisboa
Vila Franca de Xira,45 - 49 anos,M,Ouvir,5541,396,34,12,1114,Vila Franca de Xira,Grande Lisboa
Vila Franca de Xira,45 - 49 anos,M,Andar ou subir degraus,5298,600,94,17,1114,Vila Franca de Xira,Grande Lisboa
Vila Franca de Xira,45 - 49 anos,M,Memória ou concentração,4910,1010,70,15,1114,Vila Franca de Xira,Grande Lisboa
Vila Franca de Xira,45 - 49 anos,M,Compreender os outros ou fazer-se compreender,5849,136,21,12,1114,Vila Franca de Xira,Grande Lisboa
Vila Franca de Xira,50 - 54 anos,H,Ver,2981,1387,82,11,1114,Vila Franca de Xira,Grande Lisboa
Vila Franca de Xira,50 - 54 anos,H,Ouvir,3983,416,31,13,1114,Vila Franca de Xira,Grande Lisboa
Vila Franca de Xira,50 - 54 anos,H,Andar ou subir degraus,3975,408,73,14,1114,Vila Franca de Xira,Grande Lisboa
Vila Franca de Xira,50 - 54 anos,H,Memória ou concentração,3759,655,43,11,1114,Vila Franca de Xira,Grande Lisboa
Vila Franca de Xira,50 - 54 anos,H,Compreender os outros ou fazer-se compreender,4311,148,13,3,1114,Vila Franca de Xira,Grande Lisboa
Vila Franca de Xira,50 - 54 anos,M,Ver,2935,1826,153,9,1114,Vila Franca de Xira,Grande Lisboa
Vila Franca de Xira,50 - 54 anos,M,Ouvir,4435,414,32,15,1114,Vila Franca de Xira,Grande Lisboa
Vila Franca de Xira,50 - 54 anos,M,Andar ou subir degraus,4017,777,114,13,1114,Vila Franca de Xira,Grande Lisboa
Vila Franca de Xira,50 - 54 anos,M,Memória ou concentração,3849,966,68,21,1114,Vila Franca de Xira,Grande Lisboa
Vila Franca de Xira,50 - 54 anos,M,Compreender os outros ou fazer-se compreender,4778,132,7,8,1114,Vila Franca de Xira,Grande Lisboa
Vila Franca de Xira,55 - 59 anos,H,Ver,2606,1239,83,6,1114,Vila Franca de Xira,Grande Lisboa
Vila Franca de Xira,55 - 59 anos,H,Ouvir,3358,505,45,8,1114,Vila Franca de Xira,Grande Lisboa
Vila Franca de Xira,55 - 59 anos,H,Andar ou subir degraus,3246,585,97,12,1114,Vila Franca de Xira,Grande Lisboa
Vila Franca de Xira,55 - 59 anos,H,Memória ou concentração,3189,681,54,9,1114,Vila Franca de Xira,Grande Lisboa
Vila Franca de Xira,55 - 59 anos,H,Compreender os outros ou fazer-se compreender,3770,140,18,9,1114,Vila Franca de Xira,Grande Lisboa
Vila Franca de Xira,55 - 59 anos,M,Ver,2846,1695,150,6,1114,Vila Franca de Xira,Grande Lisboa
Vila Franca de Xira,55 - 59 anos,M,Ouvir,4139,469,61,7,1114,Vila Franca de Xira,Grande Lisboa
Vila Franca de Xira,55 - 59 anos,M,Andar ou subir degraus,3527,990,173,8,1114,Vila Franca de Xira,Grande Lisboa
Vila Franca de Xira,55 - 59 anos,M,Memória ou concentração,3540,1035,105,15,1114,Vila Franca de Xira,Grande Lisboa
Vila Franca de Xira,55 - 59 anos,M,Compreender os outros ou fazer-se compreender,4525,156,14,3,1114,Vila Franca de Xira,Grande Lisboa
Vila Franca de Xira,60 - 64 anos,H,Ver,2383,1213,90,8,1114,Vila Franca de Xira,Grande Lisboa
Vila Franca de Xira,60 - 64 anos,H,Ouvir,2912,652,101,8,1114,Vila Franca de Xira,Grande Lisboa
Vila Franca de Xira,60 - 64 anos,H,Andar ou subir degraus,2848,696,143,16,1114,Vila Franca de Xira,Grande Lisboa
Vila Franca de Xira,60 - 64 anos,H,Memória ou concentração,2866,736,70,18,1114,Vila Franca de Xira,Grande Lisboa
Vila Franca de Xira,60 - 64 anos,H,Compreender os outros ou fazer-se compreender,3532,148,22,7,1114,Vila Franca de Xira,Grande Lisboa
Vila Franca de Xira,60 - 64 anos,M,Ver,2610,1663,186,6,1114,Vila Franca de Xira,Grande Lisboa
Vila Franca de Xira,60 - 64 anos,M,Ouvir,3773,575,75,17,1114,Vila Franca de Xira,Grande Lisboa
Vila Franca de Xira,60 - 64 anos,M,Andar ou subir degraus,2890,1263,294,17,1114,Vila Franca de Xira,Grande Lisboa
Vila Franca de Xira,60 - 64 anos,M,Memória ou concentração,3211,1119,108,21,1114,Vila Franca de Xira,Grande Lisboa
Vila Franca de Xira,60 - 64 anos,M,Compreender os outros ou fazer-se compreender,4253,182,16,13,1114,Vila Franca de Xira,Grande Lisboa
Vila Franca de Xira,65 - 69 anos,H,Ver,2119,1151,110,10,1114,Vila Franca de Xira,Grande Lisboa
Vila Franca de Xira,65 - 69 anos,H,Ouvir,2505,745,114,10,1114,Vila Franca de Xira,Grande Lisboa
Vila Franca de Xira,65 - 69 anos,H,Andar ou subir degraus,2428,781,164,29,1114,Vila Franca de Xira,Grande Lisboa
Vila Franca de Xira,65 - 69 anos,H,Memória ou concentração,2459,851,71,21,1114,Vila Franca de Xira,Grande Lisboa
Vila Franca de Xira,65 - 69 anos,H,Compreender os outros ou fazer-se compreender,3231,141,24,14,1114,Vila Franca de Xira,Grande Lisboa
Vila Franca de Xira,65 - 69 anos,M,Ver,2341,1556,200,12,1114,Vila Franca de Xira,Grande Lisboa
Vila Franca de Xira,65 - 69 anos,M,Ouvir,3298,687,100,10,1114,Vila Franca de Xira,Grande Lisboa
Vila Franca de Xira,65 - 69 anos,M,Andar ou subir degraus,2439,1335,321,24,1114,Vila Franca de Xira,Grande Lisboa
Vila Franca de Xira,65 - 69 anos,M,Memória ou concentração,2762,1194,123,25,1114,Vila Franca de Xira,Grande Lisboa
Vila Franca de Xira,65 - 69 anos,M,Compreender os outros ou fazer-se compreender,3893,178,27,19,1114,Vila Franca de Xira,Grande Lisboa
Vila Franca de Xira,70 - 74 anos,H,Ver,1777,1081,136,15,1114,Vila Franca de Xira,Grande Lisboa
Vila Franca de Xira,70 - 74 anos,H,Ouvir,1956,889,145,10,1114,Vila Franca de Xira,Grande Lisboa
Vila Franca de Xira,70 - 74 anos,H,Andar ou subir degraus,1942,834,215,28,1114,Vila Franca de Xira,Grande Lisboa
Vila Franca de Xira,70 - 74 anos,H,Memória ou concentração,1966,932,94,20,1114,Vila Franca de Xira,Grande Lisboa
Vila Franca de Xira,70 - 74 anos,H,Compreender os outros ou fazer-se compreender,2780,183,27,22,1114,Vila Franca de Xira,Grande Lisboa
Vila Franca de Xira,70 - 74 anos,M,Ver,1760,1457,195,7,1114,Vila Franca de Xira,Grande Lisboa
Vila Franca de Xira,70 - 74 anos,M,Ouvir,2463,795,141,9,1114,Vila Franca de Xira,Grande Lisboa
Vila Franca de Xira,70 - 74 anos,M,Andar ou subir degraus,1591,1366,426,35,1114,Vila Franca de Xira,Grande Lisboa
Vila Franca de Xira,70 - 74 anos,M,Memória ou concentração,2027,1204,159,26,1114,Vila Franca de Xira,Grande Lisboa
Vila Franca de Xira,70 - 74 anos,M,Compreender os outros ou fazer-se compreender,3169,204,31,15,1114,Vila Franca de Xira,Grande Lisboa
Vila Franca de Xira,75 ou mais anos,H,Ver,2131,1851,394,31,1114,Vila Franca de Xira,Grande Lisboa
Vila Franca de Xira,75 ou mais anos,H,Ouvir,2064,1686,615,28,1114,Vila Franca de Xira,Grande Lisboa
Vila Franca de Xira,75 ou mais anos,H,Andar ou subir degraus,1781,1724,763,147,1114,Vila Franca de Xira,Grande Lisboa
Vila Franca de Xira,75 ou mais anos,H,Memória ou concentração,2175,1699,416,111,1114,Vila Franca de Xira,Grande Lisboa
Vila Franca de Xira,75 ou mais anos,H,Compreender os outros ou fazer-se compreender,3635,555,166,63,1114,Vila Franca de Xira,Grande Lisboa
Vila Franca de Xira,75 ou mais anos,M,Ver,2315,3121,895,43,1114,Vila Franca de Xira,Grande Lisboa
Vila Franca de Xira,75 ou mais anos,M,Ouvir,3155,2254,905,45,1114,Vila Franca de Xira,Grande Lisboa
Vila Franca de Xira,75 ou mais anos,M,Andar ou subir degraus,1492,2592,1831,464,1114,Vila Franca de Xira,Grande Lisboa
Vila Franca de Xira,75 ou mais anos,M,Memória ou concentração,2512,2711,837,325,1114,Vila Franca de Xira,Grande Lisboa
Vila Franca de Xira,75 ou mais anos,M,Compreender os outros ou fazer-se compreender,4954,916,344,163,1114,Vila Franca de Xira,Grande Lisboa
