Place of Residence,Age Group,Gender,Total,Nenhum,Ensino básico,1.º ciclo,2.º ciclo,3.º ciclo,Ensino secundário,Ensino pós-secundário,Ensino superior,Curso técnico superior profissional,Bacharelato,Licenciatura,Mestrado,Doutoramento,freguesia_code,municipio,region
Amadora,Total,H,79393,10267,35613,12864,8295,14454,19244,1163,13106,206,993,8622,2913,372,1115,Amadora,Grande Lisboa
Amadora,Total,M,92061,12500,39011,17631,7572,13808,20562,834,19154,90,1330,13320,4053,361,1115,Amadora,Grande Lisboa
Amadora,Menos de 15 anos,H,12386,7965,4421,1907,2202,312,0,0,0,0,0,0,0,0,1115,Amadora,Grande Lisboa
Amadora,Menos de 15 anos,M,11965,7659,4306,1861,2106,339,0,0,0,0,0,0,0,0,1115,Amadora,Grande Lisboa
Amadora,15 - 19 anos,H,4297,37,2988,40,538,2410,1260,7,5,5,0,0,0,0,1115,Amadora,Grande Lisboa
Amadora,15 - 19 anos,M,4144,36,2648,30,372,2246,1455,2,3,3,0,0,0,0,1115,Amadora,Grande Lisboa
Amadora,20 - 24 anos,H,4762,74,1151,45,211,895,2615,106,816,58,0,632,123,3,1115,Amadora,Grande Lisboa
Amadora,20 - 24 anos,M,4855,74,827,29,125,673,2634,77,1243,23,0,1030,189,1,1115,Amadora,Grande Lisboa
Amadora,25 - 29 anos,H,5369,133,1146,93,207,846,2213,178,1699,55,0,1005,628,11,1115,Amadora,Grande Lisboa
Amadora,25 - 29 anos,M,5687,144,922,60,171,691,1993,146,2482,26,0,1471,977,8,1115,Amadora,Grande Lisboa
Amadora,30 - 34 anos,H,5627,152,1326,122,272,932,2005,224,1920,46,22,1081,741,30,1115,Amadora,Grande Lisboa
Amadora,30 - 34 anos,M,5823,173,1118,100,240,778,1822,124,2586,18,24,1516,991,37,1115,Amadora,Grande Lisboa
Amadora,35 - 39 anos,H,5593,160,1598,138,367,1093,1909,206,1720,34,116,1068,461,41,1115,Amadora,Grande Lisboa
Amadora,35 - 39 anos,M,6187,198,1359,117,280,962,1887,143,2600,16,98,1785,651,50,1115,Amadora,Grande Lisboa
Amadora,40 - 44 anos,H,5842,145,1914,224,459,1231,1917,197,1669,8,110,1196,311,44,1115,Amadora,Grande Lisboa
Amadora,40 - 44 anos,M,6654,203,1595,246,387,962,2050,134,2672,4,140,2056,413,59,1115,Amadora,Grande Lisboa
Amadora,45 - 49 anos,H,5788,137,2241,376,692,1173,1883,150,1377,0,138,1021,182,36,1115,Amadora,Grande Lisboa
Amadora,45 - 49 anos,M,6548,238,1893,404,497,992,2115,112,2190,0,171,1689,284,46,1115,Amadora,Grande Lisboa
Amadora,50 - 54 anos,H,5034,159,2399,511,807,1081,1459,85,932,0,96,645,148,43,1115,Amadora,Grande Lisboa
Amadora,50 - 54 anos,M,5917,257,2364,630,668,1066,1744,79,1473,0,160,1081,195,37,1115,Amadora,Grande Lisboa
Amadora,55 - 59 anos,H,4576,137,2431,749,689,993,1240,10,758,0,111,506,97,44,1115,Amadora,Grande Lisboa
Amadora,55 - 59 anos,M,5926,260,2774,1042,678,1054,1612,17,1263,0,152,898,156,57,1115,Amadora,Grande Lisboa
Amadora,60 - 64 anos,H,4527,202,2548,1086,583,879,1076,0,701,0,109,460,91,41,1115,Amadora,Grande Lisboa
Amadora,60 - 64 anos,M,5860,359,3121,1457,637,1027,1390,0,990,0,132,727,100,31,1115,Amadora,Grande Lisboa
Amadora,65 - 69 anos,H,4222,237,2711,1620,409,682,698,0,576,0,91,387,66,32,1115,Amadora,Grande Lisboa
Amadora,65 - 69 anos,M,5533,427,3559,2200,426,933,874,0,673,0,137,473,43,20,1115,Amadora,Grande Lisboa
Amadora,70 - 74 anos,H,4090,204,3059,1955,337,767,407,0,420,0,83,280,34,23,1115,Amadora,Grande Lisboa
Amadora,70 - 74 anos,M,5590,418,4241,2862,380,999,482,0,449,0,119,292,30,8,1115,Amadora,Grande Lisboa
Amadora,75 ou mais anos,H,7280,525,5680,3998,522,1160,562,0,513,0,117,341,31,24,1115,Amadora,Grande Lisboa
Amadora,75 ou mais anos,M,11372,2054,8284,6593,605,1086,504,0,530,0,197,302,24,7,1115,Amadora,Grande Lisboa
Águas Livres,Total,H,17253,2262,7847,2854,1782,3211,4234,246,2664,44,217,1721,601,81,111513,Amadora,Grande Lisboa
Águas Livres,Total,M,20354,2841,8876,4128,1677,3071,4556,171,3910,20,275,2697,851,67,111513,Amadora,Grande Lisboa
Águas Livres,Menos de 15 anos,H,2650,1754,896,389,445,62,0,0,0,0,0,0,0,0,111513,Amadora,Grande Lisboa
Águas Livres,Menos de 15 anos,M,2606,1708,898,395,423,80,0,0,0,0,0,0,0,0,111513,Amadora,Grande Lisboa
Águas Livres,15 - 19 anos,H,850,8,598,14,107,477,243,1,0,0,0,0,0,0,111513,Amadora,Grande Lisboa
Águas Livres,15 - 19 anos,M,833,9,527,6,79,442,296,1,0,0,0,0,0,0,111513,Amadora,Grande Lisboa
Águas Livres,20 - 24 anos,H,1023,18,268,14,47,207,557,17,163,10,0,121,32,0,111513,Amadora,Grande Lisboa
Águas Livres,20 - 24 anos,M,1017,14,179,3,25,151,582,17,225,6,0,190,29,0,111513,Amadora,Grande Lisboa
Águas Livres,25 - 29 anos,H,1212,27,295,26,62,207,488,43,359,15,0,212,130,2,111513,Amadora,Grande Lisboa
Águas Livres,25 - 29 anos,M,1308,37,214,9,39,166,492,35,530,7,0,313,210,0,111513,Amadora,Grande Lisboa
Águas Livres,30 - 34 anos,H,1320,37,312,26,54,232,464,54,453,10,7,262,168,6,111513,Amadora,Grande Lisboa
Águas Livres,30 - 34 anos,M,1330,37,252,23,55,174,429,28,584,4,7,343,224,6,111513,Amadora,Grande Lisboa
Águas Livres,35 - 39 anos,H,1272,38,355,29,67,259,442,39,398,8,22,241,114,13,111513,Amadora,Grande Lisboa
Águas Livres,35 - 39 anos,M,1412,54,317,24,69,224,432,19,590,3,22,419,134,12,111513,Amadora,Grande Lisboa
Águas Livres,40 - 44 anos,H,1256,28,425,44,94,287,418,37,348,1,28,257,47,15,111513,Amadora,Grande Lisboa
Águas Livres,40 - 44 anos,M,1460,56,381,66,90,225,403,26,594,0,37,451,90,16,111513,Amadora,Grande Lisboa
Águas Livres,45 - 49 anos,H,1235,24,495,90,150,255,423,34,259,0,25,197,30,7,111513,Amadora,Grande Lisboa
Águas Livres,45 - 49 anos,M,1375,50,430,116,106,208,449,28,418,0,29,328,54,7,111513,Amadora,Grande Lisboa
Águas Livres,50 - 54 anos,H,1002,33,492,109,157,226,313,18,146,0,13,102,25,6,111513,Amadora,Grande Lisboa
Águas Livres,50 - 54 anos,M,1207,59,491,158,146,187,373,14,270,0,33,191,39,7,111513,Amadora,Grande Lisboa
Águas Livres,55 - 59 anos,H,915,27,506,153,146,207,256,3,123,0,18,76,19,10,111513,Amadora,Grande Lisboa
Águas Livres,55 - 59 anos,M,1212,61,597,259,130,208,344,3,207,0,20,147,31,9,111513,Amadora,Grande Lisboa
Águas Livres,60 - 64 anos,H,879,50,504,201,121,182,211,0,114,0,18,74,16,6,111513,Amadora,Grande Lisboa
Águas Livres,60 - 64 anos,M,1245,92,694,318,134,242,293,0,166,0,17,124,20,5,111513,Amadora,Grande Lisboa
Águas Livres,65 - 69 anos,H,928,60,590,349,105,136,165,0,113,0,33,64,9,7,111513,Amadora,Grande Lisboa
Águas Livres,65 - 69 anos,M,1258,120,803,473,99,231,199,0,136,0,32,95,6,3,111513,Amadora,Grande Lisboa
Águas Livres,70 - 74 anos,H,1008,57,736,448,87,201,124,0,91,0,27,50,7,7,111513,Amadora,Grande Lisboa
Águas Livres,70 - 74 anos,M,1345,101,1011,649,101,261,148,0,85,0,29,52,2,2,111513,Amadora,Grande Lisboa
Águas Livres,75 ou mais anos,H,1703,101,1375,962,140,273,130,0,97,0,26,65,4,2,111513,Amadora,Grande Lisboa
Águas Livres,75 ou mais anos,M,2746,443,2082,1629,181,272,116,0,105,0,49,44,12,0,111513,Amadora,Grande Lisboa
Alfragide,Total,H,7970,1028,2870,944,741,1185,1769,90,2213,14,169,1422,520,88,111512,Amadora,Grande Lisboa
Alfragide,Total,M,8867,1192,2981,1207,649,1125,1738,73,2883,2,226,1931,629,95,111512,Amadora,Grande Lisboa
Alfragide,Menos de 15 anos,H,1286,808,478,188,262,28,0,0,0,0,0,0,0,0,111512,Amadora,Grande Lisboa
Alfragide,Menos de 15 anos,M,1215,735,480,201,241,38,0,0,0,0,0,0,0,0,111512,Amadora,Grande Lisboa
Alfragide,15 - 19 anos,H,569,5,374,7,52,315,188,1,1,1,0,0,0,0,111512,Amadora,Grande Lisboa
Alfragide,15 - 19 anos,M,530,4,331,7,38,286,195,0,0,0,0,0,0,0,111512,Amadora,Grande Lisboa
Alfragide,20 - 24 anos,H,533,5,116,7,33,76,261,5,146,7,0,110,29,0,111512,Amadora,Grande Lisboa
Alfragide,20 - 24 anos,M,529,4,74,5,13,56,249,9,193,1,0,154,38,0,111512,Amadora,Grande Lisboa
Alfragide,25 - 29 anos,H,447,11,95,9,23,63,135,14,192,2,0,100,89,1,111512,Amadora,Grande Lisboa
Alfragide,25 - 29 anos,M,465,15,78,11,18,49,112,6,254,0,0,130,124,0,111512,Amadora,Grande Lisboa
Alfragide,30 - 34 anos,H,449,5,104,19,24,61,125,9,206,2,1,102,95,6,111512,Amadora,Grande Lisboa
Alfragide,30 - 34 anos,M,431,18,61,10,16,35,96,7,249,1,3,125,112,8,111512,Amadora,Grande Lisboa
Alfragide,35 - 39 anos,H,488,13,127,22,36,69,113,14,221,2,7,128,80,4,111512,Amadora,Grande Lisboa
Alfragide,35 - 39 anos,M,507,10,109,17,29,63,103,10,275,0,5,179,85,6,111512,Amadora,Grande Lisboa
Alfragide,40 - 44 anos,H,550,18,115,21,22,72,164,21,232,0,12,163,49,8,111512,Amadora,Grande Lisboa
Alfragide,40 - 44 anos,M,643,26,93,17,26,50,139,10,375,0,9,274,73,19,111512,Amadora,Grande Lisboa
Alfragide,45 - 49 anos,H,653,16,158,27,60,71,185,14,280,0,31,200,38,11,111512,Amadora,Grande Lisboa
Alfragide,45 - 49 anos,M,726,30,136,36,39,61,165,17,378,0,25,280,58,15,111512,Amadora,Grande Lisboa
Alfragide,50 - 54 anos,H,589,16,190,50,61,79,138,12,233,0,20,159,46,8,111512,Amadora,Grande Lisboa
Alfragide,50 - 54 anos,M,728,32,181,46,50,85,153,13,349,0,39,255,47,8,111512,Amadora,Grande Lisboa
Alfragide,55 - 59 anos,H,588,15,195,62,47,86,168,0,210,0,26,137,32,15,111512,Amadora,Grande Lisboa
Alfragide,55 - 59 anos,M,684,22,204,86,39,79,159,1,298,0,43,189,49,17,111512,Amadora,Grande Lisboa
Alfragide,60 - 64 anos,H,508,20,208,109,41,58,117,0,163,0,22,106,23,12,111512,Amadora,Grande Lisboa
Alfragide,60 - 64 anos,M,620,32,239,122,56,61,148,0,201,0,33,137,20,11,111512,Amadora,Grande Lisboa
Alfragide,65 - 69 anos,H,421,23,211,126,24,61,70,0,117,0,19,71,17,10,111512,Amadora,Grande Lisboa
Alfragide,65 - 69 anos,M,500,51,239,155,25,59,96,0,114,0,26,74,8,6,111512,Amadora,Grande Lisboa
Alfragide,70 - 74 anos,H,354,16,201,115,23,63,46,0,91,0,12,61,12,6,111512,Amadora,Grande Lisboa
Alfragide,70 - 74 anos,M,474,49,278,159,23,96,56,0,91,0,16,62,12,1,111512,Amadora,Grande Lisboa
Alfragide,75 ou mais anos,H,535,57,298,182,33,83,59,0,121,0,19,85,10,7,111512,Amadora,Grande Lisboa
Alfragide,75 ou mais anos,M,815,164,478,335,36,107,67,0,106,0,27,72,3,4,111512,Amadora,Grande Lisboa
Encosta do Sol,Total,H,12657,1805,6152,2314,1446,2392,2839,157,1704,27,132,1094,396,55,111514,Amadora,Grande Lisboa
Encosta do Sol,Total,M,14436,2219,6262,2780,1259,2223,3196,144,2615,14,184,1814,543,60,111514,Amadora,Grande Lisboa
Encosta do Sol,Menos de 15 anos,H,2046,1296,750,346,340,64,0,0,0,0,0,0,0,0,111514,Amadora,Grande Lisboa
Encosta do Sol,Menos de 15 anos,M,1930,1235,695,297,347,51,0,0,0,0,0,0,0,0,111514,Amadora,Grande Lisboa
Encosta do Sol,15 - 19 anos,H,768,8,571,7,135,429,189,0,0,0,0,0,0,0,111514,Amadora,Grande Lisboa
Encosta do Sol,15 - 19 anos,M,707,6,448,3,65,380,253,0,0,0,0,0,0,0,111514,Amadora,Grande Lisboa
Encosta do Sol,20 - 24 anos,H,801,15,235,8,42,185,399,16,136,13,0,103,20,0,111514,Amadora,Grande Lisboa
Encosta do Sol,20 - 24 anos,M,884,14,185,9,32,144,476,16,193,4,0,156,33,0,111514,Amadora,Grande Lisboa
Encosta do Sol,25 - 29 anos,H,897,27,217,23,31,163,378,30,245,3,0,149,90,3,111514,Amadora,Grande Lisboa
Encosta do Sol,25 - 29 anos,M,911,34,177,11,26,140,307,36,357,1,0,219,135,2,111514,Amadora,Grande Lisboa
Encosta do Sol,30 - 34 anos,H,857,36,239,23,51,165,297,32,253,6,2,130,109,6,111514,Amadora,Grande Lisboa
Encosta do Sol,30 - 34 anos,M,918,35,216,20,51,145,294,22,351,4,6,203,131,7,111514,Amadora,Grande Lisboa
Encosta do Sol,35 - 39 anos,H,869,39,317,28,90,199,269,25,219,3,27,124,61,4,111514,Amadora,Grande Lisboa
Encosta do Sol,35 - 39 anos,M,899,34,244,28,48,168,264,25,332,4,13,223,83,9,111514,Amadora,Grande Lisboa
Encosta do Sol,40 - 44 anos,H,874,33,354,45,90,219,272,26,189,2,14,131,36,6,111514,Amadora,Grande Lisboa
Encosta do Sol,40 - 44 anos,M,1006,35,316,52,92,172,329,20,306,1,19,232,48,6,111514,Amadora,Grande Lisboa
Encosta do Sol,45 - 49 anos,H,887,30,441,89,141,211,271,15,130,0,11,86,28,5,111514,Amadora,Grande Lisboa
Encosta do Sol,45 - 49 anos,M,1009,47,365,66,112,187,332,12,253,0,22,191,34,6,111514,Amadora,Grande Lisboa
Encosta do Sol,50 - 54 anos,H,839,43,468,121,151,196,217,12,99,0,13,64,16,6,111514,Amadora,Grande Lisboa
Encosta do Sol,50 - 54 anos,M,913,38,420,121,127,172,259,10,186,0,20,129,32,5,111514,Amadora,Grande Lisboa
Encosta do Sol,55 - 59 anos,H,706,23,420,141,127,152,164,1,98,0,16,70,9,3,111514,Amadora,Grande Lisboa
Encosta do Sol,55 - 59 anos,M,961,46,497,203,119,175,233,3,182,0,15,136,21,10,111514,Amadora,Grande Lisboa
Encosta do Sol,60 - 64 anos,H,774,37,449,216,101,132,169,0,119,0,16,80,12,11,111514,Amadora,Grande Lisboa
Encosta do Sol,60 - 64 anos,M,1030,74,534,273,101,160,227,0,195,0,26,147,16,6,111514,Amadora,Grande Lisboa
Encosta do Sol,65 - 69 anos,H,706,49,452,302,51,99,118,0,87,0,11,66,7,3,111514,Amadora,Grande Lisboa
Encosta do Sol,65 - 69 anos,M,938,83,595,407,54,134,126,0,134,0,23,100,4,7,111514,Amadora,Grande Lisboa
Encosta do Sol,70 - 74 anos,H,620,47,448,322,50,76,50,0,75,0,7,60,4,4,111514,Amadora,Grande Lisboa
Encosta do Sol,70 - 74 anos,M,827,103,608,474,31,103,53,0,63,0,17,41,4,1,111514,Amadora,Grande Lisboa
Encosta do Sol,75 ou mais anos,H,1013,122,791,643,46,102,46,0,54,0,15,31,4,4,111514,Amadora,Grande Lisboa
Encosta do Sol,75 ou mais anos,M,1503,435,962,816,54,92,43,0,63,0,23,37,2,1,111514,Amadora,Grande Lisboa
Falagueira-Venda Nova,Total,H,9404,1060,4511,1824,990,1697,2265,146,1422,27,97,966,295,37,111515,Amadora,Grande Lisboa
Falagueira-Venda Nova,Total,M,11384,1441,5165,2643,921,1601,2538,108,2132,10,168,1442,481,31,111515,Amadora,Grande Lisboa
Falagueira-Venda Nova,Menos de 15 anos,H,1288,798,490,195,254,41,0,0,0,0,0,0,0,0,111515,Amadora,Grande Lisboa
Falagueira-Venda Nova,Menos de 15 anos,M,1257,791,466,194,239,33,0,0,0,0,0,0,0,0,111515,Amadora,Grande Lisboa
Falagueira-Venda Nova,15 - 19 anos,H,466,6,314,3,54,257,144,0,2,2,0,0,0,0,111515,Amadora,Grande Lisboa
Falagueira-Venda Nova,15 - 19 anos,M,457,2,284,5,50,229,170,1,0,0,0,0,0,0,111515,Amadora,Grande Lisboa
Falagueira-Venda Nova,20 - 24 anos,H,584,9,140,6,25,109,331,14,90,7,0,73,10,0,111515,Amadora,Grande Lisboa
Falagueira-Venda Nova,20 - 24 anos,M,618,6,119,7,24,88,327,9,157,1,0,131,25,0,111515,Amadora,Grande Lisboa
Falagueira-Venda Nova,25 - 29 anos,H,698,11,139,11,24,104,285,26,237,6,0,149,78,4,111515,Amadora,Grande Lisboa
Falagueira-Venda Nova,25 - 29 anos,M,765,10,126,13,21,92,269,19,341,4,0,198,138,1,111515,Amadora,Grande Lisboa
Falagueira-Venda Nova,30 - 34 anos,H,615,12,149,16,26,107,217,26,211,9,3,126,69,4,111515,Amadora,Grande Lisboa
Falagueira-Venda Nova,30 - 34 anos,M,684,23,117,14,17,86,205,17,322,1,2,186,130,3,111515,Amadora,Grande Lisboa
Falagueira-Venda Nova,35 - 39 anos,H,581,16,164,19,52,93,219,22,160,1,13,110,33,3,111515,Amadora,Grande Lisboa
Falagueira-Venda Nova,35 - 39 anos,M,680,30,151,14,25,112,241,18,240,3,17,156,60,4,111515,Amadora,Grande Lisboa
Falagueira-Venda Nova,40 - 44 anos,H,668,12,228,29,57,142,228,26,174,2,13,120,37,2,111515,Amadora,Grande Lisboa
Falagueira-Venda Nova,40 - 44 anos,M,709,18,184,28,42,114,247,15,245,1,19,189,32,4,111515,Amadora,Grande Lisboa
Falagueira-Venda Nova,45 - 49 anos,H,599,14,231,44,67,120,203,21,130,0,11,103,14,2,111515,Amadora,Grande Lisboa
Falagueira-Venda Nova,45 - 49 anos,M,764,39,209,46,56,107,258,13,245,0,20,187,32,6,111515,Amadora,Grande Lisboa
Falagueira-Venda Nova,50 - 54 anos,H,639,17,318,61,97,160,188,10,106,0,12,71,16,7,111515,Amadora,Grande Lisboa
Falagueira-Venda Nova,50 - 54 anos,M,726,36,288,68,81,139,233,13,156,0,19,113,20,4,111515,Amadora,Grande Lisboa
Falagueira-Venda Nova,55 - 59 anos,H,567,20,322,95,79,148,146,1,78,0,11,49,11,7,111515,Amadora,Grande Lisboa
Falagueira-Venda Nova,55 - 59 anos,M,686,36,315,103,85,127,202,3,130,0,19,93,14,4,111515,Amadora,Grande Lisboa
Falagueira-Venda Nova,60 - 64 anos,H,529,25,304,145,66,93,124,0,76,0,11,50,11,4,111515,Amadora,Grande Lisboa
Falagueira-Venda Nova,60 - 64 anos,M,686,37,380,180,77,123,167,0,102,0,13,71,16,2,111515,Amadora,Grande Lisboa
Falagueira-Venda Nova,65 - 69 anos,H,503,24,339,201,59,79,77,0,63,0,6,46,9,2,111515,Amadora,Grande Lisboa
Falagueira-Venda Nova,65 - 69 anos,M,689,45,458,291,60,107,104,0,82,0,23,52,7,0,111515,Amadora,Grande Lisboa
Falagueira-Venda Nova,70 - 74 anos,H,570,26,455,308,49,98,41,0,48,0,10,34,3,1,111515,Amadora,Grande Lisboa
Falagueira-Venda Nova,70 - 74 anos,M,832,39,682,477,71,134,56,0,55,0,17,31,4,3,111515,Amadora,Grande Lisboa
Falagueira-Venda Nova,75 ou mais anos,H,1097,70,918,691,81,146,62,0,47,0,7,35,4,1,111515,Amadora,Grande Lisboa
Falagueira-Venda Nova,75 ou mais anos,M,1831,329,1386,1203,73,110,59,0,57,0,19,35,3,0,111515,Amadora,Grande Lisboa
Mina de Água,Total,H,20192,2709,9263,3237,2241,3785,5020,339,2861,57,203,1939,605,57,111516,Amadora,Grande Lisboa
Mina de Água,Total,M,22769,3143,9677,4105,1980,3592,5311,222,4416,23,242,3222,873,56,111516,Amadora,Grande Lisboa
Mina de Água,Menos de 15 anos,H,3431,2204,1227,520,612,95,0,0,0,0,0,0,0,0,111516,Amadora,Grande Lisboa
Mina de Água,Menos de 15 anos,M,3315,2134,1181,493,595,93,0,0,0,0,0,0,0,0,111516,Amadora,Grande Lisboa
Mina de Água,15 - 19 anos,H,1088,4,750,7,125,618,330,3,1,1,0,0,0,0,111516,Amadora,Grande Lisboa
Mina de Água,15 - 19 anos,M,1086,11,715,7,97,611,359,0,1,1,0,0,0,0,111516,Amadora,Grande Lisboa
Mina de Água,20 - 24 anos,H,1168,16,266,8,44,214,685,32,169,12,0,136,19,2,111516,Amadora,Grande Lisboa
Mina de Água,20 - 24 anos,M,1155,23,178,4,21,153,638,18,298,7,0,254,37,0,111516,Amadora,Grande Lisboa
Mina de Água,25 - 29 anos,H,1269,30,268,17,43,208,552,42,377,17,0,229,130,1,111516,Amadora,Grande Lisboa
Mina de Água,25 - 29 anos,M,1306,27,210,11,50,149,490,32,547,6,0,341,198,2,111516,Amadora,Grande Lisboa
Mina de Água,30 - 34 anos,H,1414,34,335,22,78,235,530,68,447,12,2,255,172,6,111516,Amadora,Grande Lisboa
Mina de Água,30 - 34 anos,M,1480,32,309,19,66,224,504,34,601,5,2,366,221,7,111516,Amadora,Grande Lisboa
Mina de Água,35 - 39 anos,H,1534,28,450,31,88,331,561,71,424,12,31,277,95,9,111516,Amadora,Grande Lisboa
Mina de Água,35 - 39 anos,M,1715,40,368,17,86,265,535,48,724,3,22,523,167,9,111516,Amadora,Grande Lisboa
Mina de Água,40 - 44 anos,H,1601,26,528,53,144,331,554,60,433,3,23,319,82,6,111516,Amadora,Grande Lisboa
Mina de Água,40 - 44 anos,M,1881,39,417,55,89,273,622,43,760,1,34,607,107,11,111516,Amadora,Grande Lisboa
Mina de Água,45 - 49 anos,H,1550,36,629,92,194,343,504,40,341,0,39,259,40,3,111516,Amadora,Grande Lisboa
Mina de Água,45 - 49 anos,M,1666,38,502,90,123,289,577,24,525,0,44,410,65,6,111516,Amadora,Grande Lisboa
Mina de Água,50 - 54 anos,H,1252,32,649,129,250,270,369,20,182,0,19,132,21,10,111516,Amadora,Grande Lisboa
Mina de Água,50 - 54 anos,M,1543,61,680,178,177,325,466,20,316,0,32,245,30,9,111516,Amadora,Grande Lisboa
Mina de Água,55 - 59 anos,H,1142,32,670,227,194,249,301,3,136,0,16,100,15,5,111516,Amadora,Grande Lisboa
Mina de Água,55 - 59 anos,M,1496,68,785,296,196,293,412,3,228,0,22,181,18,7,111516,Amadora,Grande Lisboa
Mina de Água,60 - 64 anos,H,1226,49,768,300,187,281,285,0,124,0,19,87,13,5,111516,Amadora,Grande Lisboa
Mina de Água,60 - 64 anos,M,1448,79,879,416,176,287,332,0,158,0,24,115,16,3,111516,Amadora,Grande Lisboa
Mina de Água,65 - 69 anos,H,1093,56,776,465,110,201,155,0,106,0,12,76,11,7,111516,Amadora,Grande Lisboa
Mina de Água,65 - 69 anos,M,1328,94,925,573,119,233,203,0,106,0,12,83,9,2,111516,Amadora,Grande Lisboa
Mina de Água,70 - 74 anos,H,914,46,755,520,70,165,70,0,43,0,13,27,2,1,111516,Amadora,Grande Lisboa
Mina de Água,70 - 74 anos,M,1173,81,940,664,78,198,79,0,73,0,21,49,3,0,111516,Amadora,Grande Lisboa
Mina de Água,75 ou mais anos,H,1510,116,1192,846,102,244,124,0,78,0,29,42,5,2,111516,Amadora,Grande Lisboa
Mina de Água,75 ou mais anos,M,2177,416,1588,1282,107,199,94,0,79,0,29,48,2,0,111516,Amadora,Grande Lisboa
Venteira,Total,H,11917,1403,4970,1691,1095,2184,3117,185,2242,37,175,1480,496,54,111517,Amadora,Grande Lisboa
Venteira,Total,M,14251,1664,6050,2768,1086,2196,3223,116,3198,21,235,2214,676,52,111517,Amadora,Grande Lisboa
Venteira,Menos de 15 anos,H,1685,1105,580,269,289,22,0,0,0,0,0,0,0,0,111517,Amadora,Grande Lisboa
Venteira,Menos de 15 anos,M,1642,1056,586,281,261,44,0,0,0,0,0,0,0,0,111517,Amadora,Grande Lisboa
Venteira,15 - 19 anos,H,556,6,381,2,65,314,166,2,1,1,0,0,0,0,111517,Amadora,Grande Lisboa
Venteira,15 - 19 anos,M,531,4,343,2,43,298,182,0,2,2,0,0,0,0,111517,Amadora,Grande Lisboa
Venteira,20 - 24 anos,H,653,11,126,2,20,104,382,22,112,9,0,89,13,1,111517,Amadora,Grande Lisboa
Venteira,20 - 24 anos,M,652,13,92,1,10,81,362,8,177,4,0,145,27,1,111517,Amadora,Grande Lisboa
Venteira,25 - 29 anos,H,846,27,132,7,24,101,375,23,289,12,0,166,111,0,111517,Amadora,Grande Lisboa
Venteira,25 - 29 anos,M,932,21,117,5,17,95,323,18,453,8,0,270,172,3,111517,Amadora,Grande Lisboa
Venteira,30 - 34 anos,H,972,28,187,16,39,132,372,35,350,7,7,206,128,2,111517,Amadora,Grande Lisboa
Venteira,30 - 34 anos,M,980,28,163,14,35,114,294,16,479,3,4,293,173,6,111517,Amadora,Grande Lisboa
Venteira,35 - 39 anos,H,849,26,185,9,34,142,305,35,298,8,16,188,78,8,111517,Amadora,Grande Lisboa
Venteira,35 - 39 anos,M,974,30,170,17,23,130,312,23,439,3,19,285,122,10,111517,Amadora,Grande Lisboa
Venteira,40 - 44 anos,H,893,28,264,32,52,180,281,27,293,0,20,206,60,7,111517,Amadora,Grande Lisboa
Venteira,40 - 44 anos,M,955,29,204,28,48,128,310,20,392,1,22,303,63,3,111517,Amadora,Grande Lisboa
Venteira,45 - 49 anos,H,864,17,287,34,80,173,297,26,237,0,21,176,32,8,111517,Amadora,Grande Lisboa
Venteira,45 - 49 anos,M,1008,34,251,50,61,140,334,18,371,0,31,293,41,6,111517,Amadora,Grande Lisboa
Venteira,50 - 54 anos,H,713,18,282,41,91,150,234,13,166,0,19,117,24,6,111517,Amadora,Grande Lisboa
Venteira,50 - 54 anos,M,800,31,304,59,87,158,260,9,196,0,17,148,27,4,111517,Amadora,Grande Lisboa
Venteira,55 - 59 anos,H,658,20,318,71,96,151,205,2,113,0,24,74,11,4,111517,Amadora,Grande Lisboa
Venteira,55 - 59 anos,M,887,27,376,95,109,172,262,4,218,0,33,152,23,10,111517,Amadora,Grande Lisboa
Venteira,60 - 64 anos,H,611,21,315,115,67,133,170,0,105,0,23,63,16,3,111517,Amadora,Grande Lisboa
Venteira,60 - 64 anos,M,831,45,395,148,93,154,223,0,168,0,19,133,12,4,111517,Amadora,Grande Lisboa
Venteira,65 - 69 anos,H,571,25,343,177,60,106,113,0,90,0,10,64,13,3,111517,Amadora,Grande Lisboa
Venteira,65 - 69 anos,M,820,34,539,301,69,169,146,0,101,0,21,69,9,2,111517,Amadora,Grande Lisboa
Venteira,70 - 74 anos,H,624,12,464,242,58,164,76,0,72,0,14,48,6,4,111517,Amadora,Grande Lisboa
Venteira,70 - 74 anos,M,939,45,722,439,76,207,90,0,82,0,19,57,5,1,111517,Amadora,Grande Lisboa
Venteira,75 ou mais anos,H,1422,59,1106,674,120,312,141,0,116,0,21,83,4,8,111517,Amadora,Grande Lisboa
Venteira,75 ou mais anos,M,2300,267,1788,1328,154,306,125,0,120,0,50,66,2,2,111517,Amadora,Grande Lisboa
Cascais,Total,H,99766,12178,36721,11918,8610,16193,24120,1477,25270,238,2559,15991,5411,1071,1105,Cascais,Grande Lisboa
Cascais,Total,M,114358,13838,39867,16007,8227,15633,25395,1104,34154,90,3517,22763,6771,1013,1105,Cascais,Grande Lisboa
Cascais,Menos de 15 anos,H,16007,9478,6529,2663,3337,529,0,0,0,0,0,0,0,0,1105,Cascais,Grande Lisboa
Cascais,Menos de 15 anos,M,15030,8796,6234,2436,3278,520,0,0,0,0,0,0,0,0,1105,Cascais,Grande Lisboa
Cascais,15 - 19 anos,H,6239,45,3991,19,384,3588,2183,12,8,8,0,0,0,0,1105,Cascais,Grande Lisboa
Cascais,15 - 19 anos,M,5844,31,3500,11,309,3180,2305,5,3,3,0,0,0,0,1105,Cascais,Grande Lisboa
Cascais,20 - 24 anos,H,5868,64,850,17,112,721,3326,131,1497,71,0,1176,249,1,1105,Cascais,Grande Lisboa
Cascais,20 - 24 anos,M,5564,51,499,17,56,426,2904,103,2007,26,0,1625,355,1,1105,Cascais,Grande Lisboa
Cascais,25 - 29 anos,H,5280,94,929,53,164,712,1991,202,2064,49,0,1217,787,11,1105,Cascais,Grande Lisboa
Cascais,25 - 29 anos,M,4880,114,523,17,82,424,1479,124,2640,18,0,1538,1065,19,1105,Cascais,Grande Lisboa
Cascais,30 - 34 anos,H,4947,131,978,64,182,732,1679,230,1929,44,29,1079,740,37,1105,Cascais,Grande Lisboa
Cascais,30 - 34 anos,M,5326,167,701,35,115,551,1492,123,2843,19,34,1613,1124,53,1105,Cascais,Grande Lisboa
Cascais,35 - 39 anos,H,5811,124,1314,71,268,975,1809,245,2319,51,206,1330,673,59,1105,Cascais,Grande Lisboa
Cascais,35 - 39 anos,M,6663,221,907,50,153,704,1735,161,3639,18,234,2307,979,101,1105,Cascais,Grande Lisboa
Cascais,40 - 44 anos,H,7397,160,1687,124,339,1224,2316,217,3017,15,275,2047,575,105,1105,Cascais,Grande Lisboa
Cascais,40 - 44 anos,M,8938,234,1200,128,249,823,2379,212,4913,6,309,3613,848,137,1105,Cascais,Grande Lisboa
Cascais,45 - 49 anos,H,8274,169,2064,250,569,1245,2463,232,3346,0,381,2301,554,110,1105,Cascais,Grande Lisboa
Cascais,45 - 49 anos,M,9663,289,1712,264,435,1013,2651,197,4814,0,461,3512,720,121,1105,Cascais,Grande Lisboa
Cascais,50 - 54 anos,H,7271,164,2367,416,759,1192,2109,175,2456,0,327,1531,487,111,1105,Cascais,Grande Lisboa
Cascais,50 - 54 anos,M,8444,249,2129,429,626,1074,2434,149,3483,0,473,2346,541,123,1105,Cascais,Grande Lisboa
Cascais,55 - 59 anos,H,6708,204,2400,610,687,1103,1938,33,2133,0,313,1258,420,142,1105,Cascais,Grande Lisboa
Cascais,55 - 59 anos,M,8149,330,2543,744,655,1144,2340,30,2906,0,463,1859,451,133,1105,Cascais,Grande Lisboa
Cascais,60 - 64 anos,H,5951,266,2317,902,553,862,1520,0,1848,0,259,1097,356,136,1105,Cascais,Grande Lisboa
Cascais,60 - 64 anos,M,7409,365,2879,1134,626,1119,1906,0,2259,0,336,1508,304,111,1105,Cascais,Grande Lisboa
Cascais,65 - 69 anos,H,5533,282,2528,1462,374,692,1121,0,1602,0,230,993,254,125,1105,Cascais,Grande Lisboa
Cascais,65 - 69 anos,M,7223,444,3526,1991,466,1069,1505,0,1748,0,394,1072,177,105,1105,Cascais,Grande Lisboa
Cascais,70 - 74 anos,H,5347,304,3079,1718,342,1019,704,0,1260,0,232,783,155,90,1105,Cascais,Grande Lisboa
Cascais,70 - 74 anos,M,6980,433,4417,2545,429,1443,869,0,1261,0,328,756,112,65,1105,Cascais,Grande Lisboa
Cascais,75 ou mais anos,H,9133,693,5688,3549,540,1599,961,0,1791,0,307,1179,161,144,1105,Cascais,Grande Lisboa
Cascais,75 ou mais anos,M,14245,2114,9097,6206,748,2143,1396,0,1638,0,485,1014,95,44,1105,Cascais,Grande Lisboa
Alcabideche,Total,H,21051,2673,9401,3267,2205,3929,4956,312,3709,47,374,2387,787,114,110501,Cascais,Grande Lisboa
Alcabideche,Total,M,23114,3080,9392,4088,1928,3376,5183,257,5202,21,496,3595,971,119,110501,Cascais,Grande Lisboa
Alcabideche,Menos de 15 anos,H,3407,1987,1420,594,708,118,0,0,0,0,0,0,0,0,110501,Cascais,Grande Lisboa
Alcabideche,Menos de 15 anos,M,3280,1893,1387,546,729,112,0,0,0,0,0,0,0,0,110501,Cascais,Grande Lisboa
Alcabideche,15 - 19 anos,H,1376,6,895,6,82,807,470,3,2,2,0,0,0,0,110501,Cascais,Grande Lisboa
Alcabideche,15 - 19 anos,M,1275,9,749,3,68,678,515,0,2,2,0,0,0,0,110501,Cascais,Grande Lisboa
Alcabideche,20 - 24 anos,H,1368,11,291,4,48,239,734,28,304,17,0,234,52,1,110501,Cascais,Grande Lisboa
Alcabideche,20 - 24 anos,M,1216,7,163,4,19,140,611,23,412,3,0,340,69,0,110501,Cascais,Grande Lisboa
Alcabideche,25 - 29 anos,H,1286,31,369,28,87,254,493,50,343,14,0,211,117,1,110501,Cascais,Grande Lisboa
Alcabideche,25 - 29 anos,M,1058,23,141,4,26,111,399,32,463,4,0,297,158,4,110501,Cascais,Grande Lisboa
Alcabideche,30 - 34 anos,H,1075,33,310,16,76,218,400,52,280,9,4,179,86,2,110501,Cascais,Grande Lisboa
Alcabideche,30 - 34 anos,M,1045,32,195,8,26,161,346,26,446,4,4,274,160,4,110501,Cascais,Grande Lisboa
Alcabideche,35 - 39 anos,H,1227,39,388,27,99,262,382,46,372,4,31,214,118,5,110501,Cascais,Grande Lisboa
Alcabideche,35 - 39 anos,M,1392,62,239,15,44,180,436,44,611,7,31,398,163,12,110501,Cascais,Grande Lisboa
Alcabideche,40 - 44 anos,H,1548,42,480,26,110,344,505,48,473,1,37,317,102,16,110501,Cascais,Grande Lisboa
Alcabideche,40 - 44 anos,M,1812,51,343,32,78,233,547,50,821,1,54,631,116,19,110501,Cascais,Grande Lisboa
Alcabideche,45 - 49 anos,H,1695,43,607,88,181,338,499,47,499,0,70,343,78,8,110501,Cascais,Grande Lisboa
Alcabideche,45 - 49 anos,M,1912,73,470,70,121,279,573,47,749,0,78,558,104,9,110501,Cascais,Grande Lisboa
Alcabideche,50 - 54 anos,H,1567,43,688,132,240,316,446,32,358,0,64,227,59,8,110501,Cascais,Grande Lisboa
Alcabideche,50 - 54 anos,M,1798,62,635,154,180,301,515,32,554,0,98,370,72,14,110501,Cascais,Grande Lisboa
Alcabideche,55 - 59 anos,H,1500,65,707,225,200,282,384,6,338,0,44,191,82,21,110501,Cascais,Grande Lisboa
Alcabideche,55 - 59 anos,M,1665,70,725,239,185,301,450,3,417,0,67,264,62,24,110501,Cascais,Grande Lisboa
Alcabideche,60 - 64 anos,H,1233,74,661,295,125,241,261,0,237,0,41,141,36,19,110501,Cascais,Grande Lisboa
Alcabideche,60 - 64 anos,M,1486,83,775,334,171,270,346,0,282,0,41,191,35,15,110501,Cascais,Grande Lisboa
Alcabideche,65 - 69 anos,H,1129,60,692,453,95,144,170,0,207,0,31,132,29,15,110501,Cascais,Grande Lisboa
Alcabideche,65 - 69 anos,M,1325,91,842,549,117,176,205,0,187,0,44,115,16,12,110501,Cascais,Grande Lisboa
Alcabideche,70 - 74 anos,H,993,73,698,465,67,166,92,0,130,0,27,81,17,5,110501,Cascais,Grande Lisboa
Alcabideche,70 - 74 anos,M,1284,94,978,698,75,205,93,0,119,0,31,77,6,5,110501,Cascais,Grande Lisboa
Alcabideche,75 ou mais anos,H,1647,166,1195,908,87,200,120,0,166,0,25,117,11,13,110501,Cascais,Grande Lisboa
Alcabideche,75 ou mais anos,M,2566,530,1750,1432,89,229,147,0,139,0,48,80,10,1,110501,Cascais,Grande Lisboa
São Domingos de Rana,Total,H,27910,3603,11909,4061,2848,5000,6901,487,5010,86,442,3376,954,152,110506,Cascais,Grande Lisboa
São Domingos de Rana,Total,M,31328,4101,12193,5100,2586,4507,6990,342,7702,27,562,5523,1442,148,110506,Cascais,Grande Lisboa
São Domingos de Rana,Menos de 15 anos,H,4836,2942,1894,783,972,139,0,0,0,0,0,0,0,0,110506,Cascais,Grande Lisboa
São Domingos de Rana,Menos de 15 anos,M,4593,2736,1857,694,988,175,0,0,0,0,0,0,0,0,110506,Cascais,Grande Lisboa
São Domingos de Rana,15 - 19 anos,H,1820,13,1185,5,127,1053,613,5,4,4,0,0,0,0,110506,Cascais,Grande Lisboa
São Domingos de Rana,15 - 19 anos,M,1673,6,1023,7,106,910,641,3,0,0,0,0,0,0,110506,Cascais,Grande Lisboa
São Domingos de Rana,20 - 24 anos,H,1644,19,293,8,33,252,950,51,331,30,0,241,60,0,110506,Cascais,Grande Lisboa
São Domingos de Rana,20 - 24 anos,M,1575,12,160,5,16,139,858,38,507,10,0,413,84,0,110506,Cascais,Grande Lisboa
São Domingos de Rana,25 - 29 anos,H,1335,21,231,8,32,191,572,66,445,10,0,286,144,5,110506,Cascais,Grande Lisboa
São Domingos de Rana,25 - 29 anos,M,1343,30,179,7,25,147,436,42,656,7,0,405,241,3,110506,Cascais,Grande Lisboa
São Domingos de Rana,30 - 34 anos,H,1447,33,302,20,54,228,529,82,501,18,3,291,176,13,110506,Cascais,Grande Lisboa
São Domingos de Rana,30 - 34 anos,M,1630,31,252,15,49,188,486,39,822,7,3,469,330,13,110506,Cascais,Grande Lisboa
São Domingos de Rana,35 - 39 anos,H,1716,20,473,19,105,349,557,84,582,18,35,368,144,17,110506,Cascais,Grande Lisboa
São Domingos de Rana,35 - 39 anos,M,2038,47,355,13,67,275,549,54,1033,2,41,725,239,26,110506,Cascais,Grande Lisboa
São Domingos de Rana,40 - 44 anos,H,2360,39,640,53,132,455,807,68,806,6,64,593,118,25,110506,Cascais,Grande Lisboa
São Domingos de Rana,40 - 44 anos,M,2786,63,459,47,85,327,792,71,1401,1,73,1121,177,29,110506,Cascais,Grande Lisboa
São Domingos de Rana,45 - 49 anos,H,2550,37,783,88,218,477,822,73,835,0,86,622,102,25,110506,Cascais,Grande Lisboa
São Domingos de Rana,45 - 49 anos,M,2874,60,662,100,168,394,881,61,1210,0,99,966,128,17,110506,Cascais,Grande Lisboa
São Domingos de Rana,50 - 54 anos,H,2016,38,864,159,280,425,617,46,451,0,57,296,80,18,110506,Cascais,Grande Lisboa
São Domingos de Rana,50 - 54 anos,M,2326,58,767,154,230,383,742,31,728,0,99,521,91,17,110506,Cascais,Grande Lisboa
São Domingos de Rana,55 - 59 anos,H,1775,39,876,218,262,396,526,12,322,0,49,214,42,17,110506,Cascais,Grande Lisboa
São Domingos de Rana,55 - 59 anos,M,2102,80,917,271,255,391,602,3,500,0,67,347,69,17,110506,Cascais,Grande Lisboa
São Domingos de Rana,60 - 64 anos,H,1526,57,843,333,229,281,370,0,256,0,38,159,43,16,110506,Cascais,Grande Lisboa
São Domingos de Rana,60 - 64 anos,M,1924,95,1030,466,229,335,459,0,340,0,43,246,41,10,110506,Cascais,Grande Lisboa
São Domingos de Rana,65 - 69 anos,H,1482,66,955,578,144,233,255,0,206,0,41,128,29,8,110506,Cascais,Grande Lisboa
São Domingos de Rana,65 - 69 anos,M,1826,117,1214,786,142,286,266,0,229,0,50,151,20,8,110506,Cascais,Grande Lisboa
São Domingos de Rana,70 - 74 anos,H,1336,70,1003,667,118,218,136,0,127,0,33,84,7,3,110506,Cascais,Grande Lisboa
São Domingos de Rana,70 - 74 anos,M,1627,116,1243,862,111,270,138,0,130,0,29,80,16,5,110506,Cascais,Grande Lisboa
São Domingos de Rana,75 ou mais anos,H,2067,209,1567,1122,142,303,147,0,144,0,36,94,9,5,110506,Cascais,Grande Lisboa
São Domingos de Rana,75 ou mais anos,M,3011,650,2075,1673,115,287,140,0,146,0,58,79,6,3,110506,Cascais,Grande Lisboa
União das freguesias de Carcavelos e Parede,Total,H,21189,2265,6144,1722,1405,3017,5275,326,7179,47,734,4558,1507,333,110507,Cascais,Grande Lisboa
União das freguesias de Carcavelos e Parede,Total,M,25340,2516,7475,2825,1510,3140,5484,227,9638,18,955,6322,1988,355,110507,Cascais,Grande Lisboa
União das freguesias de Carcavelos e Parede,Menos de 15 anos,H,3203,1908,1295,519,679,97,0,0,0,0,0,0,0,0,110507,Cascais,Grande Lisboa
União das freguesias de Carcavelos e Parede,Menos de 15 anos,M,2990,1787,1203,483,649,71,0,0,0,0,0,0,0,0,110507,Cascais,Grande Lisboa
União das freguesias de Carcavelos e Parede,15 - 19 anos,H,1279,9,810,2,63,745,459,1,0,0,0,0,0,0,110507,Cascais,Grande Lisboa
União das freguesias de Carcavelos e Parede,15 - 19 anos,M,1231,7,723,0,52,671,500,0,1,1,0,0,0,0,110507,Cascais,Grande Lisboa
União das freguesias de Carcavelos e Parede,20 - 24 anos,H,1222,9,103,0,8,95,722,29,359,14,0,293,52,0,110507,Cascais,Grande Lisboa
União das freguesias de Carcavelos e Parede,20 - 24 anos,M,1182,15,56,4,4,48,602,19,490,7,0,389,94,0,110507,Cascais,Grande Lisboa
União das freguesias de Carcavelos e Parede,25 - 29 anos,H,1094,13,105,3,16,86,357,38,581,8,0,321,249,3,110507,Cascais,Grande Lisboa
União das freguesias de Carcavelos e Parede,25 - 29 anos,M,1073,16,75,3,16,56,256,21,705,4,0,364,332,5,110507,Cascais,Grande Lisboa
União das freguesias de Carcavelos e Parede,30 - 34 anos,H,1009,18,123,7,18,98,297,45,526,7,9,277,218,15,110507,Cascais,Grande Lisboa
União das freguesias de Carcavelos e Parede,30 - 34 anos,M,1150,31,89,6,11,72,245,25,760,3,8,401,325,23,110507,Cascais,Grande Lisboa
União das freguesias de Carcavelos e Parede,35 - 39 anos,H,1221,17,149,8,13,128,367,55,633,14,54,357,188,20,110507,Cascais,Grande Lisboa
União das freguesias de Carcavelos e Parede,35 - 39 anos,M,1372,26,115,7,9,99,279,26,926,3,58,556,274,35,110507,Cascais,Grande Lisboa
União das freguesias de Carcavelos e Parede,40 - 44 anos,H,1520,26,181,12,27,142,444,49,820,4,70,572,146,28,110507,Cascais,Grande Lisboa
União das freguesias de Carcavelos e Parede,40 - 44 anos,M,1879,32,137,15,24,98,419,44,1247,0,67,875,254,51,110507,Cascais,Grande Lisboa
União das freguesias de Carcavelos e Parede,45 - 49 anos,H,1822,31,279,27,61,191,519,53,940,0,92,646,157,45,110507,Cascais,Grande Lisboa
União das freguesias de Carcavelos e Parede,45 - 49 anos,M,2158,45,190,30,49,111,505,41,1377,0,118,994,218,47,110507,Cascais,Grande Lisboa
União das freguesias de Carcavelos e Parede,50 - 54 anos,H,1560,24,307,39,79,189,456,49,724,0,83,450,148,43,110507,Cascais,Grande Lisboa
União das freguesias de Carcavelos e Parede,50 - 54 anos,M,1863,36,282,41,89,152,521,40,984,0,106,682,158,38,110507,Cascais,Grande Lisboa
União das freguesias de Carcavelos e Parede,55 - 59 anos,H,1428,18,324,50,94,180,422,7,657,0,100,388,124,45,110507,Cascais,Grande Lisboa
União das freguesias de Carcavelos e Parede,55 - 59 anos,M,1773,43,321,67,74,180,529,11,869,0,117,565,136,51,110507,Cascais,Grande Lisboa
União das freguesias de Carcavelos e Parede,60 - 64 anos,H,1306,33,314,94,74,146,404,0,555,0,76,359,76,44,110507,Cascais,Grande Lisboa
União das freguesias de Carcavelos e Parede,60 - 64 anos,M,1646,41,403,107,95,201,492,0,710,0,103,486,81,40,110507,Cascais,Grande Lisboa
União das freguesias de Carcavelos e Parede,65 - 69 anos,H,1112,35,321,124,64,133,310,0,446,0,64,279,73,30,110507,Cascais,Grande Lisboa
União das freguesias de Carcavelos e Parede,65 - 69 anos,M,1638,63,608,251,83,274,421,0,546,0,110,349,55,32,110507,Cascais,Grande Lisboa
União das freguesias de Carcavelos e Parede,70 - 74 anos,H,1160,37,594,220,68,306,190,0,339,0,67,222,28,22,110507,Cascais,Grande Lisboa
União das freguesias de Carcavelos e Parede,70 - 74 anos,M,1669,69,908,383,118,407,263,0,429,0,109,267,34,19,110507,Cascais,Grande Lisboa
União das freguesias de Carcavelos e Parede,75 ou mais anos,H,2253,87,1239,617,141,481,328,0,599,0,119,394,48,38,110507,Cascais,Grande Lisboa
União das freguesias de Carcavelos e Parede,75 ou mais anos,M,3716,305,2365,1428,237,700,452,0,594,0,159,394,27,14,110507,Cascais,Grande Lisboa
União das freguesias de Cascais e Estoril,Total,H,29616,3637,9267,2868,2152,4247,6988,352,9372,58,1009,5670,2163,472,110508,Cascais,Grande Lisboa
União das freguesias de Cascais e Estoril,Total,M,34576,4141,10807,3994,2203,4610,7738,278,11612,24,1504,7323,2370,391,110508,Cascais,Grande Lisboa
União das freguesias de Cascais e Estoril,Menos de 15 anos,H,4561,2641,1920,767,978,175,0,0,0,0,0,0,0,0,110508,Cascais,Grande Lisboa
União das freguesias de Cascais e Estoril,Menos de 15 anos,M,4167,2380,1787,713,912,162,0,0,0,0,0,0,0,0,110508,Cascais,Grande Lisboa
União das freguesias de Cascais e Estoril,15 - 19 anos,H,1764,17,1101,6,112,983,641,3,2,2,0,0,0,0,110508,Cascais,Grande Lisboa
União das freguesias de Cascais e Estoril,15 - 19 anos,M,1665,9,1005,1,83,921,649,2,0,0,0,0,0,0,110508,Cascais,Grande Lisboa
União das freguesias de Cascais e Estoril,20 - 24 anos,H,1634,25,163,5,23,135,920,23,503,10,0,408,85,0,110508,Cascais,Grande Lisboa
União das freguesias de Cascais e Estoril,20 - 24 anos,M,1591,17,120,4,17,99,833,23,598,6,0,483,108,1,110508,Cascais,Grande Lisboa
União das freguesias de Cascais e Estoril,25 - 29 anos,H,1565,29,224,14,29,181,569,48,695,17,0,399,277,2,110508,Cascais,Grande Lisboa
União das freguesias de Cascais e Estoril,25 - 29 anos,M,1406,45,128,3,15,110,388,29,816,3,0,472,334,7,110508,Cascais,Grande Lisboa
União das freguesias de Cascais e Estoril,30 - 34 anos,H,1416,47,243,21,34,188,453,51,622,10,13,332,260,7,110508,Cascais,Grande Lisboa
União das freguesias de Cascais e Estoril,30 - 34 anos,M,1501,73,165,6,29,130,415,33,815,5,19,469,309,13,110508,Cascais,Grande Lisboa
União das freguesias de Cascais e Estoril,35 - 39 anos,H,1647,48,304,17,51,236,503,60,732,15,86,391,223,17,110508,Cascais,Grande Lisboa
União das freguesias de Cascais e Estoril,35 - 39 anos,M,1861,86,198,15,33,150,471,37,1069,6,104,628,303,28,110508,Cascais,Grande Lisboa
União das freguesias de Cascais e Estoril,40 - 44 anos,H,1969,53,386,33,70,283,560,52,918,4,104,565,209,36,110508,Cascais,Grande Lisboa
União das freguesias de Cascais e Estoril,40 - 44 anos,M,2461,88,261,34,62,165,621,47,1444,4,115,986,301,38,110508,Cascais,Grande Lisboa
União das freguesias de Cascais e Estoril,45 - 49 anos,H,2207,58,395,47,109,239,623,59,1072,0,133,690,217,32,110508,Cascais,Grande Lisboa
União das freguesias de Cascais e Estoril,45 - 49 anos,M,2719,111,390,64,97,229,692,48,1478,0,166,994,270,48,110508,Cascais,Grande Lisboa
União das freguesias de Cascais e Estoril,50 - 54 anos,H,2128,59,508,86,160,262,590,48,923,0,123,558,200,42,110508,Cascais,Grande Lisboa
União das freguesias de Cascais e Estoril,50 - 54 anos,M,2457,93,445,80,127,238,656,46,1217,0,170,773,220,54,110508,Cascais,Grande Lisboa
União das freguesias de Cascais e Estoril,55 - 59 anos,H,2005,82,493,117,131,245,606,8,816,0,120,465,172,59,110508,Cascais,Grande Lisboa
União das freguesias de Cascais e Estoril,55 - 59 anos,M,2609,137,580,167,141,272,759,13,1120,0,212,683,184,41,110508,Cascais,Grande Lisboa
União das freguesias de Cascais e Estoril,60 - 64 anos,H,1886,102,499,180,125,194,485,0,800,0,104,438,201,57,110508,Cascais,Grande Lisboa
União das freguesias de Cascais e Estoril,60 - 64 anos,M,2353,146,671,227,131,313,609,0,927,0,149,585,147,46,110508,Cascais,Grande Lisboa
União das freguesias de Cascais e Estoril,65 - 69 anos,H,1810,121,560,307,71,182,386,0,743,0,94,454,123,72,110508,Cascais,Grande Lisboa
União das freguesias de Cascais e Estoril,65 - 69 anos,M,2434,173,862,405,124,333,613,0,786,0,190,457,86,53,110508,Cascais,Grande Lisboa
União das freguesias de Cascais e Estoril,70 - 74 anos,H,1858,124,784,366,89,329,286,0,664,0,105,396,103,60,110508,Cascais,Grande Lisboa
União das freguesias de Cascais e Estoril,70 - 74 anos,M,2400,154,1288,602,125,561,375,0,583,0,159,332,56,36,110508,Cascais,Grande Lisboa
União das freguesias de Cascais e Estoril,75 ou mais anos,H,3166,231,1687,902,170,615,366,0,882,0,127,574,93,88,110508,Cascais,Grande Lisboa
União das freguesias de Cascais e Estoril,75 ou mais anos,M,4952,629,2907,1673,307,927,657,0,759,0,220,461,52,26,110508,Cascais,Grande Lisboa
Lisboa,Total,H,254179,30553,83641,29972,19800,33869,50484,2561,86940,486,5182,52043,24258,4971,1106,Lisboa,Grande Lisboa
Lisboa,Total,M,291617,35060,96851,43681,18579,34591,49472,1688,108546,181,7319,66879,29359,4808,1106,Lisboa,Grande Lisboa
Lisboa,Menos de 15 anos,H,36718,23436,13282,5536,6925,821,0,0,0,0,0,0,0,0,1106,Lisboa,Grande Lisboa
Lisboa,Menos de 15 anos,M,34502,22042,12460,5151,6407,902,0,0,0,0,0,0,0,0,1106,Lisboa,Grande Lisboa
Lisboa,15 - 19 anos,H,12832,122,8546,154,1262,7130,4142,7,15,15,0,0,0,0,1106,Lisboa,Grande Lisboa
Lisboa,15 - 19 anos,M,12552,88,7848,125,997,6726,4603,4,9,9,0,0,0,0,1106,Lisboa,Grande Lisboa
Lisboa,20 - 24 anos,H,14962,288,2687,125,582,1980,7663,199,4125,119,0,3186,819,1,1106,Lisboa,Grande Lisboa
Lisboa,20 - 24 anos,M,14723,224,1803,142,343,1318,7022,144,5530,49,0,4306,1170,5,1106,Lisboa,Grande Lisboa
Lisboa,25 - 29 anos,H,18603,548,2736,228,537,1971,5286,420,9613,127,0,4765,4654,67,1106,Lisboa,Grande Lisboa
Lisboa,25 - 29 anos,M,18693,434,1943,160,405,1378,3849,251,12216,51,0,5711,6388,66,1106,Lisboa,Grande Lisboa
Lisboa,30 - 34 anos,H,19303,642,3003,335,640,2028,4610,459,10589,114,136,4830,5227,282,1106,Lisboa,Grande Lisboa
Lisboa,30 - 34 anos,M,18844,519,2174,222,457,1495,3287,288,12576,32,93,5420,6704,327,1106,Lisboa,Grande Lisboa
Lisboa,35 - 39 anos,H,18714,559,3455,474,809,2172,4236,414,10050,91,574,5165,3740,480,1106,Lisboa,Grande Lisboa
Lisboa,35 - 39 anos,M,18571,486,2495,309,545,1641,3299,267,12024,30,483,6715,4258,538,1106,Lisboa,Grande Lisboa
Lisboa,40 - 44 anos,H,19459,515,3877,580,976,2321,4420,403,10244,20,616,6524,2525,559,1106,Lisboa,Grande Lisboa
Lisboa,40 - 44 anos,M,20394,513,2856,459,645,1752,3637,247,13141,9,503,8922,2945,762,1106,Lisboa,Grande Lisboa
Lisboa,45 - 49 anos,H,18870,478,4247,793,1235,2219,4095,366,9684,0,643,6392,2079,570,1106,Lisboa,Grande Lisboa
Lisboa,45 - 49 anos,M,20450,498,3526,809,937,1780,3766,257,12403,1,674,8592,2467,669,1106,Lisboa,Grande Lisboa
Lisboa,50 - 54 anos,H,16388,496,4865,1267,1448,2150,3511,237,7279,0,622,4513,1555,589,1106,Lisboa,Grande Lisboa
Lisboa,50 - 54 anos,M,18682,571,4548,1355,1332,1861,3771,200,9592,0,845,6446,1708,593,1106,Lisboa,Grande Lisboa
Lisboa,55 - 59 anos,H,15431,514,5315,1872,1420,2023,3469,56,6077,0,561,3632,1248,636,1106,Lisboa,Grande Lisboa
Lisboa,55 - 59 anos,M,18097,658,5631,2294,1348,1989,3872,30,7906,0,789,5271,1334,512,1106,Lisboa,Grande Lisboa
Lisboa,60 - 64 anos,H,13696,570,5244,2467,1120,1657,2861,0,5021,0,464,3131,929,497,1106,Lisboa,Grande Lisboa
Lisboa,60 - 64 anos,M,17544,780,6430,3170,1156,2104,3667,0,6667,0,789,4360,1052,466,1106,Lisboa,Grande Lisboa
Lisboa,65 - 69 anos,H,12797,554,5651,3471,785,1395,2146,0,4446,0,440,2959,626,421,1106,Lisboa,Grande Lisboa
Lisboa,65 - 69 anos,M,16786,946,7521,4564,862,2095,2862,0,5457,0,749,3774,605,329,1106,Lisboa,Grande Lisboa
Lisboa,70 - 74 anos,H,12168,541,6191,3576,689,1926,1481,0,3955,0,400,2787,405,363,1106,Lisboa,Grande Lisboa
Lisboa,70 - 74 anos,M,17142,970,9609,5686,906,3017,2121,0,4442,0,753,3048,380,261,1106,Lisboa,Grande Lisboa
Lisboa,75 ou mais anos,H,24238,1290,14542,9094,1372,4076,2564,0,5842,0,726,4159,451,506,1106,Lisboa,Grande Lisboa
Lisboa,75 ou mais anos,M,44637,6331,28007,19235,2239,6533,3716,0,6583,0,1641,4314,348,280,1106,Lisboa,Grande Lisboa
Ajuda,Total,H,6566,790,2931,1118,648,1165,1323,73,1449,20,96,850,419,64,110601,Lisboa,Grande Lisboa
Ajuda,Total,M,7740,1015,3383,1675,619,1089,1392,53,1897,4,122,1167,535,69,110601,Lisboa,Grande Lisboa
Ajuda,Menos de 15 anos,H,939,594,345,152,171,22,0,0,0,0,0,0,0,0,110601,Lisboa,Grande Lisboa
Ajuda,Menos de 15 anos,M,857,548,309,120,165,24,0,0,0,0,0,0,0,0,110601,Lisboa,Grande Lisboa
Ajuda,15 - 19 anos,H,304,5,217,3,35,179,82,0,0,0,0,0,0,0,110601,Lisboa,Grande Lisboa
Ajuda,15 - 19 anos,M,293,6,183,2,25,156,104,0,0,0,0,0,0,0,110601,Lisboa,Grande Lisboa
Ajuda,20 - 24 anos,H,344,5,92,3,27,62,170,6,71,9,0,47,15,0,110601,Lisboa,Grande Lisboa
Ajuda,20 - 24 anos,M,327,2,73,4,20,49,153,5,94,2,0,79,13,0,110601,Lisboa,Grande Lisboa
Ajuda,25 - 29 anos,H,394,10,86,4,25,57,121,12,165,5,0,81,79,0,110601,Lisboa,Grande Lisboa
Ajuda,25 - 29 anos,M,459,9,77,6,14,57,130,8,235,0,0,112,123,0,110601,Lisboa,Grande Lisboa
Ajuda,30 - 34 anos,H,454,6,71,10,14,47,130,17,230,4,5,112,103,6,110601,Lisboa,Grande Lisboa
Ajuda,30 - 34 anos,M,512,12,92,7,23,62,107,13,288,1,6,130,145,6,110601,Lisboa,Grande Lisboa
Ajuda,35 - 39 anos,H,467,11,125,13,28,84,112,8,211,2,13,106,78,12,110601,Lisboa,Grande Lisboa
Ajuda,35 - 39 anos,M,439,10,95,15,23,57,94,14,226,0,12,126,77,11,110601,Lisboa,Grande Lisboa
Ajuda,40 - 44 anos,H,498,13,144,19,29,96,127,13,201,0,13,115,59,14,110601,Lisboa,Grande Lisboa
Ajuda,40 - 44 anos,M,548,16,101,26,12,63,154,7,270,1,11,185,57,16,110601,Lisboa,Grande Lisboa
Ajuda,45 - 49 anos,H,481,26,164,31,41,92,127,6,158,0,13,107,35,3,110601,Lisboa,Grande Lisboa
Ajuda,45 - 49 anos,M,520,14,144,31,39,74,109,2,251,0,11,189,41,10,110601,Lisboa,Grande Lisboa
Ajuda,50 - 54 anos,H,405,12,179,39,59,81,107,9,98,0,10,71,11,6,110601,Lisboa,Grande Lisboa
Ajuda,50 - 54 anos,M,436,15,165,52,49,64,105,3,148,0,15,92,30,11,110601,Lisboa,Grande Lisboa
Ajuda,55 - 59 anos,H,375,22,188,72,40,76,88,2,75,0,7,46,13,9,110601,Lisboa,Grande Lisboa
Ajuda,55 - 59 anos,M,480,17,194,69,47,78,139,1,129,0,17,86,19,7,110601,Lisboa,Grande Lisboa
Ajuda,60 - 64 anos,H,405,19,215,81,48,86,87,0,84,0,12,55,12,5,110601,Lisboa,Grande Lisboa
Ajuda,60 - 64 anos,M,450,33,223,101,46,76,103,0,91,0,10,62,14,5,110601,Lisboa,Grande Lisboa
Ajuda,65 - 69 anos,H,313,10,213,126,28,59,45,0,45,0,3,35,3,4,110601,Lisboa,Grande Lisboa
Ajuda,65 - 69 anos,M,435,38,264,162,34,68,76,0,57,0,9,41,5,2,110601,Lisboa,Grande Lisboa
Ajuda,70 - 74 anos,H,350,15,243,153,25,65,47,0,45,0,7,32,4,2,110601,Lisboa,Grande Lisboa
Ajuda,70 - 74 anos,M,506,31,382,255,41,86,49,0,44,0,6,33,4,1,110601,Lisboa,Grande Lisboa
Ajuda,75 ou mais anos,H,837,42,649,412,78,159,80,0,66,0,13,43,7,3,110601,Lisboa,Grande Lisboa
Ajuda,75 ou mais anos,M,1478,264,1081,825,81,175,69,0,64,0,25,32,7,0,110601,Lisboa,Grande Lisboa
Alcântara,Total,H,6269,732,2205,777,479,949,1282,64,1986,19,128,1183,554,102,110602,Lisboa,Grande Lisboa
Alcântara,Total,M,7581,884,2694,1248,501,945,1340,56,2607,10,186,1575,729,107,110602,Lisboa,Grande Lisboa
Alcântara,Menos de 15 anos,H,885,563,322,128,169,25,0,0,0,0,0,0,0,0,110602,Lisboa,Grande Lisboa
Alcântara,Menos de 15 anos,M,889,559,330,129,176,25,0,0,0,0,0,0,0,0,110602,Lisboa,Grande Lisboa
Alcântara,15 - 19 anos,H,274,0,179,3,24,152,95,0,0,0,0,0,0,0,110602,Lisboa,Grande Lisboa
Alcântara,15 - 19 anos,M,310,1,192,0,23,169,116,0,1,1,0,0,0,0,110602,Lisboa,Grande Lisboa
Alcântara,20 - 24 anos,H,330,4,71,4,3,64,179,6,70,5,0,56,9,0,110602,Lisboa,Grande Lisboa
Alcântara,20 - 24 anos,M,321,12,31,1,3,27,166,4,108,2,0,88,18,0,110602,Lisboa,Grande Lisboa
Alcântara,25 - 29 anos,H,461,15,71,4,1,66,132,10,233,6,0,112,115,0,110602,Lisboa,Grande Lisboa
Alcântara,25 - 29 anos,M,503,10,43,5,9,29,108,8,334,5,0,153,174,2,110602,Lisboa,Grande Lisboa
Alcântara,30 - 34 anos,H,512,12,65,6,11,48,124,7,304,2,4,150,140,8,110602,Lisboa,Grande Lisboa
Alcântara,30 - 34 anos,M,605,11,63,5,12,46,113,9,409,0,3,185,209,12,110602,Lisboa,Grande Lisboa
Alcântara,35 - 39 anos,H,529,10,95,6,26,63,117,14,293,5,17,160,96,15,110602,Lisboa,Grande Lisboa
Alcântara,35 - 39 anos,M,549,11,65,6,14,45,106,9,358,0,22,220,103,13,110602,Lisboa,Grande Lisboa
Alcântara,40 - 44 anos,H,497,14,109,18,19,72,124,12,238,1,18,149,58,12,110602,Lisboa,Grande Lisboa
Alcântara,40 - 44 anos,M,527,12,69,11,12,46,105,8,333,2,24,211,80,16,110602,Lisboa,Grande Lisboa
Alcântara,45 - 49 anos,H,482,11,117,17,35,65,116,9,229,0,12,159,50,8,110602,Lisboa,Grande Lisboa
Alcântara,45 - 49 anos,M,554,15,94,15,24,55,127,12,306,0,13,220,59,14,110602,Lisboa,Grande Lisboa
Alcântara,50 - 54 anos,H,394,21,148,34,40,74,77,4,144,0,17,91,27,9,110602,Lisboa,Grande Lisboa
Alcântara,50 - 54 anos,M,423,12,123,27,29,67,95,6,187,0,18,131,24,14,110602,Lisboa,Grande Lisboa
Alcântara,55 - 59 anos,H,360,7,127,40,30,57,92,2,132,0,14,76,28,14,110602,Lisboa,Grande Lisboa
Alcântara,55 - 59 anos,M,400,14,130,55,28,47,104,0,152,0,25,93,27,7,110602,Lisboa,Grande Lisboa
Alcântara,60 - 64 anos,H,298,11,128,49,33,46,66,0,93,0,9,61,13,10,110602,Lisboa,Grande Lisboa
Alcântara,60 - 64 anos,M,406,13,181,71,41,69,97,0,115,0,17,73,18,7,110602,Lisboa,Grande Lisboa
Alcântara,65 - 69 anos,H,274,16,123,70,16,37,56,0,79,0,14,49,10,6,110602,Lisboa,Grande Lisboa
Alcântara,65 - 69 anos,M,415,21,210,127,26,57,74,0,110,0,26,73,3,8,110602,Lisboa,Grande Lisboa
Alcântara,70 - 74 anos,H,316,17,186,106,21,59,44,0,69,0,10,45,5,9,110602,Lisboa,Grande Lisboa
Alcântara,70 - 74 anos,M,445,23,294,178,36,80,48,0,80,0,15,50,8,7,110602,Lisboa,Grande Lisboa
Alcântara,75 ou mais anos,H,657,31,464,292,51,121,60,0,102,0,13,75,3,11,110602,Lisboa,Grande Lisboa
Alcântara,75 ou mais anos,M,1234,170,869,618,68,183,81,0,114,0,23,78,6,7,110602,Lisboa,Grande Lisboa
Alvalade,Total,H,14956,1829,3695,1210,935,1550,2790,150,6492,22,370,3764,1920,416,110654,Lisboa,Grande Lisboa
Alvalade,Total,M,18353,2032,4827,1962,929,1936,2883,76,8535,13,580,5140,2393,409,110654,Lisboa,Grande Lisboa
Alvalade,Menos de 15 anos,H,2371,1580,791,322,426,43,0,0,0,0,0,0,0,0,110654,Lisboa,Grande Lisboa
Alvalade,Menos de 15 anos,M,2268,1480,788,320,419,49,0,0,0,0,0,0,0,0,110654,Lisboa,Grande Lisboa
Alvalade,15 - 19 anos,H,785,8,518,9,81,428,258,0,1,1,0,0,0,0,110654,Lisboa,Grande Lisboa
Alvalade,15 - 19 anos,M,765,5,458,9,56,393,302,0,0,0,0,0,0,0,110654,Lisboa,Grande Lisboa
Alvalade,20 - 24 anos,H,866,5,98,5,19,74,440,17,306,6,0,227,73,0,110654,Lisboa,Grande Lisboa
Alvalade,20 - 24 anos,M,913,4,42,2,9,31,409,5,453,5,0,341,107,0,110654,Lisboa,Grande Lisboa
Alvalade,25 - 29 anos,H,1012,10,57,6,6,45,256,22,667,3,0,282,380,2,110654,Lisboa,Grande Lisboa
Alvalade,25 - 29 anos,M,1117,14,50,4,7,39,145,12,896,2,0,360,530,4,110654,Lisboa,Grande Lisboa
Alvalade,30 - 34 anos,H,1094,22,66,8,14,44,221,20,765,6,1,273,461,24,110654,Lisboa,Grande Lisboa
Alvalade,30 - 34 anos,M,1107,17,61,9,6,46,125,8,896,1,3,312,554,26,110654,Lisboa,Grande Lisboa
Alvalade,35 - 39 anos,H,1068,10,95,9,24,62,192,20,751,5,27,402,279,38,110654,Lisboa,Grande Lisboa
Alvalade,35 - 39 anos,M,1128,26,70,10,14,46,124,7,901,4,22,518,320,37,110654,Lisboa,Grande Lisboa
Alvalade,40 - 44 anos,H,1140,13,118,12,40,66,212,22,775,1,31,502,193,48,110654,Lisboa,Grande Lisboa
Alvalade,40 - 44 anos,M,1287,18,82,12,12,58,138,13,1036,0,25,703,240,68,110654,Lisboa,Grande Lisboa
Alvalade,45 - 49 anos,H,1032,15,141,23,35,83,177,24,675,0,45,421,150,59,110654,Lisboa,Grande Lisboa
Alvalade,45 - 49 anos,M,1220,18,92,22,22,48,198,15,897,1,50,607,189,50,110654,Lisboa,Grande Lisboa
Alvalade,50 - 54 anos,H,949,20,185,39,53,93,175,20,549,0,42,345,113,49,110654,Lisboa,Grande Lisboa
Alvalade,50 - 54 anos,M,1067,23,142,37,41,64,183,14,705,0,61,470,133,41,110654,Lisboa,Grande Lisboa
Alvalade,55 - 59 anos,H,905,16,215,62,56,97,234,5,435,0,42,256,80,57,110654,Lisboa,Grande Lisboa
Alvalade,55 - 59 anos,M,1101,33,199,66,49,84,250,2,617,0,75,391,102,49,110654,Lisboa,Grande Lisboa
Alvalade,60 - 64 anos,H,797,19,203,85,43,75,192,0,383,0,37,241,74,31,110654,Lisboa,Grande Lisboa
Alvalade,60 - 64 anos,M,1080,28,259,98,50,111,236,0,557,0,57,361,88,51,110654,Lisboa,Grande Lisboa
Alvalade,65 - 69 anos,H,774,22,231,132,32,67,168,0,353,0,47,224,48,34,110654,Lisboa,Grande Lisboa
Alvalade,65 - 69 anos,M,1029,31,323,157,37,129,202,0,473,0,59,323,65,26,110654,Lisboa,Grande Lisboa
Alvalade,70 - 74 anos,H,678,24,262,124,29,109,102,0,290,0,29,201,31,29,110654,Lisboa,Grande Lisboa
Alvalade,70 - 74 anos,M,1063,33,462,219,43,200,175,0,393,0,70,263,33,27,110654,Lisboa,Grande Lisboa
Alvalade,75 ou mais anos,H,1485,65,715,374,77,264,163,0,542,0,69,390,38,45,110654,Lisboa,Grande Lisboa
Alvalade,75 ou mais anos,M,3208,302,1799,997,164,638,396,0,711,0,158,491,32,30,110654,Lisboa,Grande Lisboa
Areeiro,Total,H,9653,1113,2314,722,575,1017,1888,87,4251,10,233,2551,1148,309,110655,Lisboa,Grande Lisboa
Areeiro,Total,M,11507,1202,3027,1261,582,1184,1890,50,5338,6,351,3288,1421,272,110655,Lisboa,Grande Lisboa
Areeiro,Menos de 15 anos,H,1411,921,490,191,280,19,0,0,0,0,0,0,0,0,110655,Lisboa,Grande Lisboa
Areeiro,Menos de 15 anos,M,1368,870,498,187,278,33,0,0,0,0,0,0,0,0,110655,Lisboa,Grande Lisboa
Areeiro,15 - 19 anos,H,508,5,338,4,45,289,165,0,0,0,0,0,0,0,110655,Lisboa,Grande Lisboa
Areeiro,15 - 19 anos,M,517,1,319,3,27,289,197,0,0,0,0,0,0,0,110655,Lisboa,Grande Lisboa
Areeiro,20 - 24 anos,H,594,16,56,2,8,46,309,5,208,4,0,160,44,0,110655,Lisboa,Grande Lisboa
Areeiro,20 - 24 anos,M,598,5,38,6,6,26,288,3,264,2,0,189,73,0,110655,Lisboa,Grande Lisboa
Areeiro,25 - 29 anos,H,738,22,55,8,5,42,178,14,469,3,0,214,248,4,110655,Lisboa,Grande Lisboa
Areeiro,25 - 29 anos,M,693,13,40,2,7,31,115,9,516,0,0,227,284,5,110655,Lisboa,Grande Lisboa
Areeiro,30 - 34 anos,H,707,18,64,5,14,45,169,12,444,2,3,188,240,11,110655,Lisboa,Grande Lisboa
Areeiro,30 - 34 anos,M,721,20,50,6,9,35,104,9,538,1,3,222,303,9,110655,Lisboa,Grande Lisboa
Areeiro,35 - 39 anos,H,673,17,73,14,9,50,130,16,437,1,12,225,169,30,110655,Lisboa,Grande Lisboa
Areeiro,35 - 39 anos,M,687,13,47,7,12,28,101,9,517,2,19,256,211,29,110655,Lisboa,Grande Lisboa
Areeiro,40 - 44 anos,H,706,7,86,9,20,57,130,13,470,0,23,296,111,40,110655,Lisboa,Grande Lisboa
Areeiro,40 - 44 anos,M,785,9,59,13,9,37,101,7,609,1,20,419,133,36,110655,Lisboa,Grande Lisboa
Areeiro,45 - 49 anos,H,743,8,96,17,28,51,140,12,487,0,32,321,92,42,110655,Lisboa,Grande Lisboa
Areeiro,45 - 49 anos,M,794,8,79,24,13,42,102,5,600,0,16,430,105,49,110655,Lisboa,Grande Lisboa
Areeiro,50 - 54 anos,H,605,15,111,21,31,59,132,14,333,0,31,203,66,33,110655,Lisboa,Grande Lisboa
Areeiro,50 - 54 anos,M,706,14,117,41,33,43,112,5,458,0,35,300,95,28,110655,Lisboa,Grande Lisboa
Areeiro,55 - 59 anos,H,565,11,107,33,27,47,135,1,311,0,38,178,60,35,110655,Lisboa,Grande Lisboa
Areeiro,55 - 59 anos,M,746,23,116,56,19,41,168,3,436,0,40,278,90,28,110655,Lisboa,Grande Lisboa
Areeiro,60 - 64 anos,H,499,12,114,40,20,54,115,0,258,0,13,176,36,33,110655,Lisboa,Grande Lisboa
Areeiro,60 - 64 anos,M,734,26,166,71,30,65,149,0,393,0,52,259,55,27,110655,Lisboa,Grande Lisboa
Areeiro,65 - 69 anos,H,518,22,140,64,27,49,104,0,252,0,23,166,35,28,110655,Lisboa,Grande Lisboa
Areeiro,65 - 69 anos,M,667,31,196,107,19,70,120,0,320,0,38,230,29,23,110655,Lisboa,Grande Lisboa
Areeiro,70 - 74 anos,H,487,15,184,87,20,77,66,0,222,0,20,161,17,24,110655,Lisboa,Grande Lisboa
Areeiro,70 - 74 anos,M,685,19,278,129,31,118,104,0,284,0,39,203,23,19,110655,Lisboa,Grande Lisboa
Areeiro,75 ou mais anos,H,899,24,400,227,41,132,115,0,360,0,38,263,30,29,110655,Lisboa,Grande Lisboa
Areeiro,75 ou mais anos,M,1806,150,1024,609,89,326,229,0,403,0,89,275,20,19,110655,Lisboa,Grande Lisboa
Arroios,Total,H,16372,1913,4314,1426,918,1970,3784,192,6169,31,397,3511,1864,366,110656,Lisboa,Grande Lisboa
Arroios,Total,M,16930,2032,4564,2024,784,1756,3118,130,7086,14,424,4118,2183,347,110656,Lisboa,Grande Lisboa
Arroios,Menos de 15 anos,H,1735,1177,558,232,292,34,0,0,0,0,0,0,0,0,110656,Lisboa,Grande Lisboa
Arroios,Menos de 15 anos,M,1721,1213,508,226,247,35,0,0,0,0,0,0,0,0,110656,Lisboa,Grande Lisboa
Arroios,15 - 19 anos,H,550,6,337,7,37,293,206,0,1,1,0,0,0,0,110656,Lisboa,Grande Lisboa
Arroios,15 - 19 anos,M,550,8,320,1,29,290,222,0,0,0,0,0,0,0,110656,Lisboa,Grande Lisboa
Arroios,20 - 24 anos,H,1073,53,163,10,29,124,539,12,306,7,0,244,55,0,110656,Lisboa,Grande Lisboa
Arroios,20 - 24 anos,M,962,40,75,5,5,65,452,8,387,1,0,313,72,1,110656,Lisboa,Grande Lisboa
Arroios,25 - 29 anos,H,1898,101,197,11,24,162,547,37,1016,8,0,548,455,5,110656,Lisboa,Grande Lisboa
Arroios,25 - 29 anos,M,1650,69,95,6,14,75,331,18,1137,10,0,530,585,12,110656,Lisboa,Grande Lisboa
Arroios,30 - 34 anos,H,1853,111,228,24,36,168,476,40,998,14,20,471,463,30,110656,Lisboa,Grande Lisboa
Arroios,30 - 34 anos,M,1577,66,106,10,16,80,272,20,1113,1,17,477,585,33,110656,Lisboa,Grande Lisboa
Arroios,35 - 39 anos,H,1652,108,225,29,28,168,417,24,878,1,79,419,326,53,110656,Lisboa,Grande Lisboa
Arroios,35 - 39 anos,M,1350,67,108,7,12,89,217,24,934,2,53,483,341,55,110656,Lisboa,Grande Lisboa
Arroios,40 - 44 anos,H,1433,77,243,38,40,165,381,31,701,0,66,431,151,53,110656,Lisboa,Grande Lisboa
Arroios,40 - 44 anos,M,1212,46,120,20,24,76,226,21,799,0,35,527,160,77,110656,Lisboa,Grande Lisboa
Arroios,45 - 49 anos,H,1198,44,220,39,53,128,292,30,612,0,51,395,119,47,110656,Lisboa,Grande Lisboa
Arroios,45 - 49 anos,M,1112,34,159,27,47,85,227,20,672,0,53,454,128,37,110656,Lisboa,Grande Lisboa
Arroios,50 - 54 anos,H,946,45,270,57,71,142,212,13,406,0,45,232,92,37,110656,Lisboa,Grande Lisboa
Arroios,50 - 54 anos,M,940,36,172,33,45,94,225,17,490,0,41,314,100,35,110656,Lisboa,Grande Lisboa
Arroios,55 - 59 anos,H,818,36,252,63,75,114,201,5,324,0,33,171,71,49,110656,Lisboa,Grande Lisboa
Arroios,55 - 59 anos,M,853,40,204,51,57,96,197,2,410,0,39,275,75,21,110656,Lisboa,Grande Lisboa
Arroios,60 - 64 anos,H,674,33,226,92,63,71,160,0,255,0,24,152,57,22,110656,Lisboa,Grande Lisboa
Arroios,60 - 64 anos,M,870,34,243,93,52,98,219,0,374,0,35,245,67,27,110656,Lisboa,Grande Lisboa
Arroios,65 - 69 anos,H,665,36,287,160,49,78,118,0,224,0,21,142,31,30,110656,Lisboa,Grande Lisboa
Arroios,65 - 69 anos,M,799,35,326,177,40,109,162,0,276,0,39,188,31,18,110656,Lisboa,Grande Lisboa
Arroios,70 - 74 anos,H,643,33,312,177,39,96,90,0,208,0,22,147,20,19,110656,Lisboa,Grande Lisboa
Arroios,70 - 74 anos,M,913,43,548,306,63,179,123,0,199,0,36,128,19,16,110656,Lisboa,Grande Lisboa
Arroios,75 ou mais anos,H,1234,53,796,487,82,227,145,0,240,0,36,159,24,21,110656,Lisboa,Grande Lisboa
Arroios,75 ou mais anos,M,2421,301,1580,1062,133,385,245,0,295,0,76,184,20,15,110656,Lisboa,Grande Lisboa
Avenidas Novas,Total,H,10645,1267,2186,672,548,966,1897,73,5222,18,247,2979,1641,337,110657,Lisboa,Grande Lisboa
Avenidas Novas,Total,M,12616,1328,2991,1203,582,1206,1898,57,6342,6,419,3753,1842,322,110657,Lisboa,Grande Lisboa
Avenidas Novas,Menos de 15 anos,H,1568,1072,496,192,276,28,0,0,0,0,0,0,0,0,110657,Lisboa,Grande Lisboa
Avenidas Novas,Menos de 15 anos,M,1479,949,530,222,266,42,0,0,0,0,0,0,0,0,110657,Lisboa,Grande Lisboa
Avenidas Novas,15 - 19 anos,H,537,5,322,2,38,282,210,0,0,0,0,0,0,0,110657,Lisboa,Grande Lisboa
Avenidas Novas,15 - 19 anos,M,535,3,318,2,29,287,213,1,0,0,0,0,0,0,110657,Lisboa,Grande Lisboa
Avenidas Novas,20 - 24 anos,H,665,3,53,0,13,40,337,8,264,2,0,204,58,0,110657,Lisboa,Grande Lisboa
Avenidas Novas,20 - 24 anos,M,743,5,54,2,9,43,299,5,380,4,0,273,102,1,110657,Lisboa,Grande Lisboa
Avenidas Novas,25 - 29 anos,H,838,9,56,5,8,43,193,11,569,7,0,252,305,5,110657,Lisboa,Grande Lisboa
Avenidas Novas,25 - 29 anos,M,874,11,31,4,5,22,108,8,716,0,0,290,421,5,110657,Lisboa,Grande Lisboa
Avenidas Novas,30 - 34 anos,H,796,11,62,3,10,49,131,12,580,4,7,213,340,16,110657,Lisboa,Grande Lisboa
Avenidas Novas,30 - 34 anos,M,801,14,25,3,3,19,84,8,670,2,4,250,401,13,110657,Lisboa,Grande Lisboa
Avenidas Novas,35 - 39 anos,H,751,13,53,8,11,34,138,12,535,3,31,256,227,18,110657,Lisboa,Grande Lisboa
Avenidas Novas,35 - 39 anos,M,814,8,42,5,8,29,97,13,654,0,21,343,257,33,110657,Lisboa,Grande Lisboa
Avenidas Novas,40 - 44 anos,H,773,15,62,10,10,42,121,10,565,2,25,337,170,31,110657,Lisboa,Grande Lisboa
Avenidas Novas,40 - 44 anos,M,831,14,44,5,10,29,92,10,671,0,22,443,158,48,110657,Lisboa,Grande Lisboa
Avenidas Novas,45 - 49 anos,H,764,15,90,13,30,47,126,8,525,0,30,322,139,34,110657,Lisboa,Grande Lisboa
Avenidas Novas,45 - 49 anos,M,808,21,66,15,20,31,105,5,611,0,23,418,129,41,110657,Lisboa,Grande Lisboa
Avenidas Novas,50 - 54 anos,H,675,12,87,18,25,44,108,10,458,0,22,272,124,40,110657,Lisboa,Grande Lisboa
Avenidas Novas,50 - 54 anos,M,820,24,91,26,19,46,139,7,559,0,53,364,99,43,110657,Lisboa,Grande Lisboa
Avenidas Novas,55 - 59 anos,H,676,16,105,29,22,54,152,2,401,0,23,246,92,40,110657,Lisboa,Grande Lisboa
Avenidas Novas,55 - 59 anos,M,745,22,123,47,35,41,121,0,479,0,55,299,88,37,110657,Lisboa,Grande Lisboa
Avenidas Novas,60 - 64 anos,H,560,21,95,29,28,38,111,0,333,0,32,188,68,45,110657,Lisboa,Grande Lisboa
Avenidas Novas,60 - 64 anos,M,750,24,135,54,25,56,152,0,439,0,48,283,79,29,110657,Lisboa,Grande Lisboa
Avenidas Novas,65 - 69 anos,H,527,21,111,53,23,35,101,0,294,0,31,193,43,27,110657,Lisboa,Grande Lisboa
Avenidas Novas,65 - 69 anos,M,689,29,167,82,21,64,125,0,368,0,44,239,60,25,110657,Lisboa,Grande Lisboa
Avenidas Novas,70 - 74 anos,H,517,18,168,73,17,78,58,0,273,0,18,195,34,26,110657,Lisboa,Grande Lisboa
Avenidas Novas,70 - 74 anos,M,680,37,270,119,23,128,88,0,285,0,45,200,21,19,110657,Lisboa,Grande Lisboa
Avenidas Novas,75 ou mais anos,H,998,36,426,237,37,152,111,0,425,0,28,301,41,55,110657,Lisboa,Grande Lisboa
Avenidas Novas,75 ou mais anos,M,2047,167,1095,617,109,369,275,0,510,0,104,351,27,28,110657,Lisboa,Grande Lisboa
Beato,Total,H,5786,708,2570,1008,561,1001,1278,44,1186,9,106,733,291,47,110607,Lisboa,Grande Lisboa
Beato,Total,M,6397,849,2789,1307,506,976,1215,60,1484,1,104,955,374,50,110607,Lisboa,Grande Lisboa
Beato,Menos de 15 anos,H,695,434,261,111,124,26,0,0,0,0,0,0,0,0,110607,Lisboa,Grande Lisboa
Beato,Menos de 15 anos,M,656,420,236,107,106,23,0,0,0,0,0,0,0,0,110607,Lisboa,Grande Lisboa
Beato,15 - 19 anos,H,280,3,202,6,38,158,75,0,0,0,0,0,0,0,110607,Lisboa,Grande Lisboa
Beato,15 - 19 anos,M,236,0,157,4,20,133,79,0,0,0,0,0,0,0,110607,Lisboa,Grande Lisboa
Beato,20 - 24 anos,H,342,13,85,6,20,59,189,5,50,1,0,40,9,0,110607,Lisboa,Grande Lisboa
Beato,20 - 24 anos,M,290,9,60,4,7,49,149,4,68,0,0,56,12,0,110607,Lisboa,Grande Lisboa
Beato,25 - 29 anos,H,445,35,98,9,20,69,145,10,157,4,0,89,64,0,110607,Lisboa,Grande Lisboa
Beato,25 - 29 anos,M,439,12,73,6,19,48,133,9,212,0,0,129,83,0,110607,Lisboa,Grande Lisboa
Beato,30 - 34 anos,H,462,28,108,12,16,80,127,12,187,1,2,102,77,5,110607,Lisboa,Grande Lisboa
Beato,30 - 34 anos,M,429,23,104,6,25,73,93,9,200,1,1,95,99,4,110607,Lisboa,Grande Lisboa
Beato,35 - 39 anos,H,390,18,120,23,31,66,118,4,130,3,17,59,44,7,110607,Lisboa,Grande Lisboa
Beato,35 - 39 anos,M,397,19,93,6,26,61,92,10,183,0,6,110,57,10,110607,Lisboa,Grande Lisboa
Beato,40 - 44 anos,H,452,17,152,28,42,82,146,4,133,0,14,95,21,3,110607,Lisboa,Grande Lisboa
Beato,40 - 44 anos,M,398,15,109,16,23,70,113,12,149,0,5,107,34,3,110607,Lisboa,Grande Lisboa
Beato,45 - 49 anos,H,438,16,163,39,53,71,116,7,136,0,13,88,30,5,110607,Lisboa,Grande Lisboa
Beato,45 - 49 anos,M,457,18,118,30,40,48,125,11,185,0,7,139,32,7,110607,Lisboa,Grande Lisboa
Beato,50 - 54 anos,H,344,13,157,50,38,69,88,2,84,0,16,52,14,2,110607,Lisboa,Grande Lisboa
Beato,50 - 54 anos,M,407,17,165,52,47,66,98,4,123,0,14,86,17,6,110607,Lisboa,Grande Lisboa
Beato,55 - 59 anos,H,382,30,202,67,59,76,78,0,72,0,8,50,11,3,110607,Lisboa,Grande Lisboa
Beato,55 - 59 anos,M,392,15,189,81,52,56,87,1,100,0,13,65,16,6,110607,Lisboa,Grande Lisboa
Beato,60 - 64 anos,H,331,24,180,103,33,44,59,0,68,0,5,50,7,6,110607,Lisboa,Grande Lisboa
Beato,60 - 64 anos,M,379,30,195,87,37,71,85,0,69,0,9,48,8,4,110607,Lisboa,Grande Lisboa
Beato,65 - 69 anos,H,308,18,192,124,21,47,52,0,46,0,6,31,6,3,110607,Lisboa,Grande Lisboa
Beato,65 - 69 anos,M,378,32,238,151,27,60,49,0,59,0,8,40,8,3,110607,Lisboa,Grande Lisboa
Beato,70 - 74 anos,H,286,23,180,114,21,45,33,0,50,0,11,24,7,8,110607,Lisboa,Grande Lisboa
Beato,70 - 74 anos,M,433,36,289,194,20,75,53,0,55,0,14,36,3,2,110607,Lisboa,Grande Lisboa
Beato,75 ou mais anos,H,631,36,470,316,45,109,52,0,73,0,14,53,1,5,110607,Lisboa,Grande Lisboa
Beato,75 ou mais anos,M,1106,203,763,563,57,143,59,0,81,0,27,44,5,5,110607,Lisboa,Grande Lisboa
Belém,Total,H,7574,844,1912,616,429,867,1396,68,3354,13,163,2006,937,235,110658,Lisboa,Grande Lisboa
Belém,Total,M,8972,999,2420,1012,486,922,1401,51,4101,1,319,2523,1039,219,110658,Lisboa,Grande Lisboa
Belém,Menos de 15 anos,H,1231,762,469,184,246,39,0,0,0,0,0,0,0,0,110658,Lisboa,Grande Lisboa
Belém,Menos de 15 anos,M,1237,775,462,175,255,32,0,0,0,0,0,0,0,0,110658,Lisboa,Grande Lisboa
Belém,15 - 19 anos,H,437,1,276,0,25,251,159,1,0,0,0,0,0,0,110658,Lisboa,Grande Lisboa
Belém,15 - 19 anos,M,400,2,239,1,21,217,159,0,0,0,0,0,0,0,110658,Lisboa,Grande Lisboa
Belém,20 - 24 anos,H,494,2,44,0,3,41,255,8,185,8,0,135,42,0,110658,Lisboa,Grande Lisboa
Belém,20 - 24 anos,M,398,2,17,1,1,15,194,3,182,0,0,140,41,1,110658,Lisboa,Grande Lisboa
Belém,25 - 29 anos,H,361,4,33,0,2,31,88,7,229,2,0,102,124,1,110658,Lisboa,Grande Lisboa
Belém,25 - 29 anos,M,408,8,17,0,2,15,74,10,299,1,0,132,166,0,110658,Lisboa,Grande Lisboa
Belém,30 - 34 anos,H,404,6,31,0,5,26,93,11,263,1,0,112,144,6,110658,Lisboa,Grande Lisboa
Belém,30 - 34 anos,M,434,5,18,0,4,14,56,5,350,0,1,132,208,9,110658,Lisboa,Grande Lisboa
Belém,35 - 39 anos,H,424,4,37,3,8,26,73,5,305,2,11,161,120,11,110658,Lisboa,Grande Lisboa
Belém,35 - 39 anos,M,501,7,24,1,7,16,71,6,393,0,15,235,131,12,110658,Lisboa,Grande Lisboa
Belém,40 - 44 anos,H,538,8,48,3,15,30,108,16,358,0,10,218,108,22,110658,Lisboa,Grande Lisboa
Belém,40 - 44 anos,M,630,8,42,4,7,31,64,10,506,0,20,334,125,27,110658,Lisboa,Grande Lisboa
Belém,45 - 49 anos,H,574,2,56,8,10,38,116,10,390,0,12,243,112,23,110658,Lisboa,Grande Lisboa
Belém,45 - 49 anos,M,660,10,53,10,10,33,78,6,513,0,22,337,118,36,110658,Lisboa,Grande Lisboa
Belém,50 - 54 anos,H,504,6,67,10,15,42,115,9,307,0,25,177,75,30,110658,Lisboa,Grande Lisboa
Belém,50 - 54 anos,M,624,8,59,13,6,40,112,11,434,0,38,290,72,34,110658,Lisboa,Grande Lisboa
Belém,55 - 59 anos,H,482,6,90,24,19,47,83,1,302,0,22,171,75,34,110658,Lisboa,Grande Lisboa
Belém,55 - 59 anos,M,536,8,77,27,15,35,119,0,332,0,35,208,60,29,110658,Lisboa,Grande Lisboa
Belém,60 - 64 anos,H,391,6,82,31,15,36,85,0,218,0,18,138,41,21,110658,Lisboa,Grande Lisboa
Belém,60 - 64 anos,M,487,10,87,38,15,34,126,0,264,0,41,160,42,21,110658,Lisboa,Grande Lisboa
Belém,65 - 69 anos,H,381,5,97,44,10,43,71,0,208,0,12,140,30,26,110658,Lisboa,Grande Lisboa
Belém,65 - 69 anos,M,554,13,181,87,27,67,107,0,253,0,31,174,29,19,110658,Lisboa,Grande Lisboa
Belém,70 - 74 anos,H,415,8,150,78,15,57,45,0,212,0,14,146,32,20,110658,Lisboa,Grande Lisboa
Belém,70 - 74 anos,M,551,17,244,118,30,96,78,0,212,0,35,131,28,18,110658,Lisboa,Grande Lisboa
Belém,75 ou mais anos,H,938,24,432,231,41,160,105,0,377,0,39,263,34,41,110658,Lisboa,Grande Lisboa
Belém,75 ou mais anos,M,1552,126,900,537,86,277,163,0,363,0,81,250,19,13,110658,Lisboa,Grande Lisboa
Benfica,Total,H,15808,1679,5629,1993,1258,2378,3305,168,5027,33,332,3297,1152,213,110608,Lisboa,Grande Lisboa
Benfica,Total,M,19554,2057,6989,3292,1231,2466,3464,114,6930,11,541,4476,1642,260,110608,Lisboa,Grande Lisboa
Benfica,Menos de 15 anos,H,2115,1313,802,341,413,48,0,0,0,0,0,0,0,0,110608,Lisboa,Grande Lisboa
Benfica,Menos de 15 anos,M,1986,1287,699,310,348,41,0,0,0,0,0,0,0,0,110608,Lisboa,Grande Lisboa
Benfica,15 - 19 anos,H,750,10,517,8,79,430,222,0,1,1,0,0,0,0,110608,Lisboa,Grande Lisboa
Benfica,15 - 19 anos,M,691,4,423,12,64,347,264,0,0,0,0,0,0,0,110608,Lisboa,Grande Lisboa
Benfica,20 - 24 anos,H,829,8,191,12,46,133,406,7,217,5,0,173,39,0,110608,Lisboa,Grande Lisboa
Benfica,20 - 24 anos,M,923,15,122,12,22,88,415,10,361,2,0,297,62,0,110608,Lisboa,Grande Lisboa
Benfica,25 - 29 anos,H,1021,20,132,12,30,90,294,27,548,9,0,302,233,4,110608,Lisboa,Grande Lisboa
Benfica,25 - 29 anos,M,1201,15,125,10,30,85,231,15,815,2,0,383,426,4,110608,Lisboa,Grande Lisboa
Benfica,30 - 34 anos,H,1130,25,205,17,52,136,265,24,611,11,4,308,275,13,110608,Lisboa,Grande Lisboa
Benfica,30 - 34 anos,M,1135,15,143,14,41,88,203,14,760,1,1,368,371,19,110608,Lisboa,Grande Lisboa
Benfica,35 - 39 anos,H,1076,15,184,30,45,109,244,30,603,5,27,347,203,21,110608,Lisboa,Grande Lisboa
Benfica,35 - 39 anos,M,1044,23,148,22,29,97,185,16,672,3,21,398,225,25,110608,Lisboa,Grande Lisboa
Benfica,40 - 44 anos,H,1106,23,190,32,40,118,289,30,574,2,26,416,105,25,110608,Lisboa,Grande Lisboa
Benfica,40 - 44 anos,M,1283,28,177,41,44,92,245,21,812,3,31,576,166,36,110608,Lisboa,Grande Lisboa
Benfica,45 - 49 anos,H,1132,27,261,51,74,136,304,31,509,0,30,378,80,21,110608,Lisboa,Grande Lisboa
Benfica,45 - 49 anos,M,1313,32,202,65,51,86,303,23,753,0,44,561,119,29,110608,Lisboa,Grande Lisboa
Benfica,50 - 54 anos,H,1002,28,309,65,95,149,263,15,387,0,42,274,54,17,110608,Lisboa,Grande Lisboa
Benfica,50 - 54 anos,M,1161,33,278,82,94,102,266,13,571,0,61,384,92,34,110608,Lisboa,Grande Lisboa
Benfica,55 - 59 anos,H,916,30,318,110,70,138,230,4,334,0,24,233,46,31,110608,Lisboa,Grande Lisboa
Benfica,55 - 59 anos,M,1098,38,339,131,57,151,299,2,420,0,38,300,62,20,110608,Lisboa,Grande Lisboa
Benfica,60 - 64 anos,H,787,34,304,121,72,111,199,0,250,0,25,178,35,12,110608,Lisboa,Grande Lisboa
Benfica,60 - 64 anos,M,1188,48,419,200,74,145,288,0,433,0,46,306,49,32,110608,Lisboa,Grande Lisboa
Benfica,65 - 69 anos,H,803,26,334,187,45,102,167,0,276,0,37,191,36,12,110608,Lisboa,Grande Lisboa
Benfica,65 - 69 anos,M,1201,61,524,281,65,178,226,0,390,0,62,283,25,20,110608,Lisboa,Grande Lisboa
Benfica,70 - 74 anos,H,916,27,471,229,47,195,139,0,279,0,38,196,20,25,110608,Lisboa,Grande Lisboa
Benfica,70 - 74 anos,M,1479,59,832,399,91,342,228,0,360,0,66,257,22,15,110608,Lisboa,Grande Lisboa
Benfica,75 ou mais anos,H,2225,93,1411,778,150,483,283,0,438,0,79,301,26,32,110608,Lisboa,Grande Lisboa
Benfica,75 ou mais anos,M,3851,399,2558,1713,221,624,311,0,583,0,171,363,23,26,110608,Lisboa,Grande Lisboa
Campo de Ourique,Total,H,9877,1277,2944,1031,700,1213,1962,93,3601,24,243,2114,1022,198,110659,Lisboa,Grande Lisboa
Campo de Ourique,Total,M,12263,1444,3923,1706,725,1492,2064,70,4762,4,373,2871,1310,204,110659,Lisboa,Grande Lisboa
Campo de Ourique,Menos de 15 anos,H,1666,1093,573,241,297,35,0,0,0,0,0,0,0,0,110659,Lisboa,Grande Lisboa
Campo de Ourique,Menos de 15 anos,M,1490,976,514,213,257,44,0,0,0,0,0,0,0,0,110659,Lisboa,Grande Lisboa
Campo de Ourique,15 - 19 anos,H,499,1,344,5,53,286,153,0,1,1,0,0,0,0,110659,Lisboa,Grande Lisboa
Campo de Ourique,15 - 19 anos,M,538,2,353,0,45,308,183,0,0,0,0,0,0,0,110659,Lisboa,Grande Lisboa
Campo de Ourique,20 - 24 anos,H,510,3,82,3,12,67,284,2,139,5,0,112,22,0,110659,Lisboa,Grande Lisboa
Campo de Ourique,20 - 24 anos,M,508,2,36,0,6,30,271,4,195,2,0,144,49,0,110659,Lisboa,Grande Lisboa
Campo de Ourique,25 - 29 anos,H,627,9,68,2,13,53,162,18,370,6,0,167,193,4,110659,Lisboa,Grande Lisboa
Campo de Ourique,25 - 29 anos,M,718,13,63,2,11,50,130,7,505,0,0,244,260,1,110659,Lisboa,Grande Lisboa
Campo de Ourique,30 - 34 anos,H,739,12,88,6,19,63,180,20,439,5,3,200,223,8,110659,Lisboa,Grande Lisboa
Campo de Ourique,30 - 34 anos,M,825,19,66,5,16,45,134,13,593,0,5,270,308,10,110659,Lisboa,Grande Lisboa
Campo de Ourique,35 - 39 anos,H,736,16,100,11,21,68,159,19,442,6,26,215,174,21,110659,Lisboa,Grande Lisboa
Campo de Ourique,35 - 39 anos,M,852,20,105,8,28,69,141,7,579,2,31,313,216,17,110659,Lisboa,Grande Lisboa
Campo de Ourique,40 - 44 anos,H,819,19,134,17,32,85,164,15,487,1,29,314,123,20,110659,Lisboa,Grande Lisboa
Campo de Ourique,40 - 44 anos,M,918,16,116,14,25,77,159,15,612,0,27,407,143,35,110659,Lisboa,Grande Lisboa
Campo de Ourique,45 - 49 anos,H,700,9,128,27,37,64,174,12,377,0,27,225,99,26,110659,Lisboa,Grande Lisboa
Campo de Ourique,45 - 49 anos,M,819,13,118,20,28,70,144,16,528,0,32,369,99,28,110659,Lisboa,Grande Lisboa
Campo de Ourique,50 - 54 anos,H,569,8,137,26,41,70,146,6,272,0,30,168,47,27,110659,Lisboa,Grande Lisboa
Campo de Ourique,50 - 54 anos,M,708,14,135,41,36,58,125,6,428,0,40,274,85,29,110659,Lisboa,Grande Lisboa
Campo de Ourique,55 - 59 anos,H,591,18,155,54,32,69,141,1,276,0,35,169,50,22,110659,Lisboa,Grande Lisboa
Campo de Ourique,55 - 59 anos,M,723,20,190,67,45,78,173,2,338,0,40,221,57,20,110659,Lisboa,Grande Lisboa
Campo de Ourique,60 - 64 anos,H,481,16,162,69,34,59,105,0,198,0,22,120,37,19,110659,Lisboa,Grande Lisboa
Campo de Ourique,60 - 64 anos,M,674,31,230,112,40,78,156,0,257,0,45,149,41,22,110659,Lisboa,Grande Lisboa
Campo de Ourique,65 - 69 anos,H,468,12,182,100,27,55,93,0,181,0,19,131,15,16,110659,Lisboa,Grande Lisboa
Campo de Ourique,65 - 69 anos,M,698,34,297,181,35,81,149,0,218,0,33,157,17,11,110659,Lisboa,Grande Lisboa
Campo de Ourique,70 - 74 anos,H,495,16,245,140,28,77,76,0,158,0,19,108,15,16,110659,Lisboa,Grande Lisboa
Campo de Ourique,70 - 74 anos,M,721,38,402,214,43,145,94,0,187,0,48,110,17,12,110659,Lisboa,Grande Lisboa
Campo de Ourique,75 ou mais anos,H,977,45,546,330,54,162,125,0,261,0,33,185,24,19,110659,Lisboa,Grande Lisboa
Campo de Ourique,75 ou mais anos,M,2071,246,1298,829,110,359,205,0,322,0,72,213,18,19,110659,Lisboa,Grande Lisboa
Campolide,Total,H,6989,787,2746,1001,700,1045,1372,83,2001,18,117,1164,609,93,110610,Lisboa,Grande Lisboa
Campolide,Total,M,7798,916,2993,1435,550,1008,1372,40,2477,4,152,1469,765,87,110610,Lisboa,Grande Lisboa
Campolide,Menos de 15 anos,H,884,580,304,125,161,18,0,0,0,0,0,0,0,0,110610,Lisboa,Grande Lisboa
Campolide,Menos de 15 anos,M,818,519,299,130,146,23,0,0,0,0,0,0,0,0,110610,Lisboa,Grande Lisboa
Campolide,15 - 19 anos,H,310,0,197,1,34,162,111,0,2,2,0,0,0,0,110610,Lisboa,Grande Lisboa
Campolide,15 - 19 anos,M,347,1,209,1,28,180,137,0,0,0,0,0,0,0,110610,Lisboa,Grande Lisboa
Campolide,20 - 24 anos,H,396,4,103,3,31,69,188,7,94,3,0,71,20,0,110610,Lisboa,Grande Lisboa
Campolide,20 - 24 anos,M,360,5,57,1,14,42,180,6,112,1,0,86,25,0,110610,Lisboa,Grande Lisboa
Campolide,25 - 29 anos,H,602,8,130,9,38,83,156,20,288,4,0,151,130,3,110610,Lisboa,Grande Lisboa
Campolide,25 - 29 anos,M,554,10,65,4,13,48,116,4,359,1,0,170,186,2,110610,Lisboa,Grande Lisboa
Campolide,30 - 34 anos,H,603,13,122,18,41,63,134,20,314,5,3,134,159,13,110610,Lisboa,Grande Lisboa
Campolide,30 - 34 anos,M,553,6,77,3,19,55,102,7,361,2,1,146,204,8,110610,Lisboa,Grande Lisboa
Campolide,35 - 39 anos,H,534,14,160,24,45,91,108,11,241,4,15,121,94,7,110610,Lisboa,Grande Lisboa
Campolide,35 - 39 anos,M,481,6,87,9,20,58,77,4,307,0,18,178,103,8,110610,Lisboa,Grande Lisboa
Campolide,40 - 44 anos,H,489,13,147,18,57,72,113,8,208,0,11,136,54,7,110610,Lisboa,Grande Lisboa
Campolide,40 - 44 anos,M,467,21,81,15,25,41,112,6,247,0,11,163,62,11,110610,Lisboa,Grande Lisboa
Campolide,45 - 49 anos,H,511,9,176,28,52,96,122,10,194,0,17,118,46,13,110610,Lisboa,Grande Lisboa
Campolide,45 - 49 anos,M,515,18,118,25,29,64,99,8,272,0,13,186,60,13,110610,Lisboa,Grande Lisboa
Campolide,50 - 54 anos,H,475,15,196,64,58,74,118,5,141,0,18,83,34,6,110610,Lisboa,Grande Lisboa
Campolide,50 - 54 anos,M,495,12,174,53,53,68,115,3,191,0,15,140,28,8,110610,Lisboa,Grande Lisboa
Campolide,55 - 59 anos,H,422,14,192,62,53,77,96,2,118,0,9,79,19,11,110610,Lisboa,Grande Lisboa
Campolide,55 - 59 anos,M,508,15,187,74,56,57,131,2,173,0,11,109,45,8,110610,Lisboa,Grande Lisboa
Campolide,60 - 64 anos,H,402,18,205,107,37,61,66,0,113,0,12,73,18,10,110610,Lisboa,Grande Lisboa
Campolide,60 - 64 anos,M,466,18,233,118,34,81,81,0,134,0,14,85,19,16,110610,Lisboa,Grande Lisboa
Campolide,65 - 69 anos,H,364,22,189,125,26,38,58,0,95,0,9,64,15,7,110610,Lisboa,Grande Lisboa
Campolide,65 - 69 anos,M,438,22,236,150,25,61,69,0,111,0,18,73,16,4,110610,Lisboa,Grande Lisboa
Campolide,70 - 74 anos,H,304,25,172,104,26,42,28,0,79,0,10,52,9,8,110610,Lisboa,Grande Lisboa
Campolide,70 - 74 anos,M,471,47,271,174,21,76,62,0,91,0,18,59,10,4,110610,Lisboa,Grande Lisboa
Campolide,75 ou mais anos,H,693,52,453,313,41,99,74,0,114,0,13,82,11,8,110610,Lisboa,Grande Lisboa
Campolide,75 ou mais anos,M,1325,216,899,678,67,154,91,0,119,0,33,74,7,5,110610,Lisboa,Grande Lisboa
Carnide,Total,H,8350,1032,3083,1196,700,1187,1511,62,2662,17,158,1668,675,144,110611,Lisboa,Grande Lisboa
Carnide,Total,M,9678,1214,3499,1578,686,1235,1490,30,3445,6,212,2274,819,134,110611,Lisboa,Grande Lisboa
Carnide,Menos de 15 anos,H,1267,800,467,198,243,26,0,0,0,0,0,0,0,0,110611,Lisboa,Grande Lisboa
Carnide,Menos de 15 anos,M,1195,754,441,190,224,27,0,0,0,0,0,0,0,0,110611,Lisboa,Grande Lisboa
Carnide,15 - 19 anos,H,484,9,318,9,43,266,156,0,1,1,0,0,0,0,110611,Lisboa,Grande Lisboa
Carnide,15 - 19 anos,M,468,4,298,4,47,247,166,0,0,0,0,0,0,0,110611,Lisboa,Grande Lisboa
Carnide,20 - 24 anos,H,532,9,111,1,16,94,259,4,149,8,0,113,28,0,110611,Lisboa,Grande Lisboa
Carnide,20 - 24 anos,M,524,5,104,2,17,85,240,1,174,2,0,142,29,1,110611,Lisboa,Grande Lisboa
Carnide,25 - 29 anos,H,494,13,121,6,18,97,140,7,213,3,0,87,121,2,110611,Lisboa,Grande Lisboa
Carnide,25 - 29 anos,M,535,5,100,6,20,74,131,4,295,3,0,143,149,0,110611,Lisboa,Grande Lisboa
Carnide,30 - 34 anos,H,479,12,112,8,23,81,105,7,243,2,1,103,135,2,110611,Lisboa,Grande Lisboa
Carnide,30 - 34 anos,M,492,11,106,9,20,77,89,5,281,1,2,107,164,7,110611,Lisboa,Grande Lisboa
Carnide,35 - 39 anos,H,483,6,125,15,48,62,89,14,249,3,11,136,89,10,110611,Lisboa,Grande Lisboa
Carnide,35 - 39 anos,M,532,12,104,15,26,63,81,4,331,0,4,201,115,11,110611,Lisboa,Grande Lisboa
Carnide,40 - 44 anos,H,571,11,130,21,37,72,122,6,302,0,14,210,65,13,110611,Lisboa,Grande Lisboa
Carnide,40 - 44 anos,M,621,18,111,15,31,65,83,5,404,0,17,288,81,18,110611,Lisboa,Grande Lisboa
Carnide,45 - 49 anos,H,654,20,158,41,44,73,155,15,306,0,22,218,53,13,110611,Lisboa,Grande Lisboa
Carnide,45 - 49 anos,M,744,17,155,39,36,80,103,3,466,0,21,339,85,21,110611,Lisboa,Grande Lisboa
Carnide,50 - 54 anos,H,585,17,175,64,45,66,98,6,289,0,15,195,61,18,110611,Lisboa,Grande Lisboa
Carnide,50 - 54 anos,M,673,18,197,72,62,63,103,7,348,0,23,254,58,13,110611,Lisboa,Grande Lisboa
Carnide,55 - 59 anos,H,543,19,224,101,49,74,113,3,184,0,18,113,31,22,110611,Lisboa,Grande Lisboa
Carnide,55 - 59 anos,M,673,34,259,125,66,68,119,1,260,0,18,184,40,18,110611,Lisboa,Grande Lisboa
Carnide,60 - 64 anos,H,526,20,223,124,49,50,81,0,202,0,21,124,44,13,110611,Lisboa,Grande Lisboa
Carnide,60 - 64 anos,M,684,34,230,121,46,63,116,0,304,0,26,209,53,16,110611,Lisboa,Grande Lisboa
Carnide,65 - 69 anos,H,522,31,246,164,33,49,68,0,177,0,19,118,23,17,110611,Lisboa,Grande Lisboa
Carnide,65 - 69 anos,M,695,39,313,205,29,79,99,0,244,0,34,173,23,14,110611,Lisboa,Grande Lisboa
Carnide,70 - 74 anos,H,480,22,230,146,23,61,50,0,178,0,24,123,17,14,110611,Lisboa,Grande Lisboa
Carnide,70 - 74 anos,M,583,32,332,206,20,106,57,0,162,0,27,115,12,8,110611,Lisboa,Grande Lisboa
Carnide,75 ou mais anos,H,730,43,443,298,29,116,75,0,169,0,13,128,8,20,110611,Lisboa,Grande Lisboa
Carnide,75 ou mais anos,M,1259,231,749,569,42,138,103,0,176,0,40,119,10,7,110611,Lisboa,Grande Lisboa
Estrela,Total,H,9379,1162,2421,828,596,997,1764,94,3938,15,221,2245,1219,238,110660,Lisboa,Grande Lisboa
Estrela,Total,M,10888,1316,3005,1351,583,1071,1827,61,4679,4,397,2710,1358,210,110660,Lisboa,Grande Lisboa
Estrela,Menos de 15 anos,H,1518,971,547,228,285,34,0,0,0,0,0,0,0,0,110660,Lisboa,Grande Lisboa
Estrela,Menos de 15 anos,M,1495,943,552,217,294,41,0,0,0,0,0,0,0,0,110660,Lisboa,Grande Lisboa
Estrela,15 - 19 anos,H,520,3,350,4,41,305,167,0,0,0,0,0,0,0,110660,Lisboa,Grande Lisboa
Estrela,15 - 19 anos,M,527,6,297,2,25,270,222,1,1,1,0,0,0,0,110660,Lisboa,Grande Lisboa
Estrela,20 - 24 anos,H,525,14,47,2,10,35,282,4,178,2,0,143,33,0,110660,Lisboa,Grande Lisboa
Estrela,20 - 24 anos,M,535,7,41,1,5,35,277,8,202,0,0,158,43,1,110660,Lisboa,Grande Lisboa
Estrela,25 - 29 anos,H,661,16,70,3,13,54,201,10,364,4,0,165,193,2,110660,Lisboa,Grande Lisboa
Estrela,25 - 29 anos,M,715,18,39,3,3,33,133,4,521,0,0,233,284,4,110660,Lisboa,Grande Lisboa
Estrela,30 - 34 anos,H,725,14,56,3,12,41,148,20,487,6,8,213,240,20,110660,Lisboa,Grande Lisboa
Estrela,30 - 34 anos,M,757,16,53,4,9,40,114,11,563,2,6,235,303,17,110660,Lisboa,Grande Lisboa
Estrela,35 - 39 anos,H,703,18,98,12,18,68,136,14,437,3,29,207,176,22,110660,Lisboa,Grande Lisboa
Estrela,35 - 39 anos,M,740,22,58,14,12,32,95,13,552,1,34,296,192,29,110660,Lisboa,Grande Lisboa
Estrela,40 - 44 anos,H,762,15,87,9,23,55,148,20,492,0,35,286,143,28,110660,Lisboa,Grande Lisboa
Estrela,40 - 44 anos,M,782,11,75,8,21,46,108,9,579,0,24,386,150,19,110660,Lisboa,Grande Lisboa
Estrela,45 - 49 anos,H,705,16,101,12,23,66,119,12,457,0,26,284,125,22,110660,Lisboa,Grande Lisboa
Estrela,45 - 49 anos,M,824,11,92,15,21,56,139,7,575,0,41,356,147,31,110660,Lisboa,Grande Lisboa
Estrela,50 - 54 anos,H,634,15,89,23,25,41,115,12,403,0,31,231,105,36,110660,Lisboa,Grande Lisboa
Estrela,50 - 54 anos,M,706,17,95,22,26,47,139,7,448,0,64,269,86,29,110660,Lisboa,Grande Lisboa
Estrela,55 - 59 anos,H,566,13,112,29,42,41,122,2,317,0,20,199,76,22,110660,Lisboa,Grande Lisboa
Estrela,55 - 59 anos,M,610,12,141,54,30,57,133,1,323,0,45,200,52,26,110660,Lisboa,Grande Lisboa
Estrela,60 - 64 anos,H,492,8,127,45,30,52,110,0,247,0,17,156,54,20,110660,Lisboa,Grande Lisboa
Estrela,60 - 64 anos,M,574,19,154,76,28,50,125,0,276,0,48,164,46,18,110660,Lisboa,Grande Lisboa
Estrela,65 - 69 anos,H,409,12,159,98,26,35,65,0,173,0,15,110,25,23,110660,Lisboa,Grande Lisboa
Estrela,65 - 69 anos,M,562,21,220,137,24,59,115,0,206,0,43,122,23,18,110660,Lisboa,Grande Lisboa
Estrela,70 - 74 anos,H,412,15,177,97,22,58,62,0,158,0,16,97,23,22,110660,Lisboa,Grande Lisboa
Estrela,70 - 74 anos,M,574,26,296,168,23,105,83,0,169,0,29,115,16,9,110660,Lisboa,Grande Lisboa
Estrela,75 ou mais anos,H,747,32,401,263,26,112,89,0,225,0,24,154,26,21,110660,Lisboa,Grande Lisboa
Estrela,75 ou mais anos,M,1487,187,892,630,62,200,144,0,264,0,63,176,16,9,110660,Lisboa,Grande Lisboa
Lumiar,Total,H,21521,2559,5249,1765,1321,2163,3629,178,9906,31,474,6024,2774,603,110618,Lisboa,Grande Lisboa
Lumiar,Total,M,24813,2744,6141,2392,1366,2383,3530,106,12292,10,730,7674,3250,628,110618,Lisboa,Grande Lisboa
Lumiar,Menos de 15 anos,H,3535,2246,1289,540,688,61,0,0,0,0,0,0,0,0,110618,Lisboa,Grande Lisboa
Lumiar,Menos de 15 anos,M,3255,2036,1219,490,647,82,0,0,0,0,0,0,0,0,110618,Lisboa,Grande Lisboa
Lumiar,15 - 19 anos,H,1230,3,804,11,81,712,421,1,1,1,0,0,0,0,110618,Lisboa,Grande Lisboa
Lumiar,15 - 19 anos,M,1218,4,769,4,87,678,444,0,1,1,0,0,0,0,110618,Lisboa,Grande Lisboa
Lumiar,20 - 24 anos,H,1364,11,141,4,28,109,727,8,477,9,0,369,98,1,110618,Lisboa,Grande Lisboa
Lumiar,20 - 24 anos,M,1342,8,111,9,16,86,603,6,614,3,0,474,137,0,110618,Lisboa,Grande Lisboa
Lumiar,25 - 29 anos,H,1424,10,141,10,31,100,281,23,969,6,0,409,548,6,110618,Lisboa,Grande Lisboa
Lumiar,25 - 29 anos,M,1486,15,98,7,21,70,208,15,1150,1,0,451,691,7,110618,Lisboa,Grande Lisboa
Lumiar,30 - 34 anos,H,1347,12,132,12,34,86,232,31,940,6,5,363,541,25,110618,Lisboa,Grande Lisboa
Lumiar,30 - 34 anos,M,1390,18,131,12,32,87,152,22,1067,4,2,373,648,40,110618,Lisboa,Grande Lisboa
Lumiar,35 - 39 anos,H,1411,17,144,30,37,77,235,25,990,7,26,488,426,43,110618,Lisboa,Grande Lisboa
Lumiar,35 - 39 anos,M,1540,24,116,9,22,85,179,17,1204,1,38,636,462,67,110618,Lisboa,Grande Lisboa
Lumiar,40 - 44 anos,H,1608,17,196,28,44,124,259,29,1107,2,46,725,272,62,110618,Lisboa,Grande Lisboa
Lumiar,40 - 44 anos,M,1809,27,158,34,32,92,204,12,1408,0,36,982,310,80,110618,Lisboa,Grande Lisboa
Lumiar,45 - 49 anos,H,1640,27,205,52,57,96,240,27,1141,0,61,805,218,57,110618,Lisboa,Grande Lisboa
Lumiar,45 - 49 anos,M,1942,17,223,67,53,103,208,15,1479,0,67,1046,297,69,110618,Lisboa,Grande Lisboa
Lumiar,50 - 54 anos,H,1403,19,246,79,73,94,250,28,860,0,61,538,174,87,110618,Lisboa,Grande Lisboa
Lumiar,50 - 54 anos,M,1787,22,273,84,93,96,258,18,1216,0,82,826,213,95,110618,Lisboa,Grande Lisboa
Lumiar,55 - 59 anos,H,1378,20,294,129,65,100,257,6,801,0,59,500,161,81,110618,Lisboa,Grande Lisboa
Lumiar,55 - 59 anos,M,1693,44,321,134,69,118,280,1,1047,0,85,734,160,68,110618,Lisboa,Grande Lisboa
Lumiar,60 - 64 anos,H,1186,32,239,118,42,79,226,0,689,0,55,423,125,86,110618,Lisboa,Grande Lisboa
Lumiar,60 - 64 anos,M,1657,64,338,175,52,111,275,0,980,0,96,654,147,83,110618,Lisboa,Grande Lisboa
Lumiar,65 - 69 anos,H,1141,25,279,178,35,66,173,0,664,0,40,469,97,58,110618,Lisboa,Grande Lisboa
Lumiar,65 - 69 anos,M,1591,76,392,190,57,145,276,0,847,0,79,622,94,52,110618,Lisboa,Grande Lisboa
Lumiar,70 - 74 anos,H,1087,33,332,158,30,144,124,0,598,0,41,450,59,48,110618,Lisboa,Grande Lisboa
Lumiar,70 - 74 anos,M,1389,58,523,247,54,222,181,0,627,0,80,455,55,37,110618,Lisboa,Grande Lisboa
Lumiar,75 ou mais anos,H,1767,87,807,416,76,315,204,0,669,0,80,485,55,49,110618,Lisboa,Grande Lisboa
Lumiar,75 ou mais anos,M,2714,331,1469,930,131,408,262,0,652,0,165,421,36,30,110618,Lisboa,Grande Lisboa
Marvila,Total,H,16598,2171,9296,3967,2208,3121,3202,189,1740,40,108,1112,414,66,110621,Lisboa,Grande Lisboa
Marvila,Total,M,18881,2974,9876,4906,1959,3011,3359,119,2553,15,158,1744,568,68,110621,Lisboa,Grande Lisboa
Marvila,Menos de 15 anos,H,2423,1463,960,428,470,62,0,0,0,0,0,0,0,0,110621,Lisboa,Grande Lisboa
Marvila,Menos de 15 anos,M,2275,1396,879,347,454,78,0,0,0,0,0,0,0,0,110621,Lisboa,Grande Lisboa
Marvila,15 - 19 anos,H,923,11,676,15,135,526,231,1,4,4,0,0,0,0,110621,Lisboa,Grande Lisboa
Marvila,15 - 19 anos,M,884,6,588,8,91,489,288,0,2,2,0,0,0,0,110621,Lisboa,Grande Lisboa
Marvila,20 - 24 anos,H,972,15,326,13,90,223,500,17,114,13,0,85,16,0,110621,Lisboa,Grande Lisboa
Marvila,20 - 24 anos,M,972,15,270,13,63,194,492,16,179,4,0,151,24,0,110621,Lisboa,Grande Lisboa
Marvila,25 - 29 anos,H,1057,23,344,22,87,235,418,29,243,16,0,146,80,1,110621,Lisboa,Grande Lisboa
Marvila,25 - 29 anos,M,1013,26,269,22,71,176,359,20,339,6,0,218,115,0,110621,Lisboa,Grande Lisboa
Marvila,30 - 34 anos,H,1005,24,371,47,91,233,323,37,250,1,6,140,99,4,110621,Lisboa,Grande Lisboa
Marvila,30 - 34 anos,M,1045,41,288,29,63,196,315,26,375,1,2,208,160,4,110621,Lisboa,Grande Lisboa
Marvila,35 - 39 anos,H,1093,32,432,51,120,261,344,37,248,4,9,145,83,7,110621,Lisboa,Grande Lisboa
Marvila,35 - 39 anos,M,1129,37,385,50,75,260,345,17,345,2,17,225,95,6,110621,Lisboa,Grande Lisboa
Marvila,40 - 44 anos,H,1147,33,536,77,144,315,312,31,235,2,21,158,45,9,110621,Lisboa,Grande Lisboa
Marvila,40 - 44 anos,M,1192,40,435,58,112,265,339,16,362,0,22,278,51,11,110621,Lisboa,Grande Lisboa
Marvila,45 - 49 anos,H,1141,36,622,119,219,284,280,22,181,0,15,125,27,14,110621,Lisboa,Grande Lisboa
Marvila,45 - 49 anos,M,1174,51,529,119,156,254,292,17,285,0,20,208,41,16,110621,Lisboa,Grande Lisboa
Marvila,50 - 54 anos,H,1087,50,696,215,237,244,195,13,133,0,11,92,25,5,110621,Lisboa,Grande Lisboa
Marvila,50 - 54 anos,M,1306,89,703,257,216,230,299,5,210,0,21,141,39,9,110621,Lisboa,Grande Lisboa
Marvila,55 - 59 anos,H,1163,69,782,314,251,217,218,2,92,0,8,59,18,7,110621,Lisboa,Grande Lisboa
Marvila,55 - 59 anos,M,1360,90,873,419,220,234,235,2,160,0,13,122,18,7,110621,Lisboa,Grande Lisboa
Marvila,60 - 64 anos,H,1101,71,804,485,143,176,159,0,67,0,8,44,10,5,110621,Lisboa,Grande Lisboa
Marvila,60 - 64 anos,M,1476,116,1057,644,167,246,199,0,104,0,19,66,13,6,110621,Lisboa,Grande Lisboa
Marvila,65 - 69 anos,H,1126,86,866,656,87,123,112,0,62,0,7,41,7,7,110621,Lisboa,Grande Lisboa
Marvila,65 - 69 anos,M,1407,159,1076,809,108,159,93,0,79,0,16,52,7,4,110621,Lisboa,Grande Lisboa
Marvila,70 - 74 anos,H,940,76,763,601,64,98,49,0,52,0,9,39,1,3,110621,Lisboa,Grande Lisboa
Marvila,70 - 74 anos,M,1130,133,893,746,54,93,55,0,49,0,7,37,2,3,110621,Lisboa,Grande Lisboa
Marvila,75 ou mais anos,H,1420,182,1118,924,70,124,61,0,59,0,14,38,3,4,110621,Lisboa,Grande Lisboa
Marvila,75 ou mais anos,M,2518,775,1631,1385,109,137,48,0,64,0,21,38,3,2,110621,Lisboa,Grande Lisboa
Misericórdia,Total,H,4809,508,1565,529,371,665,1038,62,1636,14,112,913,478,119,110661,Lisboa,Grande Lisboa
Misericórdia,Total,M,4849,561,1684,824,309,551,917,36,1651,6,134,911,510,90,110661,Lisboa,Grande Lisboa
Misericórdia,Menos de 15 anos,H,516,320,196,69,110,17,0,0,0,0,0,0,0,0,110661,Lisboa,Grande Lisboa
Misericórdia,Menos de 15 anos,M,437,266,171,59,97,15,0,0,0,0,0,0,0,0,110661,Lisboa,Grande Lisboa
Misericórdia,15 - 19 anos,H,175,1,107,1,18,88,66,0,1,1,0,0,0,0,110661,Lisboa,Grande Lisboa
Misericórdia,15 - 19 anos,M,178,2,100,1,11,88,76,0,0,0,0,0,0,0,110661,Lisboa,Grande Lisboa
Misericórdia,20 - 24 anos,H,260,7,48,3,9,36,136,2,67,1,0,56,10,0,110661,Lisboa,Grande Lisboa
Misericórdia,20 - 24 anos,M,251,6,20,1,6,13,135,5,85,2,0,62,21,0,110661,Lisboa,Grande Lisboa
Misericórdia,25 - 29 anos,H,405,21,56,1,10,45,123,13,192,2,0,108,80,2,110661,Lisboa,Grande Lisboa
Misericórdia,25 - 29 anos,M,310,14,20,2,2,16,85,1,190,0,0,97,91,2,110661,Lisboa,Grande Lisboa
Misericórdia,30 - 34 anos,H,437,22,63,1,10,52,113,11,228,5,4,123,87,9,110661,Lisboa,Grande Lisboa
Misericórdia,30 - 34 anos,M,352,16,34,2,4,28,71,6,225,1,5,104,108,7,110661,Lisboa,Grande Lisboa
Misericórdia,35 - 39 anos,H,400,6,68,4,9,55,111,10,205,3,13,100,73,16,110661,Lisboa,Grande Lisboa
Misericórdia,35 - 39 anos,M,340,10,46,5,14,27,73,6,205,2,12,112,65,14,110661,Lisboa,Grande Lisboa
Misericórdia,40 - 44 anos,H,410,23,85,9,17,59,106,11,185,2,18,107,51,7,110661,Lisboa,Grande Lisboa
Misericórdia,40 - 44 anos,M,347,20,48,2,9,37,80,4,195,1,15,107,62,10,110661,Lisboa,Grande Lisboa
Misericórdia,45 - 49 anos,H,409,19,78,11,21,46,95,10,207,0,17,116,59,15,110661,Lisboa,Grande Lisboa
Misericórdia,45 - 49 anos,M,330,13,65,15,16,34,69,10,173,0,14,99,46,14,110661,Lisboa,Grande Lisboa
Misericórdia,50 - 54 anos,H,341,11,106,24,36,46,70,5,149,0,15,76,41,17,110661,Lisboa,Grande Lisboa
Misericórdia,50 - 54 anos,M,316,14,74,19,19,36,62,4,162,0,18,97,38,9,110661,Lisboa,Grande Lisboa
Misericórdia,55 - 59 anos,H,294,15,103,33,36,34,71,0,105,0,10,55,24,16,110661,Lisboa,Grande Lisboa
Misericórdia,55 - 59 anos,M,317,13,98,29,37,32,62,0,144,0,13,88,26,17,110661,Lisboa,Grande Lisboa
Misericórdia,60 - 64 anos,H,288,12,124,50,26,48,62,0,90,0,9,47,22,12,110661,Lisboa,Grande Lisboa
Misericórdia,60 - 64 anos,M,312,16,124,64,16,44,63,0,109,0,17,57,28,7,110661,Lisboa,Grande Lisboa
Misericórdia,65 - 69 anos,H,250,9,126,61,22,43,31,0,84,0,14,40,17,13,110661,Lisboa,Grande Lisboa
Misericórdia,65 - 69 anos,M,285,21,135,79,12,44,65,0,64,0,11,37,11,5,110661,Lisboa,Grande Lisboa
Misericórdia,70 - 74 anos,H,209,17,109,63,14,32,20,0,63,0,6,40,8,9,110661,Lisboa,Grande Lisboa
Misericórdia,70 - 74 anos,M,293,21,202,137,22,43,30,0,40,0,10,22,6,2,110661,Lisboa,Grande Lisboa
Misericórdia,75 ou mais anos,H,415,25,296,199,33,64,34,0,60,0,6,45,6,3,110661,Lisboa,Grande Lisboa
Misericórdia,75 ou mais anos,M,781,129,547,409,44,94,46,0,59,0,19,29,8,3,110661,Lisboa,Grande Lisboa
Olivais,Total,H,14917,1700,6225,2299,1448,2478,3200,160,3632,28,247,2316,864,177,110633,Lisboa,Grande Lisboa
Olivais,Total,M,17262,2183,6965,3354,1240,2371,3213,103,4798,16,371,3148,1115,148,110633,Lisboa,Grande Lisboa
Olivais,Menos de 15 anos,H,2023,1258,765,309,397,59,0,0,0,0,0,0,0,0,110633,Lisboa,Grande Lisboa
Olivais,Menos de 15 anos,M,1842,1143,699,312,338,49,0,0,0,0,0,0,0,0,110633,Lisboa,Grande Lisboa
Olivais,15 - 19 anos,H,771,8,536,11,92,433,226,1,0,0,0,0,0,0,110633,Lisboa,Grande Lisboa
Olivais,15 - 19 anos,M,788,7,511,16,73,422,269,1,0,0,0,0,0,0,110633,Lisboa,Grande Lisboa
Olivais,20 - 24 anos,H,878,13,197,7,47,143,445,18,205,6,0,159,40,0,110633,Lisboa,Grande Lisboa
Olivais,20 - 24 anos,M,829,9,114,16,16,82,424,9,273,8,0,210,55,0,110633,Lisboa,Grande Lisboa
Olivais,25 - 29 anos,H,947,23,179,17,41,121,317,18,410,10,0,234,161,5,110633,Lisboa,Grande Lisboa
Olivais,25 - 29 anos,M,922,21,124,11,31,82,234,16,527,6,0,289,229,3,110633,Lisboa,Grande Lisboa
Olivais,30 - 34 anos,H,896,20,202,15,30,157,253,26,395,6,9,207,160,13,110633,Lisboa,Grande Lisboa
Olivais,30 - 34 anos,M,893,34,147,14,35,98,207,13,492,0,5,238,240,9,110633,Lisboa,Grande Lisboa
Olivais,35 - 39 anos,H,952,18,234,26,46,162,261,30,409,6,22,243,122,16,110633,Lisboa,Grande Lisboa
Olivais,35 - 39 anos,M,930,19,151,17,42,92,245,13,502,2,17,306,166,11,110633,Lisboa,Grande Lisboa
Olivais,40 - 44 anos,H,942,17,248,26,68,154,257,25,395,0,24,270,87,14,110633,Lisboa,Grande Lisboa
Olivais,40 - 44 anos,M,1079,28,219,32,47,140,250,19,563,0,26,390,119,28,110633,Lisboa,Grande Lisboa
Olivais,45 - 49 anos,H,972,28,295,49,98,148,260,24,365,0,26,257,66,16,110633,Lisboa,Grande Lisboa
Olivais,45 - 49 anos,M,1079,35,239,43,67,129,277,15,513,0,29,367,94,23,110633,Lisboa,Grande Lisboa
Olivais,50 - 54 anos,H,1049,34,428,109,129,190,264,13,310,0,26,206,59,19,110633,Lisboa,Grande Lisboa
Olivais,50 - 54 anos,M,1230,43,384,91,118,175,310,15,478,0,42,355,66,15,110633,Lisboa,Grande Lisboa
Olivais,55 - 59 anos,H,1145,44,491,168,130,193,312,5,293,0,37,168,70,18,110633,Lisboa,Grande Lisboa
Olivais,55 - 59 anos,M,1290,35,518,197,120,201,299,2,436,0,42,308,64,22,110633,Lisboa,Grande Lisboa
Olivais,60 - 64 anos,H,1043,51,512,208,133,171,232,0,248,0,28,163,36,21,110633,Lisboa,Grande Lisboa
Olivais,60 - 64 anos,M,1125,49,513,246,100,167,265,0,298,0,32,217,38,11,110633,Lisboa,Grande Lisboa
Olivais,65 - 69 anos,H,770,44,453,265,80,108,124,0,149,0,15,96,25,13,110633,Lisboa,Grande Lisboa
Olivais,65 - 69 anos,M,847,53,497,324,37,136,137,0,160,0,31,104,17,8,110633,Lisboa,Grande Lisboa
Olivais,70 - 74 anos,H,650,38,415,249,49,117,80,0,117,0,12,79,14,12,110633,Lisboa,Grande Lisboa
Olivais,70 - 74 anos,M,973,71,658,429,69,160,98,0,146,0,27,100,12,7,110633,Lisboa,Grande Lisboa
Olivais,75 ou mais anos,H,1879,104,1270,840,108,322,169,0,336,0,48,234,24,30,110633,Lisboa,Grande Lisboa
Olivais,75 ou mais anos,M,3435,636,2191,1606,147,438,198,0,410,0,120,264,15,11,110633,Lisboa,Grande Lisboa
Parque das Nações,Total,H,10823,1420,3189,1022,888,1279,1786,82,4346,9,260,2656,1161,260,110662,Lisboa,Grande Lisboa
Parque das Nações,Total,M,11559,1526,3230,1240,778,1212,1726,58,5019,3,295,3186,1305,230,110662,Lisboa,Grande Lisboa
Parque das Nações,Menos de 15 anos,H,2057,1198,859,349,453,57,0,0,0,0,0,0,0,0,110662,Lisboa,Grande Lisboa
Parque das Nações,Menos de 15 anos,M,1904,1134,770,297,425,48,0,0,0,0,0,0,0,0,110662,Lisboa,Grande Lisboa
Parque das Nações,15 - 19 anos,H,811,7,542,3,62,477,261,0,1,1,0,0,0,0,110662,Lisboa,Grande Lisboa
Parque das Nações,15 - 19 anos,M,686,3,455,4,43,408,227,1,0,0,0,0,0,0,110662,Lisboa,Grande Lisboa
Parque das Nações,20 - 24 anos,H,604,11,96,1,18,77,331,9,157,2,0,123,32,0,110662,Lisboa,Grande Lisboa
Parque das Nações,20 - 24 anos,M,600,6,62,6,11,45,290,2,240,0,0,190,50,0,110662,Lisboa,Grande Lisboa
Parque das Nações,25 - 29 anos,H,502,8,89,5,19,65,141,6,258,2,0,126,128,2,110662,Lisboa,Grande Lisboa
Parque das Nações,25 - 29 anos,M,541,17,73,8,7,58,86,12,353,1,0,162,185,5,110662,Lisboa,Grande Lisboa
Parque das Nações,30 - 34 anos,H,503,11,83,6,23,54,106,14,289,2,6,135,138,8,110662,Lisboa,Grande Lisboa
Parque das Nações,30 - 34 anos,M,618,16,84,12,19,53,94,15,409,1,6,194,198,10,110662,Lisboa,Grande Lisboa
Parque das Nações,35 - 39 anos,H,654,12,105,17,22,66,112,15,410,2,26,216,146,20,110662,Lisboa,Grande Lisboa
Parque das Nações,35 - 39 anos,M,739,13,74,9,16,49,131,8,513,1,23,296,172,21,110662,Lisboa,Grande Lisboa
Parque das Nações,40 - 44 anos,H,933,19,135,20,43,72,147,11,621,0,37,384,170,30,110662,Lisboa,Grande Lisboa
Parque das Nações,40 - 44 anos,M,1121,19,118,20,27,71,149,8,827,0,30,551,199,47,110662,Lisboa,Grande Lisboa
Parque das Nações,45 - 49 anos,H,1099,18,130,27,42,61,152,13,786,0,38,521,184,43,110662,Lisboa,Grande Lisboa
Parque das Nações,45 - 49 anos,M,1139,19,124,33,37,54,138,5,853,0,38,580,188,47,110662,Lisboa,Grande Lisboa
Parque das Nações,50 - 54 anos,H,874,21,140,38,47,55,119,11,583,0,31,373,132,47,110662,Lisboa,Grande Lisboa
Parque das Nações,50 - 54 anos,M,936,22,159,44,47,68,150,6,599,0,35,400,130,34,110662,Lisboa,Grande Lisboa
Parque das Nações,55 - 59 anos,H,719,24,161,59,47,55,137,3,394,0,36,223,99,36,110662,Lisboa,Grande Lisboa
Parque das Nações,55 - 59 anos,M,767,25,188,82,36,70,125,1,428,0,35,286,76,31,110662,Lisboa,Grande Lisboa
Parque das Nações,60 - 64 anos,H,575,21,178,100,32,46,105,0,271,0,24,148,66,33,110662,Lisboa,Grande Lisboa
Parque das Nações,60 - 64 anos,M,601,27,193,100,32,61,123,0,258,0,31,155,53,19,110662,Lisboa,Grande Lisboa
Parque das Nações,65 - 69 anos,H,511,14,189,120,26,43,73,0,235,0,20,159,34,22,110662,Lisboa,Grande Lisboa
Parque das Nações,65 - 69 anos,M,573,33,220,142,27,51,95,0,225,0,29,163,25,8,110662,Lisboa,Grande Lisboa
Parque das Nações,70 - 74 anos,H,428,20,187,102,23,62,44,0,177,0,22,129,18,8,110662,Lisboa,Grande Lisboa
Parque das Nações,70 - 74 anos,M,503,41,244,151,22,71,64,0,154,0,23,108,19,4,110662,Lisboa,Grande Lisboa
Parque das Nações,75 ou mais anos,H,553,36,295,175,31,89,58,0,164,0,20,119,14,11,110662,Lisboa,Grande Lisboa
Parque das Nações,75 ou mais anos,M,831,151,466,332,29,105,54,0,160,0,45,101,10,4,110662,Lisboa,Grande Lisboa
Penha de França,Total,H,13280,1514,4796,1643,1050,2103,3115,195,3660,34,259,2187,1006,174,110663,Lisboa,Grande Lisboa
Penha de França,Total,M,15195,1807,5530,2654,955,1921,2953,115,4790,19,304,2941,1341,185,110663,Lisboa,Grande Lisboa
Penha de França,Menos de 15 anos,H,1566,1021,545,225,282,38,0,0,0,0,0,0,0,0,110663,Lisboa,Grande Lisboa
Penha de França,Menos de 15 anos,M,1510,1012,498,227,235,36,0,0,0,0,0,0,0,0,110663,Lisboa,Grande Lisboa
Penha de França,15 - 19 anos,H,547,16,365,4,72,289,164,2,0,0,0,0,0,0,110663,Lisboa,Grande Lisboa
Penha de França,15 - 19 anos,M,533,2,318,4,52,262,212,0,1,1,0,0,0,0,110663,Lisboa,Grande Lisboa
Penha de França,20 - 24 anos,H,767,24,157,5,25,127,391,16,179,8,0,136,35,0,110663,Lisboa,Grande Lisboa
Penha de França,20 - 24 anos,M,746,18,99,2,18,79,349,11,269,4,0,224,41,0,110663,Lisboa,Grande Lisboa
Penha de França,25 - 29 anos,H,1196,53,190,21,24,145,371,39,543,9,0,298,230,6,110663,Lisboa,Grande Lisboa
Penha de França,25 - 29 anos,M,1164,48,111,4,21,86,271,18,716,5,0,371,339,1,110663,Lisboa,Grande Lisboa
Penha de França,30 - 34 anos,H,1327,66,222,21,37,164,362,34,643,8,17,334,264,20,110663,Lisboa,Grande Lisboa
Penha de França,30 - 34 anos,M,1216,42,128,9,26,93,256,18,772,6,7,386,350,23,110663,Lisboa,Grande Lisboa
Penha de França,35 - 39 anos,H,1211,63,252,28,47,177,318,33,545,7,42,285,184,27,110663,Lisboa,Grande Lisboa
Penha de França,35 - 39 anos,M,1148,42,166,16,28,122,249,17,674,3,33,371,233,34,110663,Lisboa,Grande Lisboa
Penha de França,40 - 44 anos,H,1098,41,241,27,56,158,324,29,463,2,41,278,112,30,110663,Lisboa,Grande Lisboa
Penha de França,40 - 44 anos,M,1105,43,168,21,33,114,271,12,611,0,26,414,126,45,110663,Lisboa,Grande Lisboa
Penha de França,45 - 49 anos,H,1023,33,285,39,69,177,275,28,402,0,31,286,61,24,110663,Lisboa,Grande Lisboa
Penha de França,45 - 49 anos,M,1040,43,242,45,58,139,267,22,466,0,41,318,81,26,110663,Lisboa,Grande Lisboa
Penha de França,50 - 54 anos,H,802,32,290,67,86,137,227,12,241,0,37,141,43,20,110663,Lisboa,Grande Lisboa
Penha de França,50 - 54 anos,M,859,29,239,62,68,109,242,15,334,0,34,233,52,15,110663,Lisboa,Grande Lisboa
Penha de França,55 - 59 anos,H,666,21,312,92,79,141,166,2,165,0,19,101,29,16,110663,Lisboa,Grande Lisboa
Penha de França,55 - 59 anos,M,856,32,311,127,64,120,227,2,284,0,31,193,49,11,110663,Lisboa,Grande Lisboa
Penha de França,60 - 64 anos,H,666,34,318,137,80,101,175,0,139,0,20,90,17,12,110663,Lisboa,Grande Lisboa
Penha de França,60 - 64 anos,M,845,35,376,160,80,136,218,0,216,0,32,146,30,8,110663,Lisboa,Grande Lisboa
Penha de França,65 - 69 anos,H,592,26,328,186,45,97,124,0,114,0,9,82,15,8,110663,Lisboa,Grande Lisboa
Penha de França,65 - 69 anos,M,828,48,492,280,69,143,136,0,152,0,23,95,25,9,110663,Lisboa,Grande Lisboa
Penha de França,70 - 74 anos,H,608,24,404,213,60,131,86,0,94,0,13,66,7,8,110663,Lisboa,Grande Lisboa
Penha de França,70 - 74 anos,M,892,51,610,375,68,167,97,0,134,0,27,94,7,6,110663,Lisboa,Grande Lisboa
Penha de França,75 ou mais anos,H,1211,60,887,578,88,221,132,0,132,0,30,90,9,3,110663,Lisboa,Grande Lisboa
Penha de França,75 ou mais anos,M,2453,362,1772,1322,135,315,158,0,161,0,50,96,8,7,110663,Lisboa,Grande Lisboa
Santa Clara,Total,H,11013,1922,5017,2039,1302,1676,2002,108,1964,17,109,1231,517,90,110664,Lisboa,Grande Lisboa
Santa Clara,Total,M,12632,2206,5551,2488,1281,1782,2181,96,2598,7,130,1761,610,90,110664,Lisboa,Grande Lisboa
Santa Clara,Menos de 15 anos,H,2306,1499,807,411,349,47,0,0,0,0,0,0,0,0,110664,Lisboa,Grande Lisboa
Santa Clara,Menos de 15 anos,M,2156,1373,783,370,359,54,0,0,0,0,0,0,0,0,110664,Lisboa,Grande Lisboa
Santa Clara,15 - 19 anos,H,691,12,486,40,108,338,192,0,1,1,0,0,0,0,110664,Lisboa,Grande Lisboa
Santa Clara,15 - 19 anos,M,703,12,503,43,114,346,188,0,0,0,0,0,0,0,110664,Lisboa,Grande Lisboa
Santa Clara,20 - 24 anos,H,727,13,277,30,84,163,339,10,88,2,0,72,14,0,110664,Lisboa,Grande Lisboa
Santa Clara,20 - 24 anos,M,761,11,212,45,62,105,368,12,158,3,0,132,23,0,110664,Lisboa,Grande Lisboa
Santa Clara,25 - 29 anos,H,698,15,218,35,61,122,226,23,216,5,0,120,90,1,110664,Lisboa,Grande Lisboa
Santa Clara,25 - 29 anos,M,793,25,235,39,61,135,241,19,273,2,0,144,125,2,110664,Lisboa,Grande Lisboa
Santa Clara,30 - 34 anos,H,766,24,250,49,68,133,209,20,263,1,1,134,119,8,110664,Lisboa,Grande Lisboa
Santa Clara,30 - 34 anos,M,836,38,247,55,51,141,202,16,333,0,1,186,137,9,110664,Lisboa,Grande Lisboa
Santa Clara,35 - 39 anos,H,781,28,279,58,83,138,186,15,273,5,13,158,90,7,110664,Lisboa,Grande Lisboa
Santa Clara,35 - 39 anos,M,893,39,297,55,76,166,188,10,359,1,6,234,106,12,110664,Lisboa,Grande Lisboa
Santa Clara,40 - 44 anos,H,869,26,340,88,93,159,195,18,290,3,12,196,66,13,110664,Lisboa,Grande Lisboa
Santa Clara,40 - 44 anos,M,974,49,273,56,77,140,224,13,415,1,12,305,76,21,110664,Lisboa,Grande Lisboa
Santa Clara,45 - 49 anos,H,814,35,322,85,112,125,189,9,259,0,17,181,44,17,110664,Lisboa,Grande Lisboa
Santa Clara,45 - 49 anos,M,938,51,306,96,91,119,203,15,363,0,20,275,51,17,110664,Lisboa,Grande Lisboa
Santa Clara,50 - 54 anos,H,709,40,351,133,95,123,149,12,157,0,12,105,32,8,110664,Lisboa,Grande Lisboa
Santa Clara,50 - 54 anos,M,810,61,381,149,109,123,150,11,207,0,23,147,23,14,110664,Lisboa,Grande Lisboa
Santa Clara,55 - 59 anos,H,573,35,323,163,85,75,105,1,109,0,12,59,25,13,110664,Lisboa,Grande Lisboa
Santa Clara,55 - 59 anos,M,753,66,411,200,101,110,137,0,139,0,11,94,28,6,110664,Lisboa,Grande Lisboa
Santa Clara,60 - 64 anos,H,537,53,305,182,55,68,81,0,98,0,11,69,9,9,110664,Lisboa,Grande Lisboa
Santa Clara,60 - 64 anos,M,686,62,398,245,66,87,108,0,118,0,10,79,23,6,110664,Lisboa,Grande Lisboa
Santa Clara,65 - 69 anos,H,475,48,295,214,29,52,55,0,77,0,11,46,15,5,110664,Lisboa,Grande Lisboa
Santa Clara,65 - 69 anos,M,628,71,395,275,38,82,76,0,86,0,12,65,7,2,110664,Lisboa,Grande Lisboa
Santa Clara,70 - 74 anos,H,417,25,292,207,34,51,34,0,66,0,7,49,5,5,110664,Lisboa,Grande Lisboa
Santa Clara,70 - 74 anos,M,560,53,385,278,35,72,42,0,80,0,11,62,7,0,110664,Lisboa,Grande Lisboa
Santa Clara,75 ou mais anos,H,650,69,472,344,46,82,42,0,67,0,13,42,8,4,110664,Lisboa,Grande Lisboa
Santa Clara,75 ou mais anos,M,1141,295,725,582,41,102,54,0,67,0,24,38,4,1,110664,Lisboa,Grande Lisboa
Santa Maria Maior,Total,H,5623,748,2093,764,471,858,1381,65,1336,8,116,742,389,81,110665,Lisboa,Grande Lisboa
Santa Maria Maior,Total,M,4428,601,1742,907,304,531,827,34,1224,2,80,722,356,64,110665,Lisboa,Grande Lisboa
Santa Maria Maior,Menos de 15 anos,H,490,323,167,65,91,11,0,0,0,0,0,0,0,0,110665,Lisboa,Grande Lisboa
Santa Maria Maior,Menos de 15 anos,M,385,267,118,47,59,12,0,0,0,0,0,0,0,0,110665,Lisboa,Grande Lisboa
Santa Maria Maior,15 - 19 anos,H,151,2,90,1,16,73,59,0,0,0,0,0,0,0,110665,Lisboa,Grande Lisboa
Santa Maria Maior,15 - 19 anos,M,136,2,82,1,7,74,51,0,1,1,0,0,0,0,110665,Lisboa,Grande Lisboa
Santa Maria Maior,20 - 24 anos,H,330,27,79,6,16,57,173,2,49,3,0,34,12,0,110665,Lisboa,Grande Lisboa
Santa Maria Maior,20 - 24 anos,M,236,14,35,2,6,27,117,1,69,0,0,59,10,0,110665,Lisboa,Grande Lisboa
Santa Maria Maior,25 - 29 anos,H,651,72,158,31,27,100,215,17,189,1,0,117,70,1,110665,Lisboa,Grande Lisboa
Santa Maria Maior,25 - 29 anos,M,373,20,51,2,12,37,104,5,193,0,0,121,71,1,110665,Lisboa,Grande Lisboa
Santa Maria Maior,30 - 34 anos,H,778,102,209,53,42,114,207,18,242,2,7,144,84,5,110665,Lisboa,Grande Lisboa
Santa Maria Maior,30 - 34 anos,M,339,29,44,5,8,31,87,7,172,0,1,94,73,4,110665,Lisboa,Grande Lisboa
Santa Maria Maior,35 - 39 anos,H,695,64,211,45,55,111,210,11,199,1,40,86,61,11,110665,Lisboa,Grande Lisboa
Santa Maria Maior,35 - 39 anos,M,314,22,54,10,9,35,62,9,167,1,8,90,59,9,110665,Lisboa,Grande Lisboa
Santa Maria Maior,40 - 44 anos,H,501,42,143,42,34,67,154,9,153,1,18,88,38,8,110665,Lisboa,Grande Lisboa
Santa Maria Maior,40 - 44 anos,M,297,11,58,8,13,37,69,6,153,0,14,81,45,13,110665,Lisboa,Grande Lisboa
Santa Maria Maior,45 - 49 anos,H,407,23,134,20,34,80,99,7,144,0,16,78,36,14,110665,Lisboa,Grande Lisboa
Santa Maria Maior,45 - 49 anos,M,290,13,61,11,21,29,71,2,143,0,12,80,42,9,110665,Lisboa,Grande Lisboa
Santa Maria Maior,50 - 54 anos,H,308,16,125,33,34,58,68,0,99,0,7,56,30,6,110665,Lisboa,Grande Lisboa
Santa Maria Maior,50 - 54 anos,M,249,12,83,28,25,30,52,4,98,0,8,65,18,7,110665,Lisboa,Grande Lisboa
Santa Maria Maior,55 - 59 anos,H,294,12,139,58,35,46,50,1,92,0,15,45,21,11,110665,Lisboa,Grande Lisboa
Santa Maria Maior,55 - 59 anos,M,280,13,133,52,37,44,55,0,79,0,14,42,16,7,110665,Lisboa,Grande Lisboa
Santa Maria Maior,60 - 64 anos,H,240,14,108,50,25,33,61,0,57,0,2,31,17,7,110665,Lisboa,Grande Lisboa
Santa Maria Maior,60 - 64 anos,M,280,13,155,77,33,45,62,0,50,0,4,31,9,6,110665,Lisboa,Grande Lisboa
Santa Maria Maior,65 - 69 anos,H,237,13,146,94,24,28,39,0,39,0,4,20,10,5,110665,Lisboa,Grande Lisboa
Santa Maria Maior,65 - 69 anos,M,239,19,144,98,20,26,34,0,42,0,6,25,8,3,110665,Lisboa,Grande Lisboa
Santa Maria Maior,70 - 74 anos,H,196,12,130,80,13,37,18,0,36,0,4,20,3,9,110665,Lisboa,Grande Lisboa
Santa Maria Maior,70 - 74 anos,M,247,17,188,135,19,34,18,0,24,0,4,15,3,2,110665,Lisboa,Grande Lisboa
Santa Maria Maior,75 ou mais anos,H,345,26,254,186,25,43,28,0,37,0,3,23,7,4,110665,Lisboa,Grande Lisboa
Santa Maria Maior,75 ou mais anos,M,763,149,536,431,35,70,45,0,33,0,9,19,2,3,110665,Lisboa,Grande Lisboa
Santo António,Total,H,5313,602,1223,400,308,515,1061,48,2379,12,149,1346,721,151,110666,Lisboa,Grande Lisboa
Santo António,Total,M,5747,619,1489,620,264,605,962,33,2644,3,171,1543,788,139,110666,Lisboa,Grande Lisboa
Santo António,Menos de 15 anos,H,701,452,249,100,132,17,0,0,0,0,0,0,0,0,110666,Lisboa,Grande Lisboa
Santo António,Menos de 15 anos,M,605,393,212,77,110,25,0,0,0,0,0,0,0,0,110666,Lisboa,Grande Lisboa
Santo António,15 - 19 anos,H,232,0,134,2,15,117,98,0,0,0,0,0,0,0,110666,Lisboa,Grande Lisboa
Santo António,15 - 19 anos,M,247,1,147,0,16,131,99,0,0,0,0,0,0,0,110666,Lisboa,Grande Lisboa
Santo António,20 - 24 anos,H,280,3,27,0,2,25,146,2,102,1,0,83,18,0,110666,Lisboa,Grande Lisboa
Santo António,20 - 24 anos,M,304,7,15,1,4,10,139,3,140,0,0,105,35,0,110666,Lisboa,Grande Lisboa
Santo António,25 - 29 anos,H,450,9,37,1,6,30,115,9,280,3,0,161,115,1,110666,Lisboa,Grande Lisboa
Santo António,25 - 29 anos,M,427,11,28,2,2,24,71,6,311,1,0,147,162,1,110666,Lisboa,Grande Lisboa
Santo António,30 - 34 anos,H,506,17,41,3,10,28,105,11,332,3,2,157,164,6,110666,Lisboa,Grande Lisboa
Santo António,30 - 34 anos,M,422,11,14,0,0,14,55,8,334,2,2,138,186,6,110666,Lisboa,Grande Lisboa
Santo António,35 - 39 anos,H,431,10,40,3,6,31,89,10,282,4,23,137,106,12,110666,Lisboa,Grande Lisboa
Santo António,35 - 39 anos,M,391,5,21,1,5,15,65,8,292,0,15,137,126,14,110666,Lisboa,Grande Lisboa
Santo António,40 - 44 anos,H,443,14,44,6,8,30,95,5,285,1,26,157,83,18,110666,Lisboa,Grande Lisboa
Santo António,40 - 44 anos,M,412,12,30,6,5,19,50,4,316,0,7,211,76,22,110666,Lisboa,Grande Lisboa
Santo António,45 - 49 anos,H,407,13,46,7,10,29,87,8,253,0,22,151,68,12,110666,Lisboa,Grande Lisboa
Santo António,45 - 49 anos,M,412,7,37,9,8,20,62,1,305,0,17,192,70,26,110666,Lisboa,Grande Lisboa
Santo António,50 - 54 anos,H,324,10,57,8,25,24,59,2,196,0,16,110,52,18,110666,Lisboa,Grande Lisboa
Santo António,50 - 54 anos,M,364,7,46,8,15,23,76,3,232,0,23,149,41,19,110666,Lisboa,Grande Lisboa
Santo António,55 - 59 anos,H,336,13,69,16,20,33,83,1,170,0,17,95,35,23,110666,Lisboa,Grande Lisboa
Santo António,55 - 59 anos,M,376,13,72,27,19,26,84,0,207,0,23,144,28,12,110666,Lisboa,Grande Lisboa
Santo António,60 - 64 anos,H,280,12,71,32,15,24,54,0,143,0,12,85,28,18,110666,Lisboa,Grande Lisboa
Santo António,60 - 64 anos,M,331,16,97,32,14,51,67,0,151,0,20,95,28,8,110666,Lisboa,Grande Lisboa
Santo António,65 - 69 anos,H,247,13,79,39,19,21,44,0,111,0,12,59,27,13,110666,Lisboa,Grande Lisboa
Santo António,65 - 69 anos,M,311,12,105,60,14,31,69,0,125,0,21,74,18,12,110666,Lisboa,Grande Lisboa
Santo António,70 - 74 anos,H,243,11,106,57,13,36,33,0,93,0,10,57,14,12,110666,Lisboa,Grande Lisboa
Santo António,70 - 74 anos,M,270,13,136,80,10,46,34,0,87,0,13,58,5,11,110666,Lisboa,Grande Lisboa
Santo António,75 ou mais anos,H,433,25,223,126,27,70,53,0,132,0,9,94,11,18,110666,Lisboa,Grande Lisboa
Santo António,75 ou mais anos,M,875,111,529,317,42,170,91,0,144,0,30,93,13,8,110666,Lisboa,Grande Lisboa
São Domingos de Benfica,Total,H,15423,1536,3697,1107,847,1743,2928,140,7122,21,406,4363,1944,388,110639,Lisboa,Grande Lisboa
São Domingos de Benfica,Total,M,18653,1742,4804,1873,883,2048,3065,66,8976,6,619,5582,2406,363,110639,Lisboa,Grande Lisboa
São Domingos de Benfica,Menos de 15 anos,H,2064,1308,756,294,419,43,0,0,0,0,0,0,0,0,110639,Lisboa,Grande Lisboa
São Domingos de Benfica,Menos de 15 anos,M,1993,1299,694,281,367,46,0,0,0,0,0,0,0,0,110639,Lisboa,Grande Lisboa
São Domingos de Benfica,15 - 19 anos,H,816,3,519,3,47,469,294,0,0,0,0,0,0,0,110639,Lisboa,Grande Lisboa
São Domingos de Benfica,15 - 19 anos,M,780,3,471,2,47,422,305,0,1,1,0,0,0,0,110639,Lisboa,Grande Lisboa
São Domingos de Benfica,20 - 24 anos,H,915,10,80,1,12,67,445,17,363,6,0,277,80,0,110639,Lisboa,Grande Lisboa
São Domingos de Benfica,20 - 24 anos,M,952,10,59,3,7,49,444,4,435,1,0,320,114,0,110639,Lisboa,Grande Lisboa
São Domingos de Benfica,25 - 29 anos,H,1142,13,61,3,12,46,266,26,776,3,0,342,423,8,110639,Lisboa,Grande Lisboa
São Domingos de Benfica,25 - 29 anos,M,1213,10,50,2,9,39,164,8,981,1,0,412,565,3,110639,Lisboa,Grande Lisboa
São Domingos de Benfica,30 - 34 anos,H,1061,18,74,4,10,60,184,23,762,8,8,311,416,19,110639,Lisboa,Grande Lisboa
São Domingos de Benfica,30 - 34 anos,M,1147,18,43,1,6,36,130,8,948,2,5,358,551,32,110639,Lisboa,Grande Lisboa
São Domingos de Benfica,35 - 39 anos,H,983,14,87,2,20,65,173,17,692,4,21,364,264,39,110639,Lisboa,Grande Lisboa
São Domingos de Benfica,35 - 39 anos,M,1057,19,62,5,13,44,146,13,817,1,21,460,298,37,110639,Lisboa,Grande Lisboa
São Domingos de Benfica,40 - 44 anos,H,1139,10,124,16,30,78,218,23,764,0,32,509,183,40,110639,Lisboa,Grande Lisboa
São Domingos de Benfica,40 - 44 anos,M,1240,18,75,8,15,52,167,4,976,0,32,669,224,51,110639,Lisboa,Grande Lisboa
São Domingos de Benfica,45 - 49 anos,H,1062,13,121,15,25,81,203,19,706,0,48,481,146,31,110639,Lisboa,Grande Lisboa
São Domingos de Benfica,45 - 49 anos,M,1275,7,116,15,30,71,198,15,939,0,43,674,185,37,110639,Lisboa,Grande Lisboa
São Domingos de Benfica,50 - 54 anos,H,973,19,161,21,41,99,229,12,552,0,46,344,121,41,110639,Lisboa,Grande Lisboa
São Domingos de Benfica,50 - 54 anos,M,1228,20,159,35,42,82,242,11,796,0,60,555,137,44,110639,Lisboa,Grande Lisboa
São Domingos de Benfica,55 - 59 anos,H,929,15,210,53,57,100,211,3,490,0,49,298,96,47,110639,Lisboa,Grande Lisboa
São Domingos de Benfica,55 - 59 anos,M,1154,22,204,73,47,84,232,3,693,0,57,471,116,49,110639,Lisboa,Grande Lisboa
São Domingos de Benfica,60 - 64 anos,H,843,20,176,64,38,74,186,0,461,0,42,288,90,41,110639,Lisboa,Grande Lisboa
São Domingos de Benfica,60 - 64 anos,M,1114,23,252,102,41,109,249,0,590,0,69,404,86,31,110639,Lisboa,Grande Lisboa
São Domingos de Benfica,65 - 69 anos,H,809,13,213,111,26,76,144,0,439,0,46,309,51,33,110639,Lisboa,Grande Lisboa
São Domingos de Benfica,65 - 69 anos,M,1149,29,368,175,42,151,239,0,513,0,65,372,52,24,110639,Lisboa,Grande Lisboa
São Domingos de Benfica,70 - 74 anos,H,834,20,293,111,33,149,122,0,399,0,34,303,38,24,110639,Lisboa,Grande Lisboa
São Domingos de Benfica,70 - 74 anos,M,1333,40,550,208,43,299,217,0,526,0,90,365,41,30,110639,Lisboa,Grande Lisboa
São Domingos de Benfica,75 ou mais anos,H,1853,60,822,409,77,336,253,0,718,0,80,537,36,65,110639,Lisboa,Grande Lisboa
São Domingos de Benfica,75 ou mais anos,M,3018,224,1701,963,174,564,332,0,761,0,177,522,37,25,110639,Lisboa,Grande Lisboa
São Vicente,Total,H,6635,740,2341,839,539,963,1590,83,1881,23,131,1088,539,100,110667,Lisboa,Grande Lisboa
São Vicente,Total,M,7321,809,2735,1369,476,890,1385,74,2318,10,147,1348,700,113,110667,Lisboa,Grande Lisboa
São Vicente,Menos de 15 anos,H,752,488,264,101,151,12,0,0,0,0,0,0,0,0,110667,Lisboa,Grande Lisboa
São Vicente,Menos de 15 anos,M,681,430,251,98,135,18,0,0,0,0,0,0,0,0,110667,Lisboa,Grande Lisboa
São Vicente,15 - 19 anos,H,247,3,172,2,43,127,71,1,0,0,0,0,0,0,110667,Lisboa,Grande Lisboa
São Vicente,15 - 19 anos,M,222,3,138,1,17,120,80,0,1,1,0,0,0,0,110667,Lisboa,Grande Lisboa
São Vicente,20 - 24 anos,H,365,15,63,4,14,45,193,7,87,3,0,67,17,0,110667,Lisboa,Grande Lisboa
São Vicente,20 - 24 anos,M,328,7,56,3,10,43,168,9,88,1,0,73,14,0,110667,Lisboa,Grande Lisboa
São Vicente,25 - 29 anos,H,579,29,89,3,16,70,200,12,249,6,0,152,89,2,110667,Lisboa,Grande Lisboa
São Vicente,25 - 29 anos,M,585,20,66,3,14,49,141,15,343,4,0,193,144,2,110667,Lisboa,Grande Lisboa
São Vicente,30 - 34 anos,H,719,36,78,4,18,56,213,12,380,9,10,203,155,3,110667,Lisboa,Grande Lisboa
São Vicente,30 - 34 anos,M,638,21,50,2,10,38,122,18,427,2,4,212,199,10,110667,Lisboa,Grande Lisboa
São Vicente,35 - 39 anos,H,617,35,113,13,22,78,164,20,285,5,24,129,110,17,110667,Lisboa,Grande Lisboa
São Vicente,35 - 39 anos,M,576,12,77,7,14,56,135,13,339,2,15,171,128,23,110667,Lisboa,Grande Lisboa
São Vicente,40 - 44 anos,H,585,28,135,7,35,93,168,12,242,0,26,147,57,12,110667,Lisboa,Grande Lisboa
São Vicente,40 - 44 anos,M,529,14,88,14,20,54,134,5,288,0,11,185,68,24,110667,Lisboa,Grande Lisboa
São Vicente,45 - 49 anos,H,482,15,138,23,33,82,131,13,185,0,22,112,40,11,110667,Lisboa,Grande Lisboa
São Vicente,45 - 49 anos,M,491,13,94,18,20,56,122,7,255,0,27,148,61,19,110667,Lisboa,Grande Lisboa
São Vicente,50 - 54 anos,H,431,17,155,30,49,76,127,4,128,0,16,78,23,11,110667,Lisboa,Grande Lisboa
São Vicente,50 - 54 anos,M,431,9,134,27,40,67,113,5,170,0,21,110,32,7,110667,Lisboa,Grande Lisboa
São Vicente,55 - 59 anos,H,333,8,144,41,41,62,94,2,85,0,6,42,18,19,110667,Lisboa,Grande Lisboa
São Vicente,55 - 59 anos,M,386,14,154,51,42,61,96,2,120,0,14,80,20,6,110667,Lisboa,Grande Lisboa
São Vicente,60 - 64 anos,H,294,9,145,65,26,54,84,0,56,0,6,31,13,6,110667,Lisboa,Grande Lisboa
São Vicente,60 - 64 anos,M,375,11,172,85,37,50,105,0,87,0,11,52,18,6,110667,Lisboa,Grande Lisboa
São Vicente,65 - 69 anos,H,313,10,173,100,29,44,61,0,69,0,6,44,8,11,110667,Lisboa,Grande Lisboa
São Vicente,65 - 69 anos,M,368,18,202,128,29,45,69,0,79,0,12,49,7,11,110667,Lisboa,Grande Lisboa
São Vicente,70 - 74 anos,H,257,7,180,107,23,50,31,0,39,0,4,28,4,3,110667,Lisboa,Grande Lisboa
São Vicente,70 - 74 anos,M,448,31,320,221,25,74,43,0,54,0,13,32,7,2,110667,Lisboa,Grande Lisboa
São Vicente,75 ou mais anos,H,661,40,492,339,39,114,53,0,76,0,11,55,5,5,110667,Lisboa,Grande Lisboa
São Vicente,75 ou mais anos,M,1263,206,933,711,63,159,57,0,67,0,19,43,2,3,110667,Lisboa,Grande Lisboa
Loures,Total,H,95120,12124,45021,16698,10669,17654,22218,1356,14401,218,1064,9769,2962,388,1107,Loures,Grande Lisboa
Loures,Total,M,106470,14428,46547,21233,9475,15839,23193,1016,21286,93,1476,15198,4118,401,1107,Loures,Grande Lisboa
Loures,Menos de 15 anos,H,15306,9676,5630,2398,2860,372,0,0,0,0,0,0,0,0,1107,Loures,Grande Lisboa
Loures,Menos de 15 anos,M,14317,9044,5273,2239,2644,390,0,0,0,0,0,0,0,0,1107,Loures,Grande Lisboa
Loures,15 - 19 anos,H,5494,43,3782,34,673,3075,1655,8,6,6,0,0,0,0,1107,Loures,Grande Lisboa
Loures,15 - 19 anos,M,5158,28,3314,37,483,2794,1809,3,4,4,0,0,0,0,1107,Loures,Grande Lisboa
Loures,20 - 24 anos,H,5569,80,1257,51,204,1002,3120,135,977,50,0,785,142,0,1107,Loures,Grande Lisboa
Loures,20 - 24 anos,M,5511,81,858,52,122,684,3024,100,1448,38,0,1208,201,1,1107,Loures,Grande Lisboa
Loures,25 - 29 anos,H,5679,130,1353,80,235,1038,2283,218,1695,53,0,1031,603,8,1107,Loures,Grande Lisboa
Loures,25 - 29 anos,M,5874,129,999,50,193,756,2135,180,2431,15,0,1548,855,13,1107,Loures,Grande Lisboa
Loures,30 - 34 anos,H,5928,126,1534,106,314,1114,2231,229,1808,53,16,1070,638,31,1107,Loures,Grande Lisboa
Loures,30 - 34 anos,M,6294,147,1268,95,250,923,1984,162,2733,15,14,1639,1032,33,1107,Loures,Grande Lisboa
Loures,35 - 39 anos,H,6506,112,1976,138,416,1422,2253,255,1910,49,93,1202,516,50,1107,Loures,Grande Lisboa
Loures,35 - 39 anos,M,7097,176,1558,119,351,1088,2143,168,3052,10,120,2141,717,64,1107,Loures,Grande Lisboa
Loures,40 - 44 anos,H,7227,136,2419,232,648,1539,2333,227,2112,7,158,1565,318,64,1107,Loures,Grande Lisboa
Loures,40 - 44 anos,M,7934,191,1889,247,444,1198,2465,162,3227,11,157,2511,472,76,1107,Loures,Grande Lisboa
Loures,45 - 49 anos,H,7146,135,2921,429,907,1585,2312,150,1628,0,150,1203,233,42,1107,Loures,Grande Lisboa
Loures,45 - 49 anos,M,8145,203,2528,460,723,1345,2536,140,2738,0,233,2125,311,69,1107,Loures,Grande Lisboa
Loures,50 - 54 anos,H,6357,145,3250,682,1138,1430,1711,113,1138,0,130,778,188,42,1107,Loures,Grande Lisboa
Loures,50 - 54 anos,M,7098,231,3051,788,971,1292,2054,92,1670,0,202,1242,182,44,1107,Loures,Grande Lisboa
Loures,55 - 59 anos,H,5703,166,3331,1060,1010,1261,1426,21,759,0,93,516,114,36,1107,Loures,Grande Lisboa
Loures,55 - 59 anos,M,6819,276,3589,1294,927,1368,1784,9,1161,0,133,860,136,32,1107,Loures,Grande Lisboa
Loures,60 - 64 anos,H,5412,234,3377,1469,814,1094,1169,0,632,0,91,426,84,31,1107,Loures,Grande Lisboa
Loures,60 - 64 anos,M,6710,359,4010,1947,877,1186,1413,0,928,0,135,686,89,18,1107,Loures,Grande Lisboa
Loures,65 - 69 anos,H,5167,244,3570,2288,508,774,775,0,578,0,111,388,52,27,1107,Loures,Grande Lisboa
Loures,65 - 69 anos,M,6515,448,4487,2954,548,985,884,0,696,0,128,488,61,19,1107,Loures,Grande Lisboa
Loures,70 - 74 anos,H,4972,244,3797,2577,409,811,420,0,511,0,87,355,38,31,1107,Loures,Grande Lisboa
Loures,70 - 74 anos,M,6326,419,4837,3584,409,844,468,0,602,0,148,398,36,20,1107,Loures,Grande Lisboa
Loures,75 ou mais anos,H,8654,653,6824,5154,533,1137,530,0,647,0,135,450,36,26,1107,Loures,Grande Lisboa
Loures,75 ou mais anos,M,12672,2696,8886,7367,533,986,494,0,596,0,206,352,26,12,1107,Loures,Grande Lisboa
Bucelas,Total,H,2266,256,1360,531,335,494,396,24,230,2,16,172,31,9,110702,Loures,Grande Lisboa
Bucelas,Total,M,2536,345,1302,680,271,351,494,18,377,0,26,271,71,9,110702,Loures,Grande Lisboa
Bucelas,Menos de 15 anos,H,319,200,119,49,63,7,0,0,0,0,0,0,0,0,110702,Loures,Grande Lisboa
Bucelas,Menos de 15 anos,M,337,205,132,66,55,11,0,0,0,0,0,0,0,0,110702,Loures,Grande Lisboa
Bucelas,15 - 19 anos,H,118,1,92,1,21,70,24,1,0,0,0,0,0,0,110702,Loures,Grande Lisboa
Bucelas,15 - 19 anos,M,97,1,67,0,14,53,29,0,0,0,0,0,0,0,110702,Loures,Grande Lisboa
Bucelas,20 - 24 anos,H,120,2,44,1,4,39,57,2,15,1,0,13,1,0,110702,Loures,Grande Lisboa
Bucelas,20 - 24 anos,M,131,0,27,1,1,25,65,2,37,0,0,29,8,0,110702,Loures,Grande Lisboa
Bucelas,25 - 29 anos,H,100,3,26,0,0,26,49,2,20,0,0,16,4,0,110702,Loures,Grande Lisboa
Bucelas,25 - 29 anos,M,113,2,22,0,5,17,41,3,45,0,0,30,15,0,110702,Loures,Grande Lisboa
Bucelas,30 - 34 anos,H,120,0,52,2,8,42,39,5,24,0,1,17,6,0,110702,Loures,Grande Lisboa
Bucelas,30 - 34 anos,M,131,2,39,1,12,26,39,3,48,0,2,33,13,0,110702,Loures,Grande Lisboa
Bucelas,35 - 39 anos,H,125,3,58,3,11,44,31,4,29,0,1,25,3,0,110702,Loures,Grande Lisboa
Bucelas,35 - 39 anos,M,151,2,35,2,7,26,50,3,61,0,0,40,19,2,110702,Loures,Grande Lisboa
Bucelas,40 - 44 anos,H,181,3,86,8,26,52,51,6,35,1,1,27,6,0,110702,Loures,Grande Lisboa
Bucelas,40 - 44 anos,M,172,3,44,5,14,25,62,4,59,0,3,45,10,1,110702,Loures,Grande Lisboa
Bucelas,45 - 49 anos,H,166,2,104,16,43,45,40,4,16,0,0,15,1,0,110702,Loures,Grande Lisboa
Bucelas,45 - 49 anos,M,195,0,75,13,28,34,70,2,48,0,7,39,1,1,110702,Loures,Grande Lisboa
Bucelas,50 - 54 anos,H,171,5,112,23,45,44,31,0,23,0,1,16,5,1,110702,Loures,Grande Lisboa
Bucelas,50 - 54 anos,M,155,0,80,14,39,27,45,1,29,0,2,24,2,1,110702,Loures,Grande Lisboa
Bucelas,55 - 59 anos,H,155,1,111,36,43,32,26,0,17,0,2,12,3,0,110702,Loures,Grande Lisboa
Bucelas,55 - 59 anos,M,166,4,112,49,38,25,36,0,14,0,1,12,1,0,110702,Loures,Grande Lisboa
Bucelas,60 - 64 anos,H,152,3,115,60,28,27,19,0,15,0,4,8,2,1,110702,Loures,Grande Lisboa
Bucelas,60 - 64 anos,M,152,5,115,72,23,20,20,0,12,0,3,6,0,3,110702,Loures,Grande Lisboa
Bucelas,65 - 69 anos,H,141,3,107,76,11,20,18,0,13,0,4,7,0,2,110702,Loures,Grande Lisboa
Bucelas,65 - 69 anos,M,165,10,126,98,12,16,18,0,11,0,4,5,2,0,110702,Loures,Grande Lisboa
Bucelas,70 - 74 anos,H,145,3,124,93,10,21,4,0,14,0,1,10,0,3,110702,Loures,Grande Lisboa
Bucelas,70 - 74 anos,M,171,13,144,121,8,15,7,0,7,0,2,4,0,1,110702,Loures,Grande Lisboa
Bucelas,75 ou mais anos,H,253,27,210,163,22,25,7,0,9,0,1,6,0,2,110702,Loures,Grande Lisboa
Bucelas,75 ou mais anos,M,400,98,284,238,15,31,12,0,6,0,2,4,0,0,110702,Loures,Grande Lisboa
Fanhões,Total,H,1270,135,716,297,195,224,268,20,131,2,9,91,29,0,110705,Loures,Grande Lisboa
Fanhões,Total,M,1369,170,699,347,136,216,275,17,208,1,15,154,35,3,110705,Loures,Grande Lisboa
Fanhões,Menos de 15 anos,H,192,112,80,33,42,5,0,0,0,0,0,0,0,0,110705,Loures,Grande Lisboa
Fanhões,Menos de 15 anos,M,178,107,71,36,27,8,0,0,0,0,0,0,0,0,110705,Loures,Grande Lisboa
Fanhões,15 - 19 anos,H,62,1,41,0,5,36,20,0,0,0,0,0,0,0,110705,Loures,Grande Lisboa
Fanhões,15 - 19 anos,M,68,0,45,0,10,35,23,0,0,0,0,0,0,0,110705,Loures,Grande Lisboa
Fanhões,20 - 24 anos,H,60,0,11,0,2,9,33,2,14,1,0,11,2,0,110705,Loures,Grande Lisboa
Fanhões,20 - 24 anos,M,72,1,14,1,1,12,43,1,13,1,0,10,2,0,110705,Loures,Grande Lisboa
Fanhões,25 - 29 anos,H,78,1,16,1,3,12,41,6,14,0,0,10,4,0,110705,Loures,Grande Lisboa
Fanhões,25 - 29 anos,M,65,0,8,0,1,7,27,4,26,0,0,20,6,0,110705,Loures,Grande Lisboa
Fanhões,30 - 34 anos,H,63,1,24,2,2,20,22,2,14,1,0,8,5,0,110705,Loures,Grande Lisboa
Fanhões,30 - 34 anos,M,64,1,18,1,3,14,21,1,23,0,0,13,10,0,110705,Loures,Grande Lisboa
Fanhões,35 - 39 anos,H,79,0,31,3,12,16,27,4,17,0,1,13,3,0,110705,Loures,Grande Lisboa
Fanhões,35 - 39 anos,M,87,0,29,2,13,14,26,1,31,0,2,26,2,1,110705,Loures,Grande Lisboa
Fanhões,40 - 44 anos,H,96,2,42,1,16,25,29,4,19,0,1,13,5,0,110705,Loures,Grande Lisboa
Fanhões,40 - 44 anos,M,113,3,29,6,4,19,36,4,41,0,1,33,6,1,110705,Loures,Grande Lisboa
Fanhões,45 - 49 anos,H,103,0,53,3,25,25,33,2,15,0,2,11,2,0,110705,Loures,Grande Lisboa
Fanhões,45 - 49 anos,M,93,0,28,7,8,13,30,5,30,0,1,26,3,0,110705,Loures,Grande Lisboa
Fanhões,50 - 54 anos,H,96,2,60,17,28,15,23,0,11,0,2,8,1,0,110705,Loures,Grande Lisboa
Fanhões,50 - 54 anos,M,103,0,53,8,18,27,28,1,21,0,7,13,1,0,110705,Loures,Grande Lisboa
Fanhões,55 - 59 anos,H,107,2,84,26,38,20,17,0,4,0,0,2,2,0,110705,Loures,Grande Lisboa
Fanhões,55 - 59 anos,M,98,2,72,27,21,24,15,0,9,0,1,6,2,0,110705,Loures,Grande Lisboa
Fanhões,60 - 64 anos,H,81,2,57,31,10,16,11,0,11,0,1,7,3,0,110705,Loures,Grande Lisboa
Fanhões,60 - 64 anos,M,92,1,71,42,12,17,15,0,5,0,2,1,2,0,110705,Loures,Grande Lisboa
Fanhões,65 - 69 anos,H,76,1,64,49,4,11,5,0,6,0,1,3,2,0,110705,Loures,Grande Lisboa
Fanhões,65 - 69 anos,M,81,3,65,48,8,9,8,0,5,0,0,4,1,0,110705,Loures,Grande Lisboa
Fanhões,70 - 74 anos,H,65,1,56,45,1,10,5,0,3,0,0,3,0,0,110705,Loures,Grande Lisboa
Fanhões,70 - 74 anos,M,74,3,68,52,6,10,1,0,2,0,0,1,0,1,110705,Loures,Grande Lisboa
Fanhões,75 ou mais anos,H,112,10,97,86,7,4,2,0,3,0,1,2,0,0,110705,Loures,Grande Lisboa
Fanhões,75 ou mais anos,M,181,49,128,117,4,7,2,0,2,0,1,1,0,0,110705,Loures,Grande Lisboa
Loures,Total,H,14257,1895,6267,2286,1497,2484,3362,218,2515,37,175,1668,565,70,110707,Loures,Grande Lisboa
Loures,Total,M,15997,2185,6366,2763,1270,2333,3532,143,3771,15,234,2664,803,55,110707,Loures,Grande Lisboa
Loures,Menos de 15 anos,H,2420,1572,848,370,430,48,0,0,0,0,0,0,0,0,110707,Loures,Grande Lisboa
Loures,Menos de 15 anos,M,2297,1494,803,333,412,58,0,0,0,0,0,0,0,0,110707,Loures,Grande Lisboa
Loures,15 - 19 anos,H,788,7,519,2,76,441,259,2,1,1,0,0,0,0,110707,Loures,Grande Lisboa
Loures,15 - 19 anos,M,785,3,495,4,55,436,286,0,1,1,0,0,0,0,110707,Loures,Grande Lisboa
Loures,20 - 24 anos,H,825,9,148,6,27,115,463,21,184,12,0,146,26,0,110707,Loures,Grande Lisboa
Loures,20 - 24 anos,M,786,9,104,5,17,82,433,15,225,6,0,185,34,0,110707,Loures,Grande Lisboa
Loures,25 - 29 anos,H,780,26,176,11,23,142,279,22,277,7,0,160,108,2,110707,Loures,Grande Lisboa
Loures,25 - 29 anos,M,841,11,126,5,15,106,258,21,425,3,0,249,170,3,110707,Loures,Grande Lisboa
Loures,30 - 34 anos,H,908,15,202,10,38,154,308,39,344,8,0,194,137,5,110707,Loures,Grande Lisboa
Loures,30 - 34 anos,M,924,12,139,15,24,100,273,20,480,3,1,258,213,5,110707,Loures,Grande Lisboa
Loures,35 - 39 anos,H,1075,12,288,26,57,205,352,46,377,8,14,243,101,11,110707,Loures,Grande Lisboa
Loures,35 - 39 anos,M,1190,24,192,14,41,137,307,25,642,0,21,456,153,12,110707,Loures,Grande Lisboa
Loures,40 - 44 anos,H,1181,17,360,34,92,234,371,36,397,1,27,302,56,11,110707,Loures,Grande Lisboa
Loures,40 - 44 anos,M,1288,20,252,26,54,172,394,28,594,2,24,467,86,15,110707,Loures,Grande Lisboa
Loures,45 - 49 anos,H,1136,19,441,63,151,227,378,26,272,0,25,190,52,5,110707,Loures,Grande Lisboa
Loures,45 - 49 anos,M,1266,26,339,61,86,192,428,16,457,0,47,353,51,6,110707,Loures,Grande Lisboa
Loures,50 - 54 anos,H,948,14,470,113,150,207,275,22,167,0,19,114,27,7,110707,Loures,Grande Lisboa
Loures,50 - 54 anos,M,1132,27,427,99,123,205,354,15,309,0,33,236,32,8,110707,Loures,Grande Lisboa
Loures,55 - 59 anos,H,853,14,458,132,141,185,250,4,127,0,12,80,26,9,110707,Loures,Grande Lisboa
Loures,55 - 59 anos,M,1074,30,511,172,114,225,298,3,232,0,17,179,31,5,110707,Loures,Grande Lisboa
Loures,60 - 64 anos,H,838,36,484,215,110,159,196,0,122,0,23,78,14,7,110707,Loures,Grande Lisboa
Loures,60 - 64 anos,M,1024,50,551,245,114,192,245,0,178,0,25,135,17,1,110707,Loures,Grande Lisboa
Loures,65 - 69 anos,H,733,24,517,326,80,111,96,0,96,0,20,59,13,4,110707,Loures,Grande Lisboa
Loures,65 - 69 anos,M,859,50,596,378,68,150,122,0,91,0,19,60,12,0,110707,Loures,Grande Lisboa
Loures,70 - 74 anos,H,671,33,512,351,61,100,53,0,73,0,16,50,2,5,110707,Loures,Grande Lisboa
Loures,70 - 74 anos,M,764,42,600,415,62,123,54,0,68,0,18,48,2,0,110707,Loures,Grande Lisboa
Loures,75 ou mais anos,H,1101,97,844,627,61,156,82,0,78,0,19,52,3,4,110707,Loures,Grande Lisboa
Loures,75 ou mais anos,M,1767,387,1231,991,85,155,80,0,69,0,29,38,2,0,110707,Loures,Grande Lisboa
Lousa,Total,H,1542,177,897,371,222,304,297,20,151,1,7,106,30,7,110708,Loures,Grande Lisboa
Lousa,Total,M,1674,238,860,444,177,239,331,17,228,3,8,157,53,7,110708,Loures,Grande Lisboa
Lousa,Menos de 15 anos,H,204,126,78,31,39,8,0,0,0,0,0,0,0,0,110708,Loures,Grande Lisboa
Lousa,Menos de 15 anos,M,226,141,85,31,49,5,0,0,0,0,0,0,0,0,110708,Loures,Grande Lisboa
Lousa,15 - 19 anos,H,88,0,67,0,11,56,21,0,0,0,0,0,0,0,110708,Loures,Grande Lisboa
Lousa,15 - 19 anos,M,65,0,46,0,7,39,19,0,0,0,0,0,0,0,110708,Loures,Grande Lisboa
Lousa,20 - 24 anos,H,83,0,28,0,4,24,38,2,15,1,0,12,2,0,110708,Loures,Grande Lisboa
Lousa,20 - 24 anos,M,69,1,10,1,2,7,40,1,17,1,0,11,5,0,110708,Loures,Grande Lisboa
Lousa,25 - 29 anos,H,86,4,21,2,2,17,39,3,19,0,0,12,7,0,110708,Loures,Grande Lisboa
Lousa,25 - 29 anos,M,84,0,20,1,4,15,32,4,28,0,0,18,10,0,110708,Loures,Grande Lisboa
Lousa,30 - 34 anos,H,73,1,27,2,10,15,26,2,17,0,0,10,6,1,110708,Loures,Grande Lisboa
Lousa,30 - 34 anos,M,78,1,20,1,4,15,25,2,30,1,0,16,11,2,110708,Loures,Grande Lisboa
Lousa,35 - 39 anos,H,96,1,38,5,5,28,39,2,16,0,0,13,3,0,110708,Loures,Grande Lisboa
Lousa,35 - 39 anos,M,103,1,23,1,6,16,36,3,40,1,0,32,6,1,110708,Loures,Grande Lisboa
Lousa,40 - 44 anos,H,120,2,58,3,23,32,35,4,21,0,1,17,2,1,110708,Loures,Grande Lisboa
Lousa,40 - 44 anos,M,107,1,24,2,6,16,33,4,45,0,3,30,11,1,110708,Loures,Grande Lisboa
Lousa,45 - 49 anos,H,106,0,55,6,21,28,29,4,18,0,1,14,3,0,110708,Loures,Grande Lisboa
Lousa,45 - 49 anos,M,120,2,44,7,13,24,42,2,30,0,2,25,3,0,110708,Loures,Grande Lisboa
Lousa,50 - 54 anos,H,116,4,76,19,32,25,20,3,13,0,1,10,1,1,110708,Loures,Grande Lisboa
Lousa,50 - 54 anos,M,129,2,77,17,27,33,41,1,8,0,1,5,2,0,110708,Loures,Grande Lisboa
Lousa,55 - 59 anos,H,115,6,81,33,28,20,19,0,9,0,1,7,1,0,110708,Loures,Grande Lisboa
Lousa,55 - 59 anos,M,112,4,71,29,20,22,24,0,13,0,2,7,3,1,110708,Loures,Grande Lisboa
Lousa,60 - 64 anos,H,102,3,77,33,21,23,15,0,7,0,1,3,3,0,110708,Loures,Grande Lisboa
Lousa,60 - 64 anos,M,131,4,100,58,18,24,22,0,5,0,0,4,1,0,110708,Loures,Grande Lisboa
Lousa,65 - 69 anos,H,106,5,83,63,11,9,7,0,11,0,1,5,2,3,110708,Loures,Grande Lisboa
Lousa,65 - 69 anos,M,105,8,85,72,7,6,5,0,7,0,0,7,0,0,110708,Loures,Grande Lisboa
Lousa,70 - 74 anos,H,96,7,82,65,9,8,4,0,3,0,1,1,0,1,110708,Loures,Grande Lisboa
Lousa,70 - 74 anos,M,109,11,90,69,9,12,5,0,3,0,0,2,0,1,110708,Loures,Grande Lisboa
Lousa,75 ou mais anos,H,151,18,126,109,6,11,5,0,2,0,0,2,0,0,110708,Loures,Grande Lisboa
Lousa,75 ou mais anos,M,236,62,165,155,5,5,7,0,2,0,0,0,1,1,110708,Loures,Grande Lisboa
"""União das freguesias de Camarate, Unhos e Apelação""",Total,H,15860,2477,8983,3600,2219,3164,3230,208,962,35,63,653,187,24,110731,Loures,Grande Lisboa
"""União das freguesias de Camarate, Unhos e Apelação""",Total,M,17645,2990,9420,4371,2082,2967,3546,175,1514,19,103,1108,262,22,110731,Loures,Grande Lisboa
"""União das freguesias de Camarate, Unhos e Apelação""",Menos de 15 anos,H,2786,1821,965,439,446,80,0,0,0,0,0,0,0,0,110731,Loures,Grande Lisboa
"""União das freguesias de Camarate, Unhos e Apelação""",Menos de 15 anos,M,2659,1740,919,401,463,55,0,0,0,0,0,0,0,0,110731,Loures,Grande Lisboa
"""União das freguesias de Camarate, Unhos e Apelação""",15 - 19 anos,H,981,12,722,11,189,522,242,2,3,3,0,0,0,0,110731,Loures,Grande Lisboa
"""União das freguesias de Camarate, Unhos e Apelação""",15 - 19 anos,M,888,5,589,16,108,465,290,2,2,2,0,0,0,0,110731,Loures,Grande Lisboa
"""União das freguesias de Camarate, Unhos e Apelação""",20 - 24 anos,H,1002,17,315,23,69,223,546,25,99,9,0,72,18,0,110731,Loures,Grande Lisboa
"""União das freguesias de Camarate, Unhos e Apelação""",20 - 24 anos,M,1030,22,257,22,42,193,558,27,166,13,0,142,10,1,110731,Loures,Grande Lisboa
"""União das freguesias de Camarate, Unhos e Apelação""",25 - 29 anos,H,1054,28,372,41,77,254,439,46,169,12,0,107,50,0,110731,Loures,Grande Lisboa
"""União das freguesias de Camarate, Unhos e Apelação""",25 - 29 anos,M,1113,32,315,22,78,215,483,43,240,1,0,177,61,1,110731,Loures,Grande Lisboa
"""União das freguesias de Camarate, Unhos e Apelação""",30 - 34 anos,H,1111,31,433,51,108,274,438,46,163,5,2,112,38,6,110731,Loures,Grande Lisboa
"""União das freguesias de Camarate, Unhos e Apelação""",30 - 34 anos,M,1188,43,407,34,95,278,424,35,279,2,1,185,88,3,110731,Loures,Grande Lisboa
"""União das freguesias de Camarate, Unhos e Apelação""",35 - 39 anos,H,1026,31,487,47,133,307,348,40,120,6,9,77,26,2,110731,Loures,Grande Lisboa
"""União das freguesias de Camarate, Unhos e Apelação""",35 - 39 anos,M,1152,44,471,44,119,308,372,31,234,1,12,177,40,4,110731,Loures,Grande Lisboa
"""União das freguesias de Camarate, Unhos e Apelação""",40 - 44 anos,H,999,33,551,76,163,312,282,24,109,0,13,75,16,5,110731,Loures,Grande Lisboa
"""União das freguesias de Camarate, Unhos e Apelação""",40 - 44 anos,M,1130,44,521,93,132,296,375,20,170,0,18,128,23,1,110731,Loures,Grande Lisboa
"""União das freguesias de Camarate, Unhos e Apelação""",45 - 49 anos,H,995,39,596,135,190,271,264,11,85,0,12,59,12,2,110731,Loures,Grande Lisboa
"""União das freguesias de Camarate, Unhos e Apelação""",45 - 49 anos,M,1121,52,600,144,190,266,307,10,152,0,19,111,17,5,110731,Loures,Grande Lisboa
"""União das freguesias de Camarate, Unhos e Apelação""",50 - 54 anos,H,1003,46,665,178,255,232,218,11,63,0,6,47,9,1,110731,Loures,Grande Lisboa
"""União das freguesias de Camarate, Unhos e Apelação""",50 - 54 anos,M,1081,63,699,241,244,214,226,7,86,0,17,60,7,2,110731,Loures,Grande Lisboa
"""União das freguesias de Camarate, Unhos e Apelação""",55 - 59 anos,H,962,60,707,300,192,215,145,3,47,0,8,31,7,1,110731,Loures,Grande Lisboa
"""União das freguesias de Camarate, Unhos e Apelação""",55 - 59 anos,M,1143,57,812,367,230,215,216,0,58,0,9,41,4,4,110731,Loures,Grande Lisboa
"""União das freguesias de Camarate, Unhos e Apelação""",60 - 64 anos,H,969,77,723,376,158,189,136,0,33,0,2,23,5,3,110731,Loures,Grande Lisboa
"""União das freguesias de Camarate, Unhos e Apelação""",60 - 64 anos,M,1168,97,877,491,187,199,146,0,48,0,8,32,7,1,110731,Loures,Grande Lisboa
"""União das freguesias de Camarate, Unhos e Apelação""",65 - 69 anos,H,917,82,719,496,112,111,90,0,26,0,2,20,3,1,110731,Loures,Grande Lisboa
"""União das freguesias de Camarate, Unhos e Apelação""",65 - 69 anos,M,1102,138,846,632,93,121,88,0,30,0,6,21,3,0,110731,Loures,Grande Lisboa
"""União das freguesias de Camarate, Unhos e Apelação""",70 - 74 anos,H,787,63,675,522,64,89,36,0,13,0,3,9,1,0,110731,Loures,Grande Lisboa
"""União das freguesias de Camarate, Unhos e Apelação""",70 - 74 anos,M,992,110,822,703,50,69,33,0,27,0,7,19,1,0,110731,Loures,Grande Lisboa
"""União das freguesias de Camarate, Unhos e Apelação""",75 ou mais anos,H,1268,137,1053,905,63,85,46,0,32,0,6,21,2,3,110731,Loures,Grande Lisboa
"""União das freguesias de Camarate, Unhos e Apelação""",75 ou mais anos,M,1878,543,1285,1161,51,73,28,0,22,0,6,15,1,0,110731,Loures,Grande Lisboa
União das freguesias de Moscavide e Portela,Total,H,9637,1050,3251,1121,693,1437,2256,121,2959,22,224,1989,627,97,110726,Loures,Grande Lisboa
União das freguesias de Moscavide e Portela,Total,M,11285,1135,3964,1866,655,1443,2225,65,3896,5,367,2648,771,105,110726,Loures,Grande Lisboa
União das freguesias de Moscavide e Portela,Menos de 15 anos,H,1328,840,488,207,256,25,0,0,0,0,0,0,0,0,110726,Loures,Grande Lisboa
União das freguesias de Moscavide e Portela,Menos de 15 anos,M,1110,690,420,175,206,39,0,0,0,0,0,0,0,0,110726,Loures,Grande Lisboa
União das freguesias de Moscavide e Portela,15 - 19 anos,H,455,0,297,5,43,249,157,1,0,0,0,0,0,0,110726,Loures,Grande Lisboa
União das freguesias de Moscavide e Portela,15 - 19 anos,M,415,0,272,0,26,246,143,0,0,0,0,0,0,0,110726,Loures,Grande Lisboa
União das freguesias de Moscavide e Portela,20 - 24 anos,H,492,8,61,0,8,53,300,11,112,4,0,89,19,0,110726,Loures,Grande Lisboa
União das freguesias de Moscavide e Portela,20 - 24 anos,M,472,3,29,1,3,25,245,7,188,2,0,159,27,0,110726,Loures,Grande Lisboa
União das freguesias de Moscavide e Portela,25 - 29 anos,H,617,20,77,2,12,63,209,12,299,7,0,166,125,1,110726,Loures,Grande Lisboa
União das freguesias de Moscavide e Portela,25 - 29 anos,M,624,17,50,4,7,39,175,12,370,2,0,208,157,3,110726,Loures,Grande Lisboa
União das freguesias de Moscavide e Portela,30 - 34 anos,H,617,23,89,6,9,74,202,28,275,2,3,151,115,4,110726,Loures,Grande Lisboa
União das freguesias de Moscavide e Portela,30 - 34 anos,M,599,22,53,2,2,49,144,10,370,1,1,190,175,3,110726,Loures,Grande Lisboa
União das freguesias de Moscavide e Portela,35 - 39 anos,H,681,17,111,3,20,88,207,20,326,7,17,176,113,13,110726,Loures,Grande Lisboa
União das freguesias de Moscavide e Portela,35 - 39 anos,M,674,19,83,4,13,66,151,7,414,0,23,252,128,11,110726,Loures,Grande Lisboa
União das freguesias de Moscavide e Portela,40 - 44 anos,H,733,20,120,9,22,89,192,19,382,2,24,265,74,17,110726,Loures,Grande Lisboa
União das freguesias de Moscavide e Portela,40 - 44 anos,M,737,14,89,8,21,60,162,10,462,0,29,326,87,20,110726,Loures,Grande Lisboa
União das freguesias de Moscavide e Portela,45 - 49 anos,H,659,10,134,10,36,88,217,18,280,0,18,208,46,8,110726,Loures,Grande Lisboa
União das freguesias de Moscavide e Portela,45 - 49 anos,M,764,16,115,25,21,69,198,14,421,0,27,322,51,21,110726,Loures,Grande Lisboa
União das freguesias de Moscavide e Portela,50 - 54 anos,H,556,6,166,18,61,87,147,9,228,0,23,160,39,6,110726,Loures,Grande Lisboa
União das freguesias de Moscavide e Portela,50 - 54 anos,M,611,10,121,30,34,57,173,4,303,0,34,229,33,7,110726,Loures,Grande Lisboa
União das freguesias de Moscavide e Portela,55 - 59 anos,H,474,9,166,30,42,94,129,3,167,0,13,118,27,9,110726,Loures,Grande Lisboa
União das freguesias de Moscavide e Portela,55 - 59 anos,M,641,23,187,47,39,101,178,1,252,0,26,189,31,6,110726,Loures,Grande Lisboa
União das freguesias de Moscavide e Portela,60 - 64 anos,H,434,11,153,50,42,61,136,0,134,0,17,87,18,12,110726,Loures,Grande Lisboa
União das freguesias de Moscavide e Portela,60 - 64 anos,M,659,21,237,95,58,84,162,0,239,0,38,174,24,3,110726,Loures,Grande Lisboa
União das freguesias de Moscavide e Portela,65 - 69 anos,H,504,11,207,117,23,67,109,0,177,0,27,129,11,10,110726,Loures,Grande Lisboa
União das freguesias de Moscavide e Portela,65 - 69 anos,M,793,23,343,168,59,116,163,0,264,0,49,186,19,10,110726,Loures,Grande Lisboa
União das freguesias de Moscavide e Portela,70 - 74 anos,H,650,15,307,162,35,110,96,0,232,0,22,181,20,9,110726,Loures,Grande Lisboa
União das freguesias de Moscavide e Portela,70 - 74 anos,M,1062,37,553,305,49,199,155,0,317,0,64,215,24,14,110726,Loures,Grande Lisboa
União das freguesias de Moscavide e Portela,75 ou mais anos,H,1437,60,875,502,84,289,155,0,347,0,60,259,20,8,110726,Loures,Grande Lisboa
União das freguesias de Moscavide e Portela,75 ou mais anos,M,2124,240,1412,1002,117,293,176,0,296,0,76,198,15,7,110726,Loures,Grande Lisboa
União das freguesias de Sacavém e Prior Velho,Total,H,11514,1439,4980,1700,1168,2112,2830,163,2102,31,162,1395,468,46,110727,Loures,Grande Lisboa
União das freguesias de Sacavém e Prior Velho,Total,M,13158,1733,5361,2385,1139,1837,2959,111,2994,12,185,2152,588,57,110727,Loures,Grande Lisboa
União das freguesias de Sacavém e Prior Velho,Menos de 15 anos,H,1907,1174,733,291,397,45,0,0,0,0,0,0,0,0,110727,Loures,Grande Lisboa
União das freguesias de Sacavém e Prior Velho,Menos de 15 anos,M,1784,1121,663,263,346,54,0,0,0,0,0,0,0,0,110727,Loures,Grande Lisboa
União das freguesias de Sacavém e Prior Velho,15 - 19 anos,H,720,7,523,0,91,432,188,1,1,1,0,0,0,0,110727,Loures,Grande Lisboa
União das freguesias de Sacavém e Prior Velho,15 - 19 anos,M,686,7,438,4,60,374,241,0,0,0,0,0,0,0,110727,Loures,Grande Lisboa
União das freguesias de Sacavém e Prior Velho,20 - 24 anos,H,737,15,174,5,25,144,403,9,136,8,0,112,16,0,110727,Loures,Grande Lisboa
União das freguesias de Sacavém e Prior Velho,20 - 24 anos,M,746,16,121,3,25,93,423,8,178,1,0,149,28,0,110727,Loures,Grande Lisboa
União das freguesias de Sacavém e Prior Velho,25 - 29 anos,H,743,13,154,6,31,117,311,28,237,8,0,135,92,2,110727,Loures,Grande Lisboa
União das freguesias de Sacavém e Prior Velho,25 - 29 anos,M,738,16,127,3,35,89,277,16,302,5,0,183,112,2,110727,Loures,Grande Lisboa
União das freguesias de Sacavém e Prior Velho,30 - 34 anos,H,724,17,147,7,34,106,271,23,266,7,2,157,97,3,110727,Loures,Grande Lisboa
União das freguesias de Sacavém e Prior Velho,30 - 34 anos,M,872,16,155,14,37,104,276,23,402,1,3,253,139,6,110727,Loures,Grande Lisboa
União das freguesias de Sacavém e Prior Velho,35 - 39 anos,H,778,18,197,13,38,146,275,23,265,7,19,157,75,7,110727,Loures,Grande Lisboa
União das freguesias de Sacavém e Prior Velho,35 - 39 anos,M,880,19,162,19,40,103,253,14,432,2,13,297,109,11,110727,Loures,Grande Lisboa
União das freguesias de Sacavém e Prior Velho,40 - 44 anos,H,869,21,229,28,54,147,272,36,311,0,23,233,49,6,110727,Loures,Grande Lisboa
União das freguesias de Sacavém e Prior Velho,40 - 44 anos,M,1003,29,205,26,59,120,277,14,478,3,18,376,75,6,110727,Loures,Grande Lisboa
União das freguesias de Sacavém e Prior Velho,45 - 49 anos,H,984,20,326,41,80,205,308,22,308,0,35,219,45,9,110727,Loures,Grande Lisboa
União das freguesias de Sacavém e Prior Velho,45 - 49 anos,M,1153,27,306,59,77,170,331,23,466,0,33,375,51,7,110727,Loures,Grande Lisboa
União das freguesias de Sacavém e Prior Velho,50 - 54 anos,H,848,22,350,73,96,181,259,20,197,0,18,125,45,9,110727,Loures,Grande Lisboa
União das freguesias de Sacavém e Prior Velho,50 - 54 anos,M,948,36,330,96,103,131,277,11,294,0,37,213,33,11,110727,Loures,Grande Lisboa
União das freguesias de Sacavém e Prior Velho,55 - 59 anos,H,676,21,326,99,93,134,194,1,134,0,21,85,23,5,110727,Loures,Grande Lisboa
União das freguesias de Sacavém e Prior Velho,55 - 59 anos,M,815,55,366,127,89,150,223,2,169,0,20,121,20,8,110727,Loures,Grande Lisboa
União das freguesias de Sacavém e Prior Velho,60 - 64 anos,H,559,27,303,120,73,110,135,0,94,0,11,67,14,2,110727,Loures,Grande Lisboa
União das freguesias de Sacavém e Prior Velho,60 - 64 anos,M,710,40,367,147,90,130,195,0,108,0,7,87,11,3,110727,Loures,Grande Lisboa
União das freguesias de Sacavém e Prior Velho,65 - 69 anos,H,507,23,322,187,48,87,98,0,64,0,11,48,4,1,110727,Loures,Grande Lisboa
União das freguesias de Sacavém e Prior Velho,65 - 69 anos,M,645,46,447,278,60,109,88,0,64,0,11,45,6,2,110727,Loures,Grande Lisboa
União das freguesias de Sacavém e Prior Velho,70 - 74 anos,H,499,14,384,231,50,103,57,0,44,0,9,28,7,0,110727,Loures,Grande Lisboa
União das freguesias de Sacavém e Prior Velho,70 - 74 anos,M,723,30,591,436,50,105,54,0,48,0,10,35,2,1,110727,Loures,Grande Lisboa
União das freguesias de Sacavém e Prior Velho,75 ou mais anos,H,963,47,812,599,58,155,59,0,45,0,13,29,1,2,110727,Loures,Grande Lisboa
União das freguesias de Sacavém e Prior Velho,75 ou mais anos,M,1455,275,1083,910,68,105,44,0,53,0,33,18,2,0,110727,Loures,Grande Lisboa
"""União das freguesias de Santa Iria de Azoia, São João da Talha e Bobadela""",Total,H,21203,2465,10717,4340,2357,4020,5006,308,2707,47,211,1851,530,68,110728,Loures,Grande Lisboa
"""União das freguesias de Santa Iria de Azoia, São João da Talha e Bobadela""",Total,M,23250,2950,10638,5214,2013,3411,5173,244,4245,16,242,3106,810,71,110728,Loures,Grande Lisboa
"""União das freguesias de Santa Iria de Azoia, São João da Talha e Bobadela""",Menos de 15 anos,H,3217,2001,1216,522,617,77,0,0,0,0,0,0,0,0,110728,Loures,Grande Lisboa
"""União das freguesias de Santa Iria de Azoia, São João da Talha e Bobadela""",Menos de 15 anos,M,2948,1808,1140,483,563,94,0,0,0,0,0,0,0,0,110728,Loures,Grande Lisboa
"""União das freguesias de Santa Iria de Azoia, São João da Talha e Bobadela""",15 - 19 anos,H,1170,10,782,11,97,674,378,0,0,0,0,0,0,0,110728,Loures,Grande Lisboa
"""União das freguesias de Santa Iria de Azoia, São João da Talha e Bobadela""",15 - 19 anos,M,1129,4,693,7,86,600,431,1,0,0,0,0,0,0,110728,Loures,Grande Lisboa
"""União das freguesias de Santa Iria de Azoia, São João da Talha e Bobadela""",20 - 24 anos,H,1131,13,228,9,23,196,640,33,217,8,0,173,36,0,110728,Loures,Grande Lisboa
"""União das freguesias de Santa Iria de Azoia, São João da Talha e Bobadela""",20 - 24 anos,M,1113,13,143,8,13,122,611,18,328,6,0,269,53,0,110728,Loures,Grande Lisboa
"""União das freguesias de Santa Iria de Azoia, São João da Talha e Bobadela""",25 - 29 anos,H,1085,22,236,6,46,184,456,51,320,9,0,205,105,1,110728,Loures,Grande Lisboa
"""União das freguesias de Santa Iria de Azoia, São João da Talha e Bobadela""",25 - 29 anos,M,1137,20,146,5,16,125,426,44,501,2,0,331,166,2,110728,Loures,Grande Lisboa
"""União das freguesias de Santa Iria de Azoia, São João da Talha e Bobadela""",30 - 34 anos,H,1175,21,281,12,46,223,459,51,363,16,6,210,124,7,110728,Loures,Grande Lisboa
"""União das freguesias de Santa Iria de Azoia, São João da Talha e Bobadela""",30 - 34 anos,M,1226,23,214,12,41,161,387,33,569,1,1,351,207,9,110728,Loures,Grande Lisboa
"""União das freguesias de Santa Iria de Azoia, São João da Talha e Bobadela""",35 - 39 anos,H,1361,12,396,19,75,302,489,62,402,11,18,259,105,9,110728,Loures,Grande Lisboa
"""União das freguesias de Santa Iria de Azoia, São João da Talha e Bobadela""",35 - 39 anos,M,1532,31,310,12,65,233,478,40,673,2,28,473,160,10,110728,Loures,Grande Lisboa
"""União das freguesias de Santa Iria de Azoia, São João da Talha e Bobadela""",40 - 44 anos,H,1689,25,536,36,117,383,615,44,469,3,39,358,55,14,110728,Loures,Grande Lisboa
"""União das freguesias de Santa Iria de Azoia, São João da Talha e Bobadela""",40 - 44 anos,M,1811,38,341,23,61,257,626,43,763,5,37,610,96,15,110728,Loures,Grande Lisboa
"""União das freguesias de Santa Iria de Azoia, São João da Talha e Bobadela""",45 - 49 anos,H,1669,21,667,68,197,402,601,35,345,0,30,256,47,12,110728,Loures,Grande Lisboa
"""União das freguesias de Santa Iria de Azoia, São João da Talha e Bobadela""",45 - 49 anos,M,1880,43,525,61,150,314,660,36,616,0,50,484,65,17,110728,Loures,Grande Lisboa
"""União das freguesias de Santa Iria de Azoia, São João da Talha e Bobadela""",50 - 54 anos,H,1412,22,743,111,273,359,409,26,212,0,34,143,28,7,110728,Loures,Grande Lisboa
"""União das freguesias de Santa Iria de Azoia, São João da Talha e Bobadela""",50 - 54 anos,M,1523,38,646,120,213,313,495,27,317,0,37,239,33,8,110728,Loures,Grande Lisboa
"""União das freguesias de Santa Iria de Azoia, São João da Talha e Bobadela""",55 - 59 anos,H,1254,27,786,214,249,323,327,6,108,0,19,75,8,6,110728,Loures,Grande Lisboa
"""União das freguesias de Santa Iria de Azoia, São João da Talha e Bobadela""",55 - 59 anos,M,1488,44,826,249,221,356,437,2,179,0,23,134,17,5,110728,Loures,Grande Lisboa
"""União das freguesias de Santa Iria de Azoia, São João da Talha e Bobadela""",60 - 64 anos,H,1251,29,865,355,227,283,271,0,86,0,12,61,10,3,110728,Loures,Grande Lisboa
"""União das freguesias de Santa Iria de Azoia, São João da Talha e Bobadela""",60 - 64 anos,M,1539,65,1039,483,244,312,310,0,125,0,18,99,6,2,110728,Loures,Grande Lisboa
"""União das freguesias de Santa Iria de Azoia, São João da Talha e Bobadela""",65 - 69 anos,H,1300,42,985,651,149,185,191,0,82,0,18,58,5,1,110728,Loures,Grande Lisboa
"""União das freguesias de Santa Iria de Azoia, São João da Talha e Bobadela""",65 - 69 anos,M,1647,82,1290,888,140,262,189,0,86,0,15,69,2,0,110728,Loures,Grande Lisboa
"""União das freguesias de Santa Iria de Azoia, São João da Talha e Bobadela""",70 - 74 anos,H,1336,59,1122,791,115,216,89,0,66,0,19,36,5,6,110728,Loures,Grande Lisboa
"""União das freguesias de Santa Iria de Azoia, São João da Talha e Bobadela""",70 - 74 anos,M,1527,91,1319,1057,106,156,77,0,40,0,14,22,3,1,110728,Loures,Grande Lisboa
"""União das freguesias de Santa Iria de Azoia, São João da Talha e Bobadela""",75 ou mais anos,H,2153,161,1874,1535,126,213,81,0,37,0,16,17,2,2,110728,Loures,Grande Lisboa
"""União das freguesias de Santa Iria de Azoia, São João da Talha e Bobadela""",75 ou mais anos,M,2750,650,2006,1806,94,106,46,0,48,0,19,25,2,2,110728,Loures,Grande Lisboa
União das freguesias de Santo Antão e São Julião do Tojal,Total,H,4158,555,2205,896,561,748,841,52,505,5,30,365,92,13,110729,Loures,Grande Lisboa
União das freguesias de Santo Antão e São Julião do Tojal,Total,M,4447,697,2155,1062,433,660,839,42,714,4,55,511,130,14,110729,Loures,Grande Lisboa
União das freguesias de Santo Antão e São Julião do Tojal,Menos de 15 anos,H,649,424,225,100,109,16,0,0,0,0,0,0,0,0,110729,Loures,Grande Lisboa
União das freguesias de Santo Antão e São Julião do Tojal,Menos de 15 anos,M,623,386,237,95,130,12,0,0,0,0,0,0,0,0,110729,Loures,Grande Lisboa
União das freguesias de Santo Antão e São Julião do Tojal,15 - 19 anos,H,235,1,169,2,47,120,65,0,0,0,0,0,0,0,110729,Loures,Grande Lisboa
União das freguesias de Santo Antão e São Julião do Tojal,15 - 19 anos,M,212,3,139,1,28,110,69,0,1,1,0,0,0,0,110729,Loures,Grande Lisboa
União das freguesias de Santo Antão e São Julião do Tojal,20 - 24 anos,H,233,4,72,2,18,52,108,8,41,2,0,34,5,0,110729,Loures,Grande Lisboa
União das freguesias de Santo Antão e São Julião do Tojal,20 - 24 anos,M,203,2,43,2,9,32,110,2,46,2,0,37,7,0,110729,Loures,Grande Lisboa
União das freguesias de Santo Antão e São Julião do Tojal,25 - 29 anos,H,211,1,85,5,22,58,81,7,37,0,0,26,11,0,110729,Loures,Grande Lisboa
União das freguesias de Santo Antão e São Julião do Tojal,25 - 29 anos,M,237,6,65,2,12,51,82,6,78,0,0,50,28,0,110729,Loures,Grande Lisboa
União das freguesias de Santo Antão e São Julião do Tojal,30 - 34 anos,H,224,5,79,5,21,53,80,3,57,2,0,36,17,2,110729,Loures,Grande Lisboa
União das freguesias de Santo Antão e São Julião do Tojal,30 - 34 anos,M,232,3,56,6,7,43,73,5,95,0,2,59,31,3,110729,Loures,Grande Lisboa
União das freguesias de Santo Antão e São Julião do Tojal,35 - 39 anos,H,285,2,96,10,23,63,96,13,78,1,2,51,20,4,110729,Loures,Grande Lisboa
União das freguesias de Santo Antão e São Julião do Tojal,35 - 39 anos,M,277,6,66,5,14,47,88,14,103,1,1,79,21,1,110729,Loures,Grande Lisboa
União das freguesias de Santo Antão e São Julião do Tojal,40 - 44 anos,H,291,2,102,14,28,60,91,14,82,0,5,63,10,4,110729,Loures,Grande Lisboa
União das freguesias de Santo Antão e São Julião do Tojal,40 - 44 anos,M,311,8,76,11,25,40,94,9,124,0,7,99,16,2,110729,Loures,Grande Lisboa
União das freguesias de Santo Antão e São Julião do Tojal,45 - 49 anos,H,327,6,154,25,52,77,88,5,74,0,8,57,9,0,110729,Loures,Grande Lisboa
União das freguesias de Santo Antão e São Julião do Tojal,45 - 49 anos,M,316,4,117,26,31,60,88,3,104,0,13,75,12,4,110729,Loures,Grande Lisboa
União das freguesias de Santo Antão e São Julião do Tojal,50 - 54 anos,H,302,6,173,57,56,60,67,2,54,0,4,38,11,1,110729,Loures,Grande Lisboa
União das freguesias de Santo Antão e São Julião do Tojal,50 - 54 anos,M,328,17,154,49,39,66,83,3,71,0,7,53,10,1,110729,Loures,Grande Lisboa
União das freguesias de Santo Antão e São Julião do Tojal,55 - 59 anos,H,257,8,172,72,49,51,53,0,24,0,2,18,3,1,110729,Loures,Grande Lisboa
União das freguesias de Santo Antão e São Julião do Tojal,55 - 59 anos,M,272,18,165,66,38,61,64,0,25,0,8,14,3,0,110729,Loures,Grande Lisboa
União das freguesias de Santo Antão e São Julião do Tojal,60 - 64 anos,H,294,23,205,94,63,48,44,0,22,0,3,16,3,0,110729,Loures,Grande Lisboa
União das freguesias de Santo Antão e São Julião do Tojal,60 - 64 anos,M,281,25,186,111,35,40,40,0,30,0,7,19,2,2,110729,Loures,Grande Lisboa
União das freguesias de Santo Antão e São Julião do Tojal,65 - 69 anos,H,234,16,170,121,17,32,36,0,12,0,1,9,1,1,110729,Loures,Grande Lisboa
União das freguesias de Santo Antão e São Julião do Tojal,65 - 69 anos,M,257,24,203,149,21,33,21,0,9,0,1,7,0,1,110729,Loures,Grande Lisboa
União das freguesias de Santo Antão e São Julião do Tojal,70 - 74 anos,H,223,16,183,137,18,28,16,0,8,0,2,6,0,0,110729,Loures,Grande Lisboa
União das freguesias de Santo Antão e São Julião do Tojal,70 - 74 anos,M,252,26,204,165,12,27,11,0,11,0,4,7,0,0,110729,Loures,Grande Lisboa
União das freguesias de Santo Antão e São Julião do Tojal,75 ou mais anos,H,393,41,320,252,38,30,16,0,16,0,3,11,2,0,110729,Loures,Grande Lisboa
União das freguesias de Santo Antão e São Julião do Tojal,75 ou mais anos,M,646,169,444,374,32,38,16,0,17,0,5,12,0,0,110729,Loures,Grande Lisboa
União das freguesias de Santo António dos Cavaleiros e Frielas,Total,H,13413,1675,5645,1556,1422,2667,3732,222,2139,36,167,1479,403,54,110730,Loures,Grande Lisboa
União das freguesias de Santo António dos Cavaleiros e Frielas,Total,M,15109,1985,5782,2101,1299,2382,3819,184,3339,18,241,2427,595,58,110730,Loures,Grande Lisboa
União das freguesias de Santo António dos Cavaleiros e Frielas,Menos de 15 anos,H,2284,1406,878,356,461,61,0,0,0,0,0,0,0,0,110730,Loures,Grande Lisboa
União das freguesias de Santo António dos Cavaleiros e Frielas,Menos de 15 anos,M,2155,1352,803,356,393,54,0,0,0,0,0,0,0,0,110730,Loures,Grande Lisboa
União das freguesias de Santo António dos Cavaleiros e Frielas,15 - 19 anos,H,877,4,570,2,93,475,301,1,1,1,0,0,0,0,110730,Loures,Grande Lisboa
União das freguesias de Santo António dos Cavaleiros e Frielas,15 - 19 anos,M,813,5,530,5,89,436,278,0,0,0,0,0,0,0,110730,Loures,Grande Lisboa
União das freguesias de Santo António dos Cavaleiros e Frielas,20 - 24 anos,H,886,12,176,5,24,147,532,22,144,4,0,123,17,0,110730,Loures,Grande Lisboa
União das freguesias de Santo António dos Cavaleiros e Frielas,20 - 24 anos,M,889,14,110,8,9,93,496,19,250,6,0,217,27,0,110730,Loures,Grande Lisboa
União das freguesias de Santo António dos Cavaleiros e Frielas,25 - 29 anos,H,925,12,190,6,19,165,379,41,303,10,0,194,97,2,110730,Loures,Grande Lisboa
União das freguesias de Santo António dos Cavaleiros e Frielas,25 - 29 anos,M,922,25,120,8,20,92,334,27,416,2,0,282,130,2,110730,Loures,Grande Lisboa
União das freguesias de Santo António dos Cavaleiros e Frielas,30 - 34 anos,H,913,12,200,9,38,153,386,30,285,12,2,175,93,3,110730,Loures,Grande Lisboa
União das freguesias de Santo António dos Cavaleiros e Frielas,30 - 34 anos,M,980,24,167,9,25,133,322,30,437,6,3,281,145,2,110730,Loures,Grande Lisboa
União das freguesias de Santo António dos Cavaleiros e Frielas,35 - 39 anos,H,1000,16,274,9,42,223,389,41,280,9,12,188,67,4,110730,Loures,Grande Lisboa
União das freguesias de Santo António dos Cavaleiros e Frielas,35 - 39 anos,M,1051,30,187,16,33,138,382,30,422,3,20,309,79,11,110730,Loures,Grande Lisboa
União das freguesias de Santo António dos Cavaleiros e Frielas,40 - 44 anos,H,1068,11,335,23,107,205,395,40,287,0,24,212,45,6,110730,Loures,Grande Lisboa
União das freguesias de Santo António dos Cavaleiros e Frielas,40 - 44 anos,M,1262,31,308,47,68,193,406,26,491,1,17,397,62,14,110730,Loures,Grande Lisboa
União das freguesias de Santo António dos Cavaleiros e Frielas,45 - 49 anos,H,1001,18,391,62,112,217,354,23,215,0,19,174,16,6,110730,Loures,Grande Lisboa
União das freguesias de Santo António dos Cavaleiros e Frielas,45 - 49 anos,M,1237,33,379,57,119,203,382,29,414,0,34,315,57,8,110730,Loures,Grande Lisboa
União das freguesias de Santo António dos Cavaleiros e Frielas,50 - 54 anos,H,905,18,435,73,142,220,262,20,170,0,22,117,22,9,110730,Loures,Grande Lisboa
União das freguesias de Santo António dos Cavaleiros e Frielas,50 - 54 anos,M,1088,38,464,114,131,219,332,22,232,0,27,170,29,6,110730,Loures,Grande Lisboa
União das freguesias de Santo António dos Cavaleiros e Frielas,55 - 59 anos,H,850,18,440,118,135,187,266,4,122,0,15,88,14,5,110730,Loures,Grande Lisboa
União das freguesias de Santo António dos Cavaleiros e Frielas,55 - 59 anos,M,1010,39,467,161,117,189,293,1,210,0,26,157,24,3,110730,Loures,Grande Lisboa
União das freguesias de Santo António dos Cavaleiros e Frielas,60 - 64 anos,H,732,23,395,135,82,178,206,0,108,0,17,76,12,3,110730,Loures,Grande Lisboa
União das freguesias de Santo António dos Cavaleiros e Frielas,60 - 64 anos,M,954,51,467,203,96,168,258,0,178,0,27,129,19,3,110730,Loures,Grande Lisboa
União das freguesias de Santo António dos Cavaleiros e Frielas,65 - 69 anos,H,649,37,396,202,53,141,125,0,91,0,26,50,11,4,110730,Loures,Grande Lisboa
União das freguesias de Santo António dos Cavaleiros e Frielas,65 - 69 anos,M,861,64,486,243,80,163,182,0,129,0,23,84,16,6,110730,Loures,Grande Lisboa
União das freguesias de Santo António dos Cavaleiros e Frielas,70 - 74 anos,H,500,33,352,180,46,126,60,0,55,0,14,31,3,7,110730,Loures,Grande Lisboa
União das freguesias de Santo António dos Cavaleiros e Frielas,70 - 74 anos,M,652,56,446,261,57,128,71,0,79,0,29,45,4,1,110730,Loures,Grande Lisboa
União das freguesias de Santo António dos Cavaleiros e Frielas,75 ou mais anos,H,823,55,613,376,68,169,77,0,78,0,16,51,6,5,110730,Loures,Grande Lisboa
União das freguesias de Santo António dos Cavaleiros e Frielas,75 ou mais anos,M,1235,223,848,613,62,173,83,0,81,0,35,41,3,2,110730,Loures,Grande Lisboa
Mafra,Total,H,41916,5492,19387,6744,5066,7577,9620,707,6710,85,621,4442,1391,171,1109,Mafra,Grande Lisboa
Mafra,Total,M,44599,5901,18432,7942,4210,6280,9767,458,10041,42,676,7144,1981,198,1109,Mafra,Grande Lisboa
Mafra,Menos de 15 anos,H,7228,4471,2757,1170,1402,185,0,0,0,0,0,0,0,0,1109,Mafra,Grande Lisboa
Mafra,Menos de 15 anos,M,6949,4158,2791,1164,1418,209,0,0,0,0,0,0,0,0,1109,Mafra,Grande Lisboa
Mafra,15 - 19 anos,H,2659,10,1849,5,243,1601,796,3,1,1,0,0,0,0,1109,Mafra,Grande Lisboa
Mafra,15 - 19 anos,M,2577,13,1674,4,191,1479,887,2,1,1,0,0,0,0,1109,Mafra,Grande Lisboa
Mafra,20 - 24 anos,H,2338,20,499,6,63,430,1330,63,426,32,0,333,61,0,1109,Mafra,Grande Lisboa
Mafra,20 - 24 anos,M,2220,21,221,2,24,195,1218,40,720,19,0,570,129,2,1109,Mafra,Grande Lisboa
Mafra,25 - 29 anos,H,2002,37,461,10,75,376,820,91,593,15,0,341,231,6,1109,Mafra,Grande Lisboa
Mafra,25 - 29 anos,M,1982,39,245,6,39,200,723,67,908,11,0,553,335,9,1109,Mafra,Grande Lisboa
Mafra,30 - 34 anos,H,2217,37,639,31,120,488,822,109,610,12,12,338,236,12,1109,Mafra,Grande Lisboa
Mafra,30 - 34 anos,M,2324,44,369,11,70,288,743,78,1090,5,15,653,404,13,1109,Mafra,Grande Lisboa
Mafra,35 - 39 anos,H,2839,44,920,55,214,651,900,126,849,20,59,547,207,16,1109,Mafra,Grande Lisboa
Mafra,35 - 39 anos,M,3286,48,598,21,97,480,999,86,1555,4,66,1073,372,40,1109,Mafra,Grande Lisboa
Mafra,40 - 44 anos,H,3675,40,1258,106,343,809,1193,127,1057,5,82,789,162,19,1109,Mafra,Grande Lisboa
Mafra,40 - 44 anos,M,4093,69,837,53,237,547,1310,75,1802,2,79,1410,278,33,1109,Mafra,Grande Lisboa
Mafra,45 - 49 anos,H,3937,52,1524,189,598,737,1193,119,1049,0,130,719,174,26,1109,Mafra,Grande Lisboa
Mafra,45 - 49 anos,M,4153,65,1184,180,396,608,1225,66,1613,0,152,1219,209,33,1109,Mafra,Grande Lisboa
Mafra,50 - 54 anos,H,3290,59,1632,347,635,650,877,58,664,0,96,449,104,15,1109,Mafra,Grande Lisboa
Mafra,50 - 54 anos,M,3167,66,1291,368,426,497,919,41,850,0,92,635,101,22,1109,Mafra,Grande Lisboa
Mafra,55 - 59 anos,H,2720,61,1559,515,527,517,647,11,442,0,60,279,83,20,1109,Mafra,Grande Lisboa
Mafra,55 - 59 anos,M,2841,83,1488,563,424,501,688,2,580,0,68,421,75,16,1109,Mafra,Grande Lisboa
Mafra,60 - 64 anos,H,2247,93,1416,672,394,350,427,0,311,0,47,193,53,18,1109,Mafra,Grande Lisboa
Mafra,60 - 64 anos,M,2396,82,1515,743,363,409,465,1,333,0,50,230,42,11,1109,Mafra,Grande Lisboa
Mafra,65 - 69 anos,H,1956,97,1288,885,169,234,295,0,276,0,56,166,41,13,1109,Mafra,Grande Lisboa
Mafra,65 - 69 anos,M,2213,102,1558,1070,187,301,300,0,253,0,55,171,17,10,1109,Mafra,Grande Lisboa
Mafra,70 - 74 anos,H,1738,81,1311,945,115,251,145,0,201,0,39,133,21,8,1109,Mafra,Grande Lisboa
Mafra,70 - 74 anos,M,2077,142,1618,1204,134,280,152,0,165,0,49,96,15,5,1109,Mafra,Grande Lisboa
Mafra,75 ou mais anos,H,3070,390,2274,1808,168,298,175,0,231,0,40,155,18,18,1109,Mafra,Grande Lisboa
Mafra,75 ou mais anos,M,4321,969,3043,2553,204,286,138,0,171,0,50,113,4,4,1109,Mafra,Grande Lisboa
Carvoeira,Total,H,1417,178,620,222,152,246,327,31,261,0,32,163,58,8,110902,Mafra,Grande Lisboa
Carvoeira,Total,M,1431,200,493,210,110,173,331,17,390,1,35,273,73,8,110902,Mafra,Grande Lisboa
Carvoeira,Menos de 15 anos,H,247,139,108,41,57,10,0,0,0,0,0,0,0,0,110902,Mafra,Grande Lisboa
Carvoeira,Menos de 15 anos,M,226,143,83,31,47,5,0,0,0,0,0,0,0,0,110902,Mafra,Grande Lisboa
Carvoeira,15 - 19 anos,H,70,0,43,0,3,40,27,0,0,0,0,0,0,0,110902,Mafra,Grande Lisboa
Carvoeira,15 - 19 anos,M,78,1,47,0,4,43,30,0,0,0,0,0,0,0,110902,Mafra,Grande Lisboa
Carvoeira,20 - 24 anos,H,72,0,15,0,1,14,40,3,14,0,0,12,2,0,110902,Mafra,Grande Lisboa
Carvoeira,20 - 24 anos,M,60,0,8,0,1,7,29,1,22,1,0,17,4,0,110902,Mafra,Grande Lisboa
Carvoeira,25 - 29 anos,H,50,1,12,0,1,11,20,2,15,0,0,9,5,1,110902,Mafra,Grande Lisboa
Carvoeira,25 - 29 anos,M,63,1,7,1,1,5,23,2,30,0,0,19,11,0,110902,Mafra,Grande Lisboa
Carvoeira,30 - 34 anos,H,69,2,22,3,7,12,22,4,19,0,0,10,7,2,110902,Mafra,Grande Lisboa
Carvoeira,30 - 34 anos,M,54,0,9,0,1,8,17,3,25,0,0,19,6,0,110902,Mafra,Grande Lisboa
Carvoeira,35 - 39 anos,H,86,1,28,0,9,19,23,7,27,0,3,15,8,1,110902,Mafra,Grande Lisboa
Carvoeira,35 - 39 anos,M,107,2,12,0,2,10,30,3,60,0,2,37,20,1,110902,Mafra,Grande Lisboa
Carvoeira,40 - 44 anos,H,135,2,33,3,3,27,57,2,41,0,4,30,6,1,110902,Mafra,Grande Lisboa
Carvoeira,40 - 44 anos,M,155,4,21,1,3,17,49,4,77,0,3,60,13,1,110902,Mafra,Grande Lisboa
Carvoeira,45 - 49 anos,H,158,5,46,5,15,26,41,9,57,0,5,35,15,2,110902,Mafra,Grande Lisboa
Carvoeira,45 - 49 anos,M,138,0,23,0,9,14,49,2,64,0,5,46,9,4,110902,Mafra,Grande Lisboa
Carvoeira,50 - 54 anos,H,120,2,45,6,14,25,35,3,35,0,8,23,4,0,110902,Mafra,Grande Lisboa
Carvoeira,50 - 54 anos,M,117,2,35,6,14,15,34,2,44,0,4,35,3,2,110902,Mafra,Grande Lisboa
Carvoeira,55 - 59 anos,H,91,3,47,12,16,19,23,1,17,0,2,9,5,1,110902,Mafra,Grande Lisboa
Carvoeira,55 - 59 anos,M,94,0,40,16,10,14,25,0,29,0,6,21,2,0,110902,Mafra,Grande Lisboa
Carvoeira,60 - 64 anos,H,85,2,50,18,14,18,16,0,17,0,3,10,4,0,110902,Mafra,Grande Lisboa
Carvoeira,60 - 64 anos,M,84,3,47,23,9,15,20,0,14,0,3,7,4,0,110902,Mafra,Grande Lisboa
Carvoeira,65 - 69 anos,H,59,6,37,28,3,6,9,0,7,0,2,4,1,0,110902,Mafra,Grande Lisboa
Carvoeira,65 - 69 anos,M,55,4,29,21,2,6,15,0,7,0,4,3,0,0,110902,Mafra,Grande Lisboa
Carvoeira,70 - 74 anos,H,58,2,46,31,4,11,4,0,6,0,3,3,0,0,110902,Mafra,Grande Lisboa
Carvoeira,70 - 74 anos,M,70,3,52,40,4,8,6,0,9,0,2,6,1,0,110902,Mafra,Grande Lisboa
Carvoeira,75 ou mais anos,H,117,13,88,75,5,8,10,0,6,0,2,3,1,0,110902,Mafra,Grande Lisboa
Carvoeira,75 ou mais anos,M,130,37,80,71,3,6,4,0,9,0,6,3,0,0,110902,Mafra,Grande Lisboa
Encarnação,Total,H,2407,313,1362,537,357,468,481,35,216,6,11,161,34,4,110904,Mafra,Grande Lisboa
Encarnação,Total,M,2511,340,1292,593,293,406,503,21,355,2,24,270,56,3,110904,Mafra,Grande Lisboa
Encarnação,Menos de 15 anos,H,365,221,144,55,78,11,0,0,0,0,0,0,0,0,110904,Mafra,Grande Lisboa
Encarnação,Menos de 15 anos,M,345,201,144,51,81,12,0,0,0,0,0,0,0,0,110904,Mafra,Grande Lisboa
Encarnação,15 - 19 anos,H,154,0,111,0,14,97,43,0,0,0,0,0,0,0,110904,Mafra,Grande Lisboa
Encarnação,15 - 19 anos,M,150,1,94,0,15,79,55,0,0,0,0,0,0,0,110904,Mafra,Grande Lisboa
Encarnação,20 - 24 anos,H,150,1,35,0,5,30,85,5,24,1,0,20,3,0,110904,Mafra,Grande Lisboa
Encarnação,20 - 24 anos,M,124,0,23,0,0,23,64,1,36,2,0,25,9,0,110904,Mafra,Grande Lisboa
Encarnação,25 - 29 anos,H,140,5,38,0,4,34,57,7,33,1,0,23,9,0,110904,Mafra,Grande Lisboa
Encarnação,25 - 29 anos,M,119,2,23,0,3,20,52,4,38,0,0,25,13,0,110904,Mafra,Grande Lisboa
Encarnação,30 - 34 anos,H,118,2,46,4,9,33,50,7,13,1,0,8,3,1,110904,Mafra,Grande Lisboa
Encarnação,30 - 34 anos,M,116,2,28,0,4,24,44,4,38,0,0,30,8,0,110904,Mafra,Grande Lisboa
Encarnação,35 - 39 anos,H,129,3,58,2,14,42,36,5,27,2,2,17,6,0,110904,Mafra,Grande Lisboa
Encarnação,35 - 39 anos,M,171,1,54,3,4,47,55,3,58,0,5,43,10,0,110904,Mafra,Grande Lisboa
Encarnação,40 - 44 anos,H,175,1,88,6,33,49,52,4,30,1,1,26,2,0,110904,Mafra,Grande Lisboa
Encarnação,40 - 44 anos,M,201,3,68,8,18,42,79,3,48,0,1,42,5,0,110904,Mafra,Grande Lisboa
Encarnação,45 - 49 anos,H,193,3,110,18,48,44,45,4,31,0,4,25,2,0,110904,Mafra,Grande Lisboa
Encarnação,45 - 49 anos,M,208,2,100,18,32,50,50,4,52,0,7,40,5,0,110904,Mafra,Grande Lisboa
Encarnação,50 - 54 anos,H,192,7,117,30,48,39,49,3,16,0,2,11,2,1,110904,Mafra,Grande Lisboa
Encarnação,50 - 54 anos,M,173,4,99,36,37,26,43,2,25,0,4,18,3,0,110904,Mafra,Grande Lisboa
Encarnação,55 - 59 anos,H,166,2,126,42,46,38,27,0,11,0,0,9,2,0,110904,Mafra,Grande Lisboa
Encarnação,55 - 59 anos,M,180,3,128,50,42,36,19,0,30,0,1,27,0,2,110904,Mafra,Grande Lisboa
Encarnação,60 - 64 anos,H,142,1,121,62,36,23,11,0,9,0,1,6,1,1,110904,Mafra,Grande Lisboa
Encarnação,60 - 64 anos,M,133,3,98,63,20,15,26,0,6,0,0,5,0,1,110904,Mafra,Grande Lisboa
Encarnação,65 - 69 anos,H,127,11,102,85,10,7,10,0,4,0,0,1,2,1,110904,Mafra,Grande Lisboa
Encarnação,65 - 69 anos,M,154,11,122,92,17,13,9,0,12,0,2,8,2,0,110904,Mafra,Grande Lisboa
Encarnação,70 - 74 anos,H,128,9,103,84,10,9,8,0,8,0,1,6,1,0,110904,Mafra,Grande Lisboa
Encarnação,70 - 74 anos,M,104,11,86,75,5,6,2,0,5,0,3,1,1,0,110904,Mafra,Grande Lisboa
Encarnação,75 ou mais anos,H,228,47,163,149,2,12,8,0,10,0,0,9,1,0,110904,Mafra,Grande Lisboa
Encarnação,75 ou mais anos,M,333,96,225,197,15,13,5,0,7,0,1,6,0,0,110904,Mafra,Grande Lisboa
Ericeira,Total,H,5935,778,2346,764,601,981,1472,105,1234,13,117,795,263,46,110906,Mafra,Grande Lisboa
Ericeira,Total,M,6424,785,2405,973,560,872,1414,49,1771,9,154,1197,376,35,110906,Mafra,Grande Lisboa
Ericeira,Menos de 15 anos,H,1031,646,385,155,200,30,0,0,0,0,0,0,0,0,110906,Mafra,Grande Lisboa
Ericeira,Menos de 15 anos,M,923,564,359,150,182,27,0,0,0,0,0,0,0,0,110906,Mafra,Grande Lisboa
Ericeira,15 - 19 anos,H,366,0,254,0,40,214,111,1,0,0,0,0,0,0,110906,Mafra,Grande Lisboa
Ericeira,15 - 19 anos,M,327,2,222,0,22,200,103,0,0,0,0,0,0,0,110906,Mafra,Grande Lisboa
Ericeira,20 - 24 anos,H,281,1,56,1,10,45,169,8,47,3,0,40,4,0,110906,Mafra,Grande Lisboa
Ericeira,20 - 24 anos,M,305,1,25,0,3,22,171,5,103,3,0,88,12,0,110906,Mafra,Grande Lisboa
Ericeira,25 - 29 anos,H,277,4,57,2,8,47,110,15,91,4,0,55,30,2,110906,Mafra,Grande Lisboa
Ericeira,25 - 29 anos,M,300,9,34,1,6,27,96,8,153,5,0,86,59,3,110906,Mafra,Grande Lisboa
Ericeira,30 - 34 anos,H,334,6,70,6,10,54,116,13,129,3,4,62,58,2,110906,Mafra,Grande Lisboa
Ericeira,30 - 34 anos,M,344,11,44,1,10,33,103,7,179,1,6,90,79,3,110906,Mafra,Grande Lisboa
Ericeira,35 - 39 anos,H,399,10,86,5,17,64,133,16,154,3,15,81,48,7,110906,Mafra,Grande Lisboa
Ericeira,35 - 39 anos,M,480,6,72,4,15,53,119,9,274,0,18,169,80,7,110906,Mafra,Grande Lisboa
Ericeira,40 - 44 anos,H,494,5,122,8,35,79,160,21,186,0,16,138,28,4,110906,Mafra,Grande Lisboa
Ericeira,40 - 44 anos,M,578,11,102,10,27,65,170,5,290,0,21,214,51,4,110906,Mafra,Grande Lisboa
Ericeira,45 - 49 anos,H,557,9,174,14,55,105,192,18,164,0,19,114,27,4,110906,Mafra,Grande Lisboa
Ericeira,45 - 49 anos,M,616,5,136,22,44,70,184,10,281,0,29,209,40,3,110906,Mafra,Grande Lisboa
Ericeira,50 - 54 anos,H,442,9,163,27,58,78,156,10,104,0,8,75,17,4,110906,Mafra,Grande Lisboa
Ericeira,50 - 54 anos,M,427,12,148,36,47,65,125,5,137,0,17,91,25,4,110906,Mafra,Grande Lisboa
Ericeira,55 - 59 anos,H,397,12,177,44,56,77,108,3,97,0,15,61,14,7,110906,Mafra,Grande Lisboa
Ericeira,55 - 59 anos,M,379,12,156,44,49,63,104,0,107,0,11,83,10,3,110906,Mafra,Grande Lisboa
Ericeira,60 - 64 anos,H,331,10,161,64,48,49,80,0,80,0,14,53,9,4,110906,Mafra,Grande Lisboa
Ericeira,60 - 64 anos,M,374,13,190,86,41,63,89,0,82,0,12,58,9,3,110906,Mafra,Grande Lisboa
Ericeira,65 - 69 anos,H,291,19,148,87,21,40,59,0,65,0,12,38,12,3,110906,Mafra,Grande Lisboa
Ericeira,65 - 69 anos,M,376,17,213,117,31,65,73,0,73,0,18,50,5,0,110906,Mafra,Grande Lisboa
Ericeira,70 - 74 anos,H,303,11,204,131,18,55,39,0,49,0,5,33,9,2,110906,Mafra,Grande Lisboa
Ericeira,70 - 74 anos,M,350,25,240,157,29,54,41,0,44,0,10,28,3,3,110906,Mafra,Grande Lisboa
Ericeira,75 ou mais anos,H,432,36,289,220,25,44,39,0,68,0,9,45,7,7,110906,Mafra,Grande Lisboa
Ericeira,75 ou mais anos,M,645,97,464,345,54,65,36,0,48,0,12,31,3,2,110906,Mafra,Grande Lisboa
Mafra,Total,H,10005,1304,4202,1303,1121,1778,2436,180,1883,19,199,1244,391,30,110909,Mafra,Grande Lisboa
Mafra,Total,M,10776,1368,4138,1602,989,1547,2466,119,2685,11,186,1939,497,52,110909,Mafra,Grande Lisboa
Mafra,Menos de 15 anos,H,1828,1131,697,308,353,36,0,0,0,0,0,0,0,0,110909,Mafra,Grande Lisboa
Mafra,Menos de 15 anos,M,1748,1048,700,298,355,47,0,0,0,0,0,0,0,0,110909,Mafra,Grande Lisboa
Mafra,15 - 19 anos,H,673,4,477,1,55,421,190,1,1,1,0,0,0,0,110909,Mafra,Grande Lisboa
Mafra,15 - 19 anos,M,667,4,452,1,48,403,210,1,0,0,0,0,0,0,110909,Mafra,Grande Lisboa
Mafra,20 - 24 anos,H,602,7,114,1,14,99,354,11,116,8,0,91,17,0,110909,Mafra,Grande Lisboa
Mafra,20 - 24 anos,M,552,9,51,0,6,45,290,8,194,5,0,156,31,2,110909,Mafra,Grande Lisboa
Mafra,25 - 29 anos,H,494,4,96,1,18,77,182,27,185,5,0,97,81,2,110909,Mafra,Grande Lisboa
Mafra,25 - 29 anos,M,481,10,57,0,7,50,166,12,236,2,0,154,79,1,110909,Mafra,Grande Lisboa
Mafra,30 - 34 anos,H,528,8,126,7,25,94,214,26,154,0,3,92,57,2,110909,Mafra,Grande Lisboa
Mafra,30 - 34 anos,M,544,9,87,3,15,69,171,25,252,2,3,151,93,3,110909,Mafra,Grande Lisboa
Mafra,35 - 39 anos,H,658,9,187,8,40,139,208,30,224,4,22,149,47,2,110909,Mafra,Grande Lisboa
Mafra,35 - 39 anos,M,772,10,122,3,21,98,242,19,379,1,12,267,84,15,110909,Mafra,Grande Lisboa
Mafra,40 - 44 anos,H,903,11,248,20,63,165,292,40,312,1,29,228,51,3,110909,Mafra,Grande Lisboa
Mafra,40 - 44 anos,M,1053,14,180,3,51,126,332,21,506,1,22,397,77,9,110909,Mafra,Grande Lisboa
Mafra,45 - 49 anos,H,985,9,313,45,107,161,320,31,312,0,48,210,48,6,110909,Mafra,Grande Lisboa
Mafra,45 - 49 anos,M,1050,12,234,21,85,128,318,20,466,0,48,352,60,6,110909,Mafra,Grande Lisboa
Mafra,50 - 54 anos,H,768,11,325,57,116,152,233,11,188,0,26,119,39,4,110909,Mafra,Grande Lisboa
Mafra,50 - 54 anos,M,827,24,261,54,88,119,269,13,260,0,24,198,33,5,110909,Mafra,Grande Lisboa
Mafra,55 - 59 anos,H,636,10,318,88,108,122,181,3,124,0,18,82,22,2,110909,Mafra,Grande Lisboa
Mafra,55 - 59 anos,M,676,15,300,96,85,119,206,0,155,0,21,111,21,2,110909,Mafra,Grande Lisboa
Mafra,60 - 64 anos,H,499,15,282,104,93,85,119,0,83,0,12,51,16,4,110909,Mafra,Grande Lisboa
Mafra,60 - 64 anos,M,549,15,325,136,90,99,117,0,92,0,15,61,12,4,110909,Mafra,Grande Lisboa
Mafra,65 - 69 anos,H,418,15,269,161,44,64,60,0,74,0,17,46,8,3,110909,Mafra,Grande Lisboa
Mafra,65 - 69 anos,M,469,13,323,204,50,69,72,0,61,0,12,42,2,5,110909,Mafra,Grande Lisboa
Mafra,70 - 74 anos,H,352,13,246,158,33,55,38,0,55,0,11,41,2,1,110909,Mafra,Grande Lisboa
Mafra,70 - 74 anos,M,474,25,363,237,40,86,39,0,47,0,17,25,5,0,110909,Mafra,Grande Lisboa
Mafra,75 ou mais anos,H,661,57,504,344,52,108,45,0,55,0,13,38,3,1,110909,Mafra,Grande Lisboa
Mafra,75 ou mais anos,M,914,160,683,546,48,89,34,0,37,0,12,25,0,0,110909,Mafra,Grande Lisboa
Milharado,Total,H,3785,532,1931,686,503,742,789,63,470,6,40,289,120,15,110911,Mafra,Grande Lisboa
Milharado,Total,M,3860,507,1713,761,380,572,806,47,787,4,36,576,158,13,110911,Mafra,Grande Lisboa
Milharado,Menos de 15 anos,H,711,445,266,122,124,20,0,0,0,0,0,0,0,0,110911,Mafra,Grande Lisboa
Milharado,Menos de 15 anos,M,645,385,260,108,134,18,0,0,0,0,0,0,0,0,110911,Mafra,Grande Lisboa
Milharado,15 - 19 anos,H,292,1,199,1,22,176,92,0,0,0,0,0,0,0,110911,Mafra,Grande Lisboa
Milharado,15 - 19 anos,M,259,0,176,0,16,160,82,1,0,0,0,0,0,0,110911,Mafra,Grande Lisboa
Milharado,20 - 24 anos,H,216,1,49,2,10,37,127,8,31,2,0,25,4,0,110911,Mafra,Grande Lisboa
Milharado,20 - 24 anos,M,202,0,20,0,4,16,114,3,65,2,0,50,13,0,110911,Mafra,Grande Lisboa
Milharado,25 - 29 anos,H,175,1,52,1,8,43,73,8,41,0,0,21,20,0,110911,Mafra,Grande Lisboa
Milharado,25 - 29 anos,M,179,1,16,0,6,10,78,6,78,1,0,43,33,1,110911,Mafra,Grande Lisboa
Milharado,30 - 34 anos,H,181,1,75,2,8,65,57,10,38,1,0,23,13,1,110911,Mafra,Grande Lisboa
Milharado,30 - 34 anos,M,236,1,36,1,3,32,67,10,122,1,0,87,33,1,110911,Mafra,Grande Lisboa
Milharado,35 - 39 anos,H,294,3,107,8,19,80,84,15,85,2,3,51,29,0,110911,Mafra,Grande Lisboa
Milharado,35 - 39 anos,M,287,2,64,1,9,54,88,9,124,0,4,89,28,3,110911,Mafra,Grande Lisboa
Milharado,40 - 44 anos,H,326,3,148,14,43,91,91,7,77,1,4,53,16,3,110911,Mafra,Grande Lisboa
Milharado,40 - 44 anos,M,370,5,100,9,29,62,118,8,139,0,7,110,20,2,110911,Mafra,Grande Lisboa
Milharado,45 - 49 anos,H,348,9,165,29,71,65,95,11,68,0,9,43,12,4,110911,Mafra,Grande Lisboa
Milharado,45 - 49 anos,M,364,4,146,29,49,68,102,7,105,0,8,83,11,3,110911,Mafra,Grande Lisboa
Milharado,50 - 54 anos,H,300,2,196,47,93,56,58,4,40,0,7,27,5,1,110911,Mafra,Grande Lisboa
Milharado,50 - 54 anos,M,251,2,140,51,39,50,54,3,52,0,8,40,4,0,110911,Mafra,Grande Lisboa
Milharado,55 - 59 anos,H,223,7,160,71,49,40,29,0,27,0,4,14,6,3,110911,Mafra,Grande Lisboa
Milharado,55 - 59 anos,M,249,5,154,76,38,40,44,0,46,0,1,34,9,2,110911,Mafra,Grande Lisboa
Milharado,60 - 64 anos,H,218,13,146,84,34,28,41,0,18,0,4,7,6,1,110911,Mafra,Grande Lisboa
Milharado,60 - 64 anos,M,201,7,143,88,26,29,25,0,26,0,1,19,5,1,110911,Mafra,Grande Lisboa
Milharado,65 - 69 anos,H,156,4,107,90,7,10,24,0,21,0,2,12,5,2,110911,Mafra,Grande Lisboa
Milharado,65 - 69 anos,M,163,6,127,106,8,13,16,0,14,0,2,11,1,0,110911,Mafra,Grande Lisboa
Milharado,70 - 74 anos,H,128,6,103,82,7,14,5,0,14,0,5,6,3,0,110911,Mafra,Grande Lisboa
Milharado,70 - 74 anos,M,165,11,136,116,8,12,10,0,8,0,4,4,0,0,110911,Mafra,Grande Lisboa
Milharado,75 ou mais anos,H,217,36,158,133,8,17,13,0,10,0,2,7,1,0,110911,Mafra,Grande Lisboa
Milharado,75 ou mais anos,M,289,78,195,176,11,8,8,0,8,0,1,6,1,0,110911,Mafra,Grande Lisboa
Santo Isidoro,Total,H,2168,288,1057,411,295,351,451,27,345,4,35,230,71,5,110913,Mafra,Grande Lisboa
Santo Isidoro,Total,M,2228,296,954,452,219,283,468,23,487,1,39,337,91,19,110913,Mafra,Grande Lisboa
Santo Isidoro,Menos de 15 anos,H,348,218,130,57,66,7,0,0,0,0,0,0,0,0,110913,Mafra,Grande Lisboa
Santo Isidoro,Menos de 15 anos,M,325,190,135,70,58,7,0,0,0,0,0,0,0,0,110913,Mafra,Grande Lisboa
Santo Isidoro,15 - 19 anos,H,113,0,72,0,10,62,41,0,0,0,0,0,0,0,110913,Mafra,Grande Lisboa
Santo Isidoro,15 - 19 anos,M,118,0,76,0,12,64,42,0,0,0,0,0,0,0,110913,Mafra,Grande Lisboa
Santo Isidoro,20 - 24 anos,H,117,0,25,0,1,24,62,3,27,3,0,20,4,0,110913,Mafra,Grande Lisboa
Santo Isidoro,20 - 24 anos,M,109,1,9,1,0,8,65,1,33,1,0,25,7,0,110913,Mafra,Grande Lisboa
Santo Isidoro,25 - 29 anos,H,104,4,23,0,5,18,43,7,27,0,0,13,14,0,110913,Mafra,Grande Lisboa
Santo Isidoro,25 - 29 anos,M,105,2,16,0,4,12,38,6,43,0,0,25,17,1,110913,Mafra,Grande Lisboa
Santo Isidoro,30 - 34 anos,H,95,0,26,1,5,20,40,5,24,0,0,18,6,0,110913,Mafra,Grande Lisboa
Santo Isidoro,30 - 34 anos,M,99,4,18,1,5,12,34,2,41,0,2,28,11,0,110913,Mafra,Grande Lisboa
Santo Isidoro,35 - 39 anos,H,124,2,52,3,23,26,31,5,34,1,3,22,8,0,110913,Mafra,Grande Lisboa
Santo Isidoro,35 - 39 anos,M,149,1,25,0,1,24,40,5,78,0,5,54,15,4,110913,Mafra,Grande Lisboa
Santo Isidoro,40 - 44 anos,H,168,2,49,2,12,35,58,3,56,0,8,42,6,0,110913,Mafra,Grande Lisboa
Santo Isidoro,40 - 44 anos,M,200,1,42,0,13,29,56,3,98,0,3,75,15,5,110913,Mafra,Grande Lisboa
Santo Isidoro,45 - 49 anos,H,186,0,86,9,44,33,49,3,48,0,4,34,9,1,110913,Mafra,Grande Lisboa
Santo Isidoro,45 - 49 anos,M,184,6,51,5,16,30,56,3,68,0,6,48,9,5,110913,Mafra,Grande Lisboa
Santo Isidoro,50 - 54 anos,H,183,2,101,20,50,31,45,1,34,0,8,19,7,0,110913,Mafra,Grande Lisboa
Santo Isidoro,50 - 54 anos,M,144,2,68,18,23,27,38,2,34,0,3,26,4,1,110913,Mafra,Grande Lisboa
Santo Isidoro,55 - 59 anos,H,161,4,104,33,40,31,32,0,21,0,3,11,6,1,110913,Mafra,Grande Lisboa
Santo Isidoro,55 - 59 anos,M,185,7,104,44,35,25,40,0,34,0,6,19,7,2,110913,Mafra,Grande Lisboa
Santo Isidoro,60 - 64 anos,H,149,11,99,56,18,25,17,0,22,0,2,14,4,2,110913,Mafra,Grande Lisboa
Santo Isidoro,60 - 64 anos,M,139,5,93,56,24,13,25,1,15,0,6,7,2,0,110913,Mafra,Grande Lisboa
Santo Isidoro,65 - 69 anos,H,122,6,82,61,9,12,14,0,20,0,2,13,5,0,110913,Mafra,Grande Lisboa
Santo Isidoro,65 - 69 anos,M,137,9,94,64,18,12,15,0,19,0,2,14,2,1,110913,Mafra,Grande Lisboa
Santo Isidoro,70 - 74 anos,H,103,7,70,55,4,11,11,0,15,0,2,13,0,0,110913,Mafra,Grande Lisboa
Santo Isidoro,70 - 74 anos,M,109,6,80,66,5,9,11,0,12,0,2,8,2,0,110913,Mafra,Grande Lisboa
Santo Isidoro,75 ou mais anos,H,195,32,138,114,8,16,8,0,17,0,3,11,2,1,110913,Mafra,Grande Lisboa
Santo Isidoro,75 ou mais anos,M,225,62,143,127,5,11,8,0,12,0,4,8,0,0,110913,Mafra,Grande Lisboa
União das freguesias de Azueira e Sobral da Abelheira,Total,H,2151,264,1282,546,329,407,410,20,175,7,12,116,37,3,110918,Mafra,Grande Lisboa
União das freguesias de Azueira e Sobral da Abelheira,Total,M,2283,319,1207,597,276,334,429,20,308,2,17,220,64,5,110918,Mafra,Grande Lisboa
União das freguesias de Azueira e Sobral da Abelheira,Menos de 15 anos,H,297,183,114,43,63,8,0,0,0,0,0,0,0,0,110918,Mafra,Grande Lisboa
União das freguesias de Azueira e Sobral da Abelheira,Menos de 15 anos,M,306,169,137,63,65,9,0,0,0,0,0,0,0,0,110918,Mafra,Grande Lisboa
União das freguesias de Azueira e Sobral da Abelheira,15 - 19 anos,H,128,0,86,1,14,71,42,0,0,0,0,0,0,0,110918,Mafra,Grande Lisboa
União das freguesias de Azueira e Sobral da Abelheira,15 - 19 anos,M,101,1,61,0,9,52,38,0,1,1,0,0,0,0,110918,Mafra,Grande Lisboa
União das freguesias de Azueira e Sobral da Abelheira,20 - 24 anos,H,109,0,35,0,0,35,61,3,10,2,0,7,1,0,110918,Mafra,Grande Lisboa
União das freguesias de Azueira e Sobral da Abelheira,20 - 24 anos,M,115,0,15,0,2,13,63,2,35,1,0,27,7,0,110918,Mafra,Grande Lisboa
União das freguesias de Azueira e Sobral da Abelheira,25 - 29 anos,H,100,6,25,1,6,18,54,2,13,1,0,8,4,0,110918,Mafra,Grande Lisboa
União das freguesias de Azueira e Sobral da Abelheira,25 - 29 anos,M,97,1,18,1,1,16,41,7,30,0,0,19,11,0,110918,Mafra,Grande Lisboa
União das freguesias de Azueira e Sobral da Abelheira,30 - 34 anos,H,96,1,39,1,9,29,33,4,19,0,0,11,8,0,110918,Mafra,Grande Lisboa
União das freguesias de Azueira e Sobral da Abelheira,30 - 34 anos,M,115,1,24,0,10,14,42,5,43,0,0,27,16,0,110918,Mafra,Grande Lisboa
União das freguesias de Azueira e Sobral da Abelheira,35 - 39 anos,H,131,2,66,5,18,43,32,2,29,4,0,16,8,1,110918,Mafra,Grande Lisboa
União das freguesias de Azueira e Sobral da Abelheira,35 - 39 anos,M,146,5,37,3,6,28,51,1,52,0,0,38,12,2,110918,Mafra,Grande Lisboa
União das freguesias de Azueira e Sobral da Abelheira,40 - 44 anos,H,165,0,97,6,36,55,45,4,19,0,0,14,4,1,110918,Mafra,Grande Lisboa
União das freguesias de Azueira e Sobral da Abelheira,40 - 44 anos,M,160,3,61,3,22,36,53,0,43,0,2,35,6,0,110918,Mafra,Grande Lisboa
União das freguesias de Azueira e Sobral da Abelheira,45 - 49 anos,H,177,1,106,17,51,38,42,2,26,0,2,19,5,0,110918,Mafra,Grande Lisboa
União das freguesias de Azueira e Sobral da Abelheira,45 - 49 anos,M,198,8,97,13,37,47,44,5,44,0,3,36,3,2,110918,Mafra,Grande Lisboa
União das freguesias de Azueira e Sobral da Abelheira,50 - 54 anos,H,169,5,110,38,44,28,30,2,22,0,2,15,4,1,110918,Mafra,Grande Lisboa
União das freguesias de Azueira e Sobral da Abelheira,50 - 54 anos,M,147,3,93,28,38,27,36,0,15,0,3,9,3,0,110918,Mafra,Grande Lisboa
União das freguesias de Azueira e Sobral da Abelheira,55 - 59 anos,H,157,2,121,61,33,27,23,1,10,0,2,7,1,0,110918,Mafra,Grande Lisboa
União das freguesias de Azueira e Sobral da Abelheira,55 - 59 anos,M,159,6,109,51,30,28,22,0,22,0,1,16,4,1,110918,Mafra,Grande Lisboa
União das freguesias de Azueira e Sobral da Abelheira,60 - 64 anos,H,136,10,99,51,31,17,21,0,6,0,1,4,1,0,110918,Mafra,Grande Lisboa
União das freguesias de Azueira e Sobral da Abelheira,60 - 64 anos,M,152,7,125,63,33,29,14,0,6,0,1,5,0,0,110918,Mafra,Grande Lisboa
União das freguesias de Azueira e Sobral da Abelheira,65 - 69 anos,H,135,8,100,80,7,13,18,0,9,0,2,6,1,0,110918,Mafra,Grande Lisboa
União das freguesias de Azueira e Sobral da Abelheira,65 - 69 anos,M,127,4,100,81,9,10,16,0,7,0,2,4,1,0,110918,Mafra,Grande Lisboa
União das freguesias de Azueira e Sobral da Abelheira,70 - 74 anos,H,114,9,97,81,5,11,3,0,5,0,2,3,0,0,110918,Mafra,Grande Lisboa
União das freguesias de Azueira e Sobral da Abelheira,70 - 74 anos,M,131,11,111,93,5,13,4,0,5,0,3,1,1,0,110918,Mafra,Grande Lisboa
União das freguesias de Azueira e Sobral da Abelheira,75 ou mais anos,H,237,37,187,161,12,14,6,0,7,0,1,6,0,0,110918,Mafra,Grande Lisboa
União das freguesias de Azueira e Sobral da Abelheira,75 ou mais anos,M,329,100,219,198,9,12,5,0,5,0,2,3,0,0,110918,Mafra,Grande Lisboa
"""União das freguesias de Enxara do Bispo, Gradil e Vila Franca do Rosário""",Total,H,1904,254,1073,423,300,350,366,37,174,4,17,119,26,8,110919,Mafra,Grande Lisboa
"""União das freguesias de Enxara do Bispo, Gradil e Vila Franca do Rosário""",Total,M,2075,309,1013,484,239,290,437,16,300,1,14,221,58,6,110919,Mafra,Grande Lisboa
"""União das freguesias de Enxara do Bispo, Gradil e Vila Franca do Rosário""",Menos de 15 anos,H,288,187,101,47,46,8,0,0,0,0,0,0,0,0,110919,Mafra,Grande Lisboa
"""União das freguesias de Enxara do Bispo, Gradil e Vila Franca do Rosário""",Menos de 15 anos,M,304,202,102,41,53,8,0,0,0,0,0,0,0,0,110919,Mafra,Grande Lisboa
"""União das freguesias de Enxara do Bispo, Gradil e Vila Franca do Rosário""",15 - 19 anos,H,109,0,83,0,14,69,26,0,0,0,0,0,0,0,110919,Mafra,Grande Lisboa
"""União das freguesias de Enxara do Bispo, Gradil e Vila Franca do Rosário""",15 - 19 anos,M,139,1,97,2,22,73,41,0,0,0,0,0,0,0,110919,Mafra,Grande Lisboa
"""União das freguesias de Enxara do Bispo, Gradil e Vila Franca do Rosário""",20 - 24 anos,H,99,2,24,0,5,19,57,4,12,1,0,9,2,0,110919,Mafra,Grande Lisboa
"""União das freguesias de Enxara do Bispo, Gradil e Vila Franca do Rosário""",20 - 24 anos,M,110,0,15,0,4,11,74,0,21,0,0,19,2,0,110919,Mafra,Grande Lisboa
"""União das freguesias de Enxara do Bispo, Gradil e Vila Franca do Rosário""",25 - 29 anos,H,85,3,29,3,8,18,37,6,10,1,0,6,3,0,110919,Mafra,Grande Lisboa
"""União das freguesias de Enxara do Bispo, Gradil e Vila Franca do Rosário""",25 - 29 anos,M,94,3,14,0,3,11,38,2,37,1,0,25,11,0,110919,Mafra,Grande Lisboa
"""União das freguesias de Enxara do Bispo, Gradil e Vila Franca do Rosário""",30 - 34 anos,H,100,3,50,4,10,36,30,4,13,2,1,6,4,0,110919,Mafra,Grande Lisboa
"""União das freguesias de Enxara do Bispo, Gradil e Vila Franca do Rosário""",30 - 34 anos,M,108,1,19,1,6,12,50,2,36,0,0,21,15,0,110919,Mafra,Grande Lisboa
"""União das freguesias de Enxara do Bispo, Gradil e Vila Franca do Rosário""",35 - 39 anos,H,143,3,70,8,25,37,45,6,19,0,0,15,2,2,110919,Mafra,Grande Lisboa
"""União das freguesias de Enxara do Bispo, Gradil e Vila Franca do Rosário""",35 - 39 anos,M,130,1,25,2,9,14,50,4,50,0,3,35,9,3,110919,Mafra,Grande Lisboa
"""União das freguesias de Enxara do Bispo, Gradil e Vila Franca do Rosário""",40 - 44 anos,H,156,2,71,12,24,35,51,7,25,0,1,19,5,0,110919,Mafra,Grande Lisboa
"""União das freguesias de Enxara do Bispo, Gradil e Vila Franca do Rosário""",40 - 44 anos,M,164,4,46,5,19,22,57,4,53,0,1,41,11,0,110919,Mafra,Grande Lisboa
"""União das freguesias de Enxara do Bispo, Gradil e Vila Franca do Rosário""",45 - 49 anos,H,154,2,71,6,34,31,45,5,31,0,3,25,1,2,110919,Mafra,Grande Lisboa
"""União das freguesias de Enxara do Bispo, Gradil e Vila Franca do Rosário""",45 - 49 anos,M,160,1,68,18,21,29,51,0,40,0,3,33,4,0,110919,Mafra,Grande Lisboa
"""União das freguesias de Enxara do Bispo, Gradil e Vila Franca do Rosário""",50 - 54 anos,H,162,0,109,36,41,32,26,5,22,0,6,14,2,0,110919,Mafra,Grande Lisboa
"""União das freguesias de Enxara do Bispo, Gradil e Vila Franca do Rosário""",50 - 54 anos,M,159,2,99,42,30,27,27,4,27,0,2,23,2,0,110919,Mafra,Grande Lisboa
"""União das freguesias de Enxara do Bispo, Gradil e Vila Franca do Rosário""",55 - 59 anos,H,138,3,98,36,43,19,24,0,13,0,0,9,4,0,110919,Mafra,Grande Lisboa
"""União das freguesias de Enxara do Bispo, Gradil e Vila Franca do Rosário""",55 - 59 anos,M,137,3,103,40,29,34,20,0,11,0,1,7,3,0,110919,Mafra,Grande Lisboa
"""União das freguesias de Enxara do Bispo, Gradil e Vila Franca do Rosário""",60 - 64 anos,H,102,3,83,44,25,14,9,0,7,0,2,3,1,1,110919,Mafra,Grande Lisboa
"""União das freguesias de Enxara do Bispo, Gradil e Vila Franca do Rosário""",60 - 64 anos,M,108,7,71,38,16,17,17,0,13,0,2,10,1,0,110919,Mafra,Grande Lisboa
"""União das freguesias de Enxara do Bispo, Gradil e Vila Franca do Rosário""",65 - 69 anos,H,101,4,76,56,7,13,9,0,12,0,3,6,1,2,110919,Mafra,Grande Lisboa
"""União das freguesias de Enxara do Bispo, Gradil e Vila Franca do Rosário""",65 - 69 anos,M,110,4,99,74,13,12,4,0,3,0,0,0,0,3,110919,Mafra,Grande Lisboa
"""União das freguesias de Enxara do Bispo, Gradil e Vila Franca do Rosário""",70 - 74 anos,H,91,4,78,60,6,12,2,0,7,0,1,5,1,0,110919,Mafra,Grande Lisboa
"""União das freguesias de Enxara do Bispo, Gradil e Vila Franca do Rosário""",70 - 74 anos,M,109,9,91,74,7,10,5,0,4,0,2,2,0,0,110919,Mafra,Grande Lisboa
"""União das freguesias de Enxara do Bispo, Gradil e Vila Franca do Rosário""",75 ou mais anos,H,176,38,130,111,12,7,5,0,3,0,0,2,0,1,110919,Mafra,Grande Lisboa
"""União das freguesias de Enxara do Bispo, Gradil e Vila Franca do Rosário""",75 ou mais anos,M,243,71,164,147,7,10,3,0,5,0,0,5,0,0,110919,Mafra,Grande Lisboa
União das freguesias de Igreja Nova e Cheleiros,Total,H,2320,302,1177,461,308,408,508,35,298,5,24,196,56,17,110920,Mafra,Grande Lisboa
União das freguesias de Igreja Nova e Cheleiros,Total,M,2373,366,1023,518,186,319,509,21,454,1,22,313,113,5,110920,Mafra,Grande Lisboa
União das freguesias de Igreja Nova e Cheleiros,Menos de 15 anos,H,391,243,148,61,78,9,0,0,0,0,0,0,0,0,110920,Mafra,Grande Lisboa
União das freguesias de Igreja Nova e Cheleiros,Menos de 15 anos,M,363,232,131,54,67,10,0,0,0,0,0,0,0,0,110920,Mafra,Grande Lisboa
União das freguesias de Igreja Nova e Cheleiros,15 - 19 anos,H,127,0,91,0,10,81,36,0,0,0,0,0,0,0,110920,Mafra,Grande Lisboa
União das freguesias de Igreja Nova e Cheleiros,15 - 19 anos,M,125,1,78,0,8,70,46,0,0,0,0,0,0,0,110920,Mafra,Grande Lisboa
União das freguesias de Igreja Nova e Cheleiros,20 - 24 anos,H,117,0,23,0,3,20,67,5,22,2,0,15,5,0,110920,Mafra,Grande Lisboa
União das freguesias de Igreja Nova e Cheleiros,20 - 24 anos,M,119,1,10,0,1,9,64,5,39,0,0,28,11,0,110920,Mafra,Grande Lisboa
União das freguesias de Igreja Nova e Cheleiros,25 - 29 anos,H,116,1,26,0,3,23,56,4,29,0,0,18,11,0,110920,Mafra,Grande Lisboa
União das freguesias de Igreja Nova e Cheleiros,25 - 29 anos,M,97,0,11,1,0,10,42,2,42,0,0,20,22,0,110920,Mafra,Grande Lisboa
União das freguesias de Igreja Nova e Cheleiros,30 - 34 anos,H,123,3,44,2,9,33,46,3,27,1,0,13,11,2,110920,Mafra,Grande Lisboa
União das freguesias de Igreja Nova e Cheleiros,30 - 34 anos,M,121,3,21,1,1,19,45,2,50,0,0,28,22,0,110920,Mafra,Grande Lisboa
União das freguesias de Igreja Nova e Cheleiros,35 - 39 anos,H,160,3,41,1,8,32,64,7,45,1,1,31,11,1,110920,Mafra,Grande Lisboa
União das freguesias de Igreja Nova e Cheleiros,35 - 39 anos,M,170,2,27,1,4,22,56,8,77,1,1,59,16,0,110920,Mafra,Grande Lisboa
União das freguesias de Igreja Nova e Cheleiros,40 - 44 anos,H,203,4,79,6,23,50,62,9,49,1,4,40,4,0,110920,Mafra,Grande Lisboa
União das freguesias de Igreja Nova e Cheleiros,40 - 44 anos,M,201,4,45,6,10,29,67,2,83,0,3,58,21,1,110920,Mafra,Grande Lisboa
União das freguesias de Igreja Nova e Cheleiros,45 - 49 anos,H,210,3,106,10,47,49,57,3,41,0,7,28,4,2,110920,Mafra,Grande Lisboa
União das freguesias de Igreja Nova e Cheleiros,45 - 49 anos,M,217,8,71,14,22,35,63,1,74,0,5,59,9,1,110920,Mafra,Grande Lisboa
União das freguesias de Igreja Nova e Cheleiros,50 - 54 anos,H,171,3,101,20,41,40,37,3,27,0,6,19,1,1,110920,Mafra,Grande Lisboa
União das freguesias de Igreja Nova e Cheleiros,50 - 54 anos,M,170,2,75,21,25,29,57,1,35,0,3,26,5,1,110920,Mafra,Grande Lisboa
União das freguesias de Igreja Nova e Cheleiros,55 - 59 anos,H,163,7,97,33,36,28,35,1,23,0,2,12,7,2,110920,Mafra,Grande Lisboa
União das freguesias de Igreja Nova e Cheleiros,55 - 59 anos,M,144,7,82,35,20,27,29,0,26,0,5,15,5,1,110920,Mafra,Grande Lisboa
União das freguesias de Igreja Nova e Cheleiros,60 - 64 anos,H,106,3,76,37,20,19,21,0,6,0,0,5,0,1,110920,Mafra,Grande Lisboa
União das freguesias de Igreja Nova e Cheleiros,60 - 64 anos,M,113,4,80,38,16,26,21,0,8,0,3,5,0,0,110920,Mafra,Grande Lisboa
União das freguesias de Igreja Nova e Cheleiros,65 - 69 anos,H,117,1,87,70,12,5,16,0,13,0,1,10,1,1,110920,Mafra,Grande Lisboa
União das freguesias de Igreja Nova e Cheleiros,65 - 69 anos,M,126,4,103,86,7,10,11,0,8,0,2,5,1,0,110920,Mafra,Grande Lisboa
União das freguesias de Igreja Nova e Cheleiros,70 - 74 anos,H,113,4,100,77,11,12,6,0,3,0,0,0,0,3,110920,Mafra,Grande Lisboa
União das freguesias de Igreja Nova e Cheleiros,70 - 74 anos,M,152,11,126,109,2,15,7,0,8,0,0,6,1,1,110920,Mafra,Grande Lisboa
União das freguesias de Igreja Nova e Cheleiros,75 ou mais anos,H,203,27,158,144,7,7,5,0,13,0,3,5,1,4,110920,Mafra,Grande Lisboa
União das freguesias de Igreja Nova e Cheleiros,75 ou mais anos,M,255,87,163,152,3,8,1,0,4,0,0,4,0,0,110920,Mafra,Grande Lisboa
União das freguesias de Malveira e São Miguel de Alcainça,Total,H,4587,622,2010,602,537,871,1127,83,745,12,63,501,151,18,110921,Mafra,Grande Lisboa
União das freguesias de Malveira e São Miguel de Alcainça,Total,M,5060,729,1961,773,467,721,1138,51,1181,5,66,846,240,24,110921,Mafra,Grande Lisboa
União das freguesias de Malveira e São Miguel de Alcainça,Menos de 15 anos,H,836,506,330,135,173,22,0,0,0,0,0,0,0,0,110921,Mafra,Grande Lisboa
União das freguesias de Malveira e São Miguel de Alcainça,Menos de 15 anos,M,865,527,338,135,177,26,0,0,0,0,0,0,0,0,110921,Mafra,Grande Lisboa
União das freguesias de Malveira e São Miguel de Alcainça,15 - 19 anos,H,266,3,190,2,34,154,73,0,0,0,0,0,0,0,110921,Mafra,Grande Lisboa
União das freguesias de Malveira e São Miguel de Alcainça,15 - 19 anos,M,284,1,173,1,18,154,110,0,0,0,0,0,0,0,110921,Mafra,Grande Lisboa
União das freguesias de Malveira e São Miguel de Alcainça,20 - 24 anos,H,260,6,65,1,7,57,134,5,50,5,0,39,6,0,110921,Mafra,Grande Lisboa
União das freguesias de Malveira e São Miguel de Alcainça,20 - 24 anos,M,253,8,26,1,1,24,128,8,83,3,0,65,15,0,110921,Mafra,Grande Lisboa
União das freguesias de Malveira e São Miguel de Alcainça,25 - 29 anos,H,229,8,49,2,5,42,82,8,82,1,0,45,35,1,110921,Mafra,Grande Lisboa
União das freguesias de Malveira e São Miguel de Alcainça,25 - 29 anos,M,212,8,27,1,5,21,68,5,104,0,0,71,32,1,110921,Mafra,Grande Lisboa
União das freguesias de Malveira e São Miguel de Alcainça,30 - 34 anos,H,293,7,75,1,17,57,111,12,88,2,3,48,33,2,110921,Mafra,Grande Lisboa
União das freguesias de Malveira e São Miguel de Alcainça,30 - 34 anos,M,302,6,42,3,8,31,77,7,170,1,3,90,72,4,110921,Mafra,Grande Lisboa
União das freguesias de Malveira e São Miguel de Alcainça,35 - 39 anos,H,371,5,121,7,25,89,128,14,103,3,3,77,19,1,110921,Mafra,Grande Lisboa
União das freguesias de Malveira e São Miguel de Alcainça,35 - 39 anos,M,448,13,96,2,20,74,141,9,189,1,4,137,44,3,110921,Mafra,Grande Lisboa
União das freguesias de Malveira e São Miguel de Alcainça,40 - 44 anos,H,467,7,153,12,36,105,175,15,117,1,8,89,16,3,110921,Mafra,Grande Lisboa
União das freguesias de Malveira e São Miguel de Alcainça,40 - 44 anos,M,498,17,83,3,21,59,158,13,227,0,5,186,32,4,110921,Mafra,Grande Lisboa
União das freguesias de Malveira e São Miguel de Alcainça,45 - 49 anos,H,441,7,148,11,53,84,153,20,113,0,11,79,19,4,110921,Mafra,Grande Lisboa
União das freguesias de Malveira e São Miguel de Alcainça,45 - 49 anos,M,484,17,125,22,34,69,146,5,191,0,21,138,29,3,110921,Mafra,Grande Lisboa
União das freguesias de Malveira e São Miguel de Alcainça,50 - 54 anos,H,351,9,151,25,52,74,109,7,75,0,11,55,8,1,110921,Mafra,Grande Lisboa
União das freguesias de Malveira e São Miguel de Alcainça,50 - 54 anos,M,324,10,107,25,39,43,105,3,99,0,10,78,6,5,110921,Mafra,Grande Lisboa
União das freguesias de Malveira e São Miguel de Alcainça,55 - 59 anos,H,250,8,133,31,46,56,65,2,42,0,9,24,7,2,110921,Mafra,Grande Lisboa
União das freguesias de Malveira e São Miguel de Alcainça,55 - 59 anos,M,306,15,148,45,40,63,88,1,54,0,9,35,8,2,110921,Mafra,Grande Lisboa
União das freguesias de Malveira e São Miguel de Alcainça,60 - 64 anos,H,203,11,136,59,38,39,39,0,17,0,1,11,3,2,110921,Mafra,Grande Lisboa
União das freguesias de Malveira e São Miguel de Alcainça,60 - 64 anos,M,251,7,169,72,39,58,48,0,27,0,4,20,2,1,110921,Mafra,Grande Lisboa
União das freguesias de Malveira e São Miguel de Alcainça,65 - 69 anos,H,193,11,127,76,24,27,36,0,19,0,9,9,1,0,110921,Mafra,Grande Lisboa
União das freguesias de Malveira e São Miguel de Alcainça,65 - 69 anos,M,219,15,152,93,20,39,35,0,17,0,2,14,0,1,110921,Mafra,Grande Lisboa
União das freguesias de Malveira e São Miguel de Alcainça,70 - 74 anos,H,142,8,110,69,9,32,9,0,15,0,3,8,3,1,110921,Mafra,Grande Lisboa
União das freguesias de Malveira e São Miguel de Alcainça,70 - 74 anos,M,180,14,144,95,20,29,13,0,9,0,3,6,0,0,110921,Mafra,Grande Lisboa
União das freguesias de Malveira e São Miguel de Alcainça,75 ou mais anos,H,285,26,222,171,18,33,13,0,24,0,5,17,1,1,110921,Mafra,Grande Lisboa
União das freguesias de Malveira e São Miguel de Alcainça,75 ou mais anos,M,434,71,331,275,25,31,21,0,11,0,5,6,0,0,110921,Mafra,Grande Lisboa
União das freguesias de Venda do Pinheiro e Santo Estêvão das Galés,Total,H,5237,657,2327,789,563,975,1253,91,909,9,71,628,184,17,110922,Mafra,Grande Lisboa
União das freguesias de Venda do Pinheiro e Santo Estêvão das Galés,Total,M,5578,682,2233,979,491,763,1266,74,1323,5,83,952,255,28,110922,Mafra,Grande Lisboa
União das freguesias de Venda do Pinheiro e Santo Estêvão das Galés,Menos de 15 anos,H,886,552,334,146,164,24,0,0,0,0,0,0,0,0,110922,Mafra,Grande Lisboa
União das freguesias de Venda do Pinheiro e Santo Estêvão das Galés,Menos de 15 anos,M,899,497,402,163,199,40,0,0,0,0,0,0,0,0,110922,Mafra,Grande Lisboa
União das freguesias de Venda do Pinheiro e Santo Estêvão das Galés,15 - 19 anos,H,361,2,243,0,27,216,115,1,0,0,0,0,0,0,110922,Mafra,Grande Lisboa
União das freguesias de Venda do Pinheiro e Santo Estêvão das Galés,15 - 19 anos,M,329,1,198,0,17,181,130,0,0,0,0,0,0,0,110922,Mafra,Grande Lisboa
União das freguesias de Venda do Pinheiro e Santo Estêvão das Galés,20 - 24 anos,H,315,2,58,1,7,50,174,8,73,5,0,55,13,0,110922,Mafra,Grande Lisboa
União das freguesias de Venda do Pinheiro e Santo Estêvão das Galés,20 - 24 anos,M,271,1,19,0,2,17,156,6,89,1,0,70,18,0,110922,Mafra,Grande Lisboa
União das freguesias de Venda do Pinheiro e Santo Estêvão das Galés,25 - 29 anos,H,232,0,54,0,9,45,106,5,67,2,0,46,19,0,110922,Mafra,Grande Lisboa
União das freguesias de Venda do Pinheiro e Santo Estêvão das Galés,25 - 29 anos,M,235,2,22,1,3,18,81,13,117,2,0,66,47,2,110922,Mafra,Grande Lisboa
União das freguesias de Venda do Pinheiro e Santo Estêvão das Galés,30 - 34 anos,H,280,4,66,0,11,55,103,21,86,2,1,47,36,0,110922,Mafra,Grande Lisboa
União das freguesias de Venda do Pinheiro e Santo Estêvão das Galés,30 - 34 anos,M,285,6,41,0,7,34,93,11,134,0,1,82,49,2,110922,Mafra,Grande Lisboa
União das freguesias de Venda do Pinheiro e Santo Estêvão das Galés,35 - 39 anos,H,344,3,104,8,16,80,116,19,102,0,7,73,21,1,110922,Mafra,Grande Lisboa
União das freguesias de Venda do Pinheiro e Santo Estêvão das Galés,35 - 39 anos,M,426,5,64,2,6,56,127,16,214,1,12,145,54,2,110922,Mafra,Grande Lisboa
União das freguesias de Venda do Pinheiro e Santo Estêvão das Galés,40 - 44 anos,H,483,3,170,17,35,118,150,15,145,0,7,110,24,4,110922,Mafra,Grande Lisboa
União das freguesias de Venda do Pinheiro e Santo Estêvão das Galés,40 - 44 anos,M,513,3,89,5,24,60,171,12,238,1,11,192,27,7,110922,Mafra,Grande Lisboa
União das freguesias de Venda do Pinheiro e Santo Estêvão das Galés,45 - 49 anos,H,528,4,199,25,73,101,154,13,158,0,18,107,32,1,110922,Mafra,Grande Lisboa
União das freguesias de Venda do Pinheiro e Santo Estêvão das Galés,45 - 49 anos,M,534,2,133,18,47,68,162,9,228,0,17,175,30,6,110922,Mafra,Grande Lisboa
União das freguesias de Venda do Pinheiro e Santo Estêvão das Galés,50 - 54 anos,H,432,9,214,41,78,95,99,9,101,0,12,72,15,2,110922,Mafra,Grande Lisboa
União das freguesias de Venda do Pinheiro e Santo Estêvão das Galés,50 - 54 anos,M,428,3,166,51,46,69,131,6,122,0,14,91,13,4,110922,Mafra,Grande Lisboa
União das freguesias de Venda do Pinheiro e Santo Estêvão das Galés,55 - 59 anos,H,338,3,178,64,54,60,100,0,57,0,5,41,9,2,110922,Mafra,Grande Lisboa
União das freguesias de Venda do Pinheiro e Santo Estêvão das Galés,55 - 59 anos,M,332,10,164,66,46,52,91,1,66,0,6,53,6,1,110922,Mafra,Grande Lisboa
União das freguesias de Venda do Pinheiro e Santo Estêvão das Galés,60 - 64 anos,H,276,14,163,93,37,33,53,0,46,0,7,29,8,2,110922,Mafra,Grande Lisboa
União das freguesias de Venda do Pinheiro e Santo Estêvão das Galés,60 - 64 anos,M,292,11,174,80,49,45,63,0,44,0,3,33,7,1,110922,Mafra,Grande Lisboa
União das freguesias de Venda do Pinheiro e Santo Estêvão das Galés,65 - 69 anos,H,237,12,153,91,25,37,40,0,32,0,6,21,4,1,110922,Mafra,Grande Lisboa
União das freguesias de Venda do Pinheiro e Santo Estêvão das Galés,65 - 69 anos,M,277,15,196,132,12,52,34,0,32,0,9,20,3,0,110922,Mafra,Grande Lisboa
União das freguesias de Venda do Pinheiro e Santo Estêvão das Galés,70 - 74 anos,H,206,8,154,117,8,29,20,0,24,0,6,15,2,1,110922,Mafra,Grande Lisboa
União das freguesias de Venda do Pinheiro e Santo Estêvão das Galés,70 - 74 anos,M,233,16,189,142,9,38,14,0,14,0,3,9,1,1,110922,Mafra,Grande Lisboa
União das freguesias de Venda do Pinheiro e Santo Estêvão das Galés,75 ou mais anos,H,319,41,237,186,19,32,23,0,18,0,2,12,1,3,110922,Mafra,Grande Lisboa
União das freguesias de Venda do Pinheiro e Santo Estêvão das Galés,75 ou mais anos,M,524,110,376,319,24,33,13,0,25,0,7,16,0,2,110922,Mafra,Grande Lisboa
Odivelas,Total,H,69724,9081,31008,11712,7080,12216,16757,1060,11818,168,740,7979,2653,278,1116,Odivelas,Grande Lisboa
Odivelas,Total,M,78310,10667,32407,14951,6400,11056,16938,725,17573,59,1008,12456,3741,309,1116,Odivelas,Grande Lisboa
Odivelas,Menos de 15 anos,H,11322,7245,4077,1741,2046,290,0,0,0,0,0,0,0,0,1116,Odivelas,Grande Lisboa
Odivelas,Menos de 15 anos,M,11014,7006,4008,1674,1990,344,0,0,0,0,0,0,0,0,1116,Odivelas,Grande Lisboa
Odivelas,15 - 19 anos,H,3657,41,2368,12,347,2009,1242,2,4,4,0,0,0,0,1116,Odivelas,Grande Lisboa
Odivelas,15 - 19 anos,M,3628,30,2201,12,248,1941,1394,1,2,2,0,0,0,0,1116,Odivelas,Grande Lisboa
Odivelas,20 - 24 anos,H,4118,86,801,26,105,670,2340,121,770,51,0,605,113,1,1116,Odivelas,Grande Lisboa
Odivelas,20 - 24 anos,M,3898,63,511,16,83,412,2132,74,1118,18,0,922,177,1,1116,Odivelas,Grande Lisboa
Odivelas,25 - 29 anos,H,4289,117,809,38,119,652,1730,161,1472,50,0,883,531,8,1116,Odivelas,Grande Lisboa
Odivelas,25 - 29 anos,M,4362,112,558,35,86,437,1444,98,2150,17,0,1303,820,10,1116,Odivelas,Grande Lisboa
Odivelas,30 - 34 anos,H,4547,114,1040,75,192,773,1506,152,1735,32,13,982,675,33,1116,Odivelas,Grande Lisboa
Odivelas,30 - 34 anos,M,5023,154,774,58,145,571,1425,129,2541,9,20,1444,1017,51,1116,Odivelas,Grande Lisboa
Odivelas,35 - 39 anos,H,5243,120,1299,86,243,970,1724,199,1901,24,94,1239,499,45,1116,Odivelas,Grande Lisboa
Odivelas,35 - 39 anos,M,5513,163,936,80,159,697,1531,94,2789,9,95,1948,679,58,1116,Odivelas,Grande Lisboa
Odivelas,40 - 44 anos,H,5871,106,1670,147,400,1123,1966,179,1950,7,115,1456,333,39,1116,Odivelas,Grande Lisboa
Odivelas,40 - 44 anos,M,6372,164,1209,135,264,810,1928,133,2938,4,134,2314,435,51,1116,Odivelas,Grande Lisboa
Odivelas,45 - 49 anos,H,5435,119,2020,246,612,1162,1764,149,1383,0,112,1038,199,34,1116,Odivelas,Grande Lisboa
Odivelas,45 - 49 anos,M,6012,185,1672,283,450,939,1887,107,2161,0,148,1760,209,44,1116,Odivelas,Grande Lisboa
Odivelas,50 - 54 anos,H,4421,104,2168,446,702,1020,1340,86,723,0,78,506,110,29,1116,Odivelas,Grande Lisboa
Odivelas,50 - 54 anos,M,5063,164,2094,495,651,948,1507,74,1224,0,100,951,148,25,1116,Odivelas,Grande Lisboa
Odivelas,55 - 59 anos,H,3985,120,2304,730,666,908,1015,11,535,0,61,372,74,28,1116,Odivelas,Grande Lisboa
Odivelas,55 - 59 anos,M,4855,203,2471,893,614,964,1263,15,903,0,102,664,116,21,1116,Odivelas,Grande Lisboa
Odivelas,60 - 64 anos,H,3788,140,2349,1067,547,735,840,0,459,0,66,305,62,26,1116,Odivelas,Grande Lisboa
Odivelas,60 - 64 anos,M,4706,196,2795,1370,548,877,1097,0,618,0,76,448,69,25,1116,Odivelas,Grande Lisboa
Odivelas,65 - 69 anos,H,3636,160,2521,1605,382,534,572,0,383,0,78,263,27,15,1116,Odivelas,Grande Lisboa
Odivelas,65 - 69 anos,M,4700,272,3262,2137,394,731,672,0,494,0,99,349,35,11,1116,Odivelas,Grande Lisboa
Odivelas,70 - 74 anos,H,3624,168,2881,1954,303,624,321,0,254,0,63,171,12,8,1116,Odivelas,Grande Lisboa
Odivelas,70 - 74 anos,M,4607,312,3637,2583,342,712,348,0,310,0,85,196,24,5,1116,Odivelas,Grande Lisboa
Odivelas,75 ou mais anos,H,5788,441,4701,3539,416,746,397,0,249,0,60,159,18,12,1116,Odivelas,Grande Lisboa
Odivelas,75 ou mais anos,M,8557,1643,6279,5180,426,673,310,0,325,0,149,157,12,7,1116,Odivelas,Grande Lisboa
Odivelas,Total,H,27876,3571,11473,4083,2629,4761,6833,443,5556,70,337,3720,1284,145,111603,Odivelas,Grande Lisboa
Odivelas,Total,M,31710,4297,12210,5423,2446,4341,6876,292,8035,20,438,5650,1756,171,111603,Odivelas,Grande Lisboa
Odivelas,Menos de 15 anos,H,4594,2896,1698,744,836,118,0,0,0,0,0,0,0,0,111603,Odivelas,Grande Lisboa
Odivelas,Menos de 15 anos,M,4527,2918,1609,674,809,126,0,0,0,0,0,0,0,0,111603,Odivelas,Grande Lisboa
Odivelas,15 - 19 anos,H,1459,19,955,3,140,812,482,1,2,2,0,0,0,0,111603,Odivelas,Grande Lisboa
Odivelas,15 - 19 anos,M,1368,8,820,5,106,709,540,0,0,0,0,0,0,0,111603,Odivelas,Grande Lisboa
Odivelas,20 - 24 anos,H,1650,42,296,6,40,250,944,45,323,18,0,260,45,0,111603,Odivelas,Grande Lisboa
Odivelas,20 - 24 anos,M,1565,37,191,6,25,160,823,34,480,8,0,399,73,0,111603,Odivelas,Grande Lisboa
Odivelas,25 - 29 anos,H,1828,58,306,11,47,248,691,66,707,23,0,411,268,5,111603,Odivelas,Grande Lisboa
Odivelas,25 - 29 anos,M,1823,50,191,11,30,150,576,42,964,3,0,565,390,6,111603,Odivelas,Grande Lisboa
Odivelas,30 - 34 anos,H,1894,53,366,20,66,280,606,60,809,15,5,436,337,16,111603,Odivelas,Grande Lisboa
Odivelas,30 - 34 anos,M,2010,59,270,21,48,201,489,48,1144,2,4,619,490,29,111603,Odivelas,Grande Lisboa
Odivelas,35 - 39 anos,H,2106,43,453,30,78,345,651,84,875,8,46,563,234,24,111603,Odivelas,Grande Lisboa
Odivelas,35 - 39 anos,M,2317,61,355,28,51,276,597,36,1268,5,43,870,321,29,111603,Odivelas,Grande Lisboa
Odivelas,40 - 44 anos,H,2491,51,587,52,132,403,798,82,973,4,47,732,170,20,111603,Odivelas,Grande Lisboa
Odivelas,40 - 44 anos,M,2691,68,400,42,90,268,795,65,1363,2,56,1074,206,25,111603,Odivelas,Grande Lisboa
Odivelas,45 - 49 anos,H,2251,43,715,87,213,415,746,68,679,0,54,503,100,22,111603,Odivelas,Grande Lisboa
Odivelas,45 - 49 anos,M,2448,76,592,83,161,348,752,35,993,0,55,818,93,27,111603,Odivelas,Grande Lisboa
Odivelas,50 - 54 anos,H,1736,35,794,169,249,376,541,33,333,0,32,240,44,17,111603,Odivelas,Grande Lisboa
Odivelas,50 - 54 anos,M,2088,71,807,169,246,392,642,29,539,0,44,427,58,10,111603,Odivelas,Grande Lisboa
Odivelas,55 - 59 anos,H,1560,43,830,244,226,360,442,4,241,0,27,167,33,14,111603,Odivelas,Grande Lisboa
Odivelas,55 - 59 anos,M,1920,81,856,288,213,355,543,3,437,0,43,328,52,14,111603,Odivelas,Grande Lisboa
Odivelas,60 - 64 anos,H,1365,44,801,324,196,281,336,0,184,0,29,127,16,12,111603,Odivelas,Grande Lisboa
Odivelas,60 - 64 anos,M,1806,62,991,446,184,361,472,0,281,0,36,199,29,17,111603,Odivelas,Grande Lisboa
Odivelas,65 - 69 anos,H,1376,55,864,509,143,212,268,0,189,0,36,131,16,6,111603,Odivelas,Grande Lisboa
Odivelas,65 - 69 anos,M,1881,96,1211,722,161,328,327,0,247,0,46,173,20,8,111603,Odivelas,Grande Lisboa
Odivelas,70 - 74 anos,H,1374,55,1048,637,105,306,146,0,125,0,38,76,9,2,111603,Odivelas,Grande Lisboa
Odivelas,70 - 74 anos,M,1856,118,1390,916,132,342,181,0,167,0,49,98,17,3,111603,Odivelas,Grande Lisboa
Odivelas,75 ou mais anos,H,2192,134,1760,1247,158,355,182,0,116,0,23,74,12,7,111603,Odivelas,Grande Lisboa
Odivelas,75 ou mais anos,M,3410,592,2527,2012,190,325,139,0,152,0,62,80,7,3,111603,Odivelas,Grande Lisboa
União das freguesias de Pontinha e Famões,Total,H,16747,2217,8226,3357,1876,2993,3885,237,2182,44,129,1464,505,40,111608,Odivelas,Grande Lisboa
União das freguesias de Pontinha e Famões,Total,M,18364,2592,8475,4166,1625,2684,3798,176,3323,15,202,2352,701,53,111608,Odivelas,Grande Lisboa
União das freguesias de Pontinha e Famões,Menos de 15 anos,H,2577,1622,955,372,504,79,0,0,0,0,0,0,0,0,111608,Odivelas,Grande Lisboa
União das freguesias de Pontinha e Famões,Menos de 15 anos,M,2494,1575,919,367,468,84,0,0,0,0,0,0,0,0,111608,Odivelas,Grande Lisboa
União das freguesias de Pontinha e Famões,15 - 19 anos,H,864,9,547,6,84,457,306,0,2,2,0,0,0,0,111608,Odivelas,Grande Lisboa
União das freguesias de Pontinha e Famões,15 - 19 anos,M,868,6,521,4,57,460,340,0,1,1,0,0,0,0,111608,Odivelas,Grande Lisboa
União das freguesias de Pontinha e Famões,20 - 24 anos,H,1032,24,207,8,31,168,575,34,192,18,0,146,27,1,111608,Odivelas,Grande Lisboa
União das freguesias de Pontinha e Famões,20 - 24 anos,M,901,13,136,4,28,104,505,14,233,3,0,189,41,0,111608,Odivelas,Grande Lisboa
União das freguesias de Pontinha e Famões,25 - 29 anos,H,1042,32,232,14,34,184,433,36,309,10,0,181,117,1,111608,Odivelas,Grande Lisboa
União das freguesias de Pontinha e Famões,25 - 29 anos,M,1072,30,184,16,36,132,361,25,472,6,0,300,164,2,111608,Odivelas,Grande Lisboa
União das freguesias de Pontinha e Famões,30 - 34 anos,H,1027,32,282,23,55,204,352,34,327,8,5,178,131,5,111608,Odivelas,Grande Lisboa
União das freguesias de Pontinha e Famões,30 - 34 anos,M,1185,40,216,17,47,152,388,41,500,3,7,284,193,13,111608,Odivelas,Grande Lisboa
União das freguesias de Pontinha e Famões,35 - 39 anos,H,1202,45,376,19,78,279,412,44,325,6,16,194,98,11,111608,Odivelas,Grande Lisboa
União das freguesias de Pontinha e Famões,35 - 39 anos,M,1206,51,280,29,54,197,358,15,502,1,17,357,119,8,111608,Odivelas,Grande Lisboa
União das freguesias de Pontinha e Famões,40 - 44 anos,H,1351,24,446,47,118,281,500,39,342,0,19,266,53,4,111608,Odivelas,Grande Lisboa
União das freguesias de Pontinha e Famões,40 - 44 anos,M,1409,50,368,45,93,230,423,28,540,1,30,420,80,9,111608,Odivelas,Grande Lisboa
União das freguesias de Pontinha e Famões,45 - 49 anos,H,1207,39,551,76,171,304,376,22,219,0,16,167,33,3,111608,Odivelas,Grande Lisboa
União das freguesias de Pontinha e Famões,45 - 49 anos,M,1376,49,477,103,133,241,435,26,389,0,32,310,40,7,111608,Odivelas,Grande Lisboa
União das freguesias de Pontinha e Famões,50 - 54 anos,H,1049,38,579,140,180,259,286,24,122,0,14,88,16,4,111608,Odivelas,Grande Lisboa
União das freguesias de Pontinha e Famões,50 - 54 anos,M,1210,50,595,161,181,253,326,22,217,0,24,166,24,3,111608,Odivelas,Grande Lisboa
União das freguesias de Pontinha e Famões,55 - 59 anos,H,1032,42,667,227,198,242,218,4,101,0,13,73,10,5,111608,Odivelas,Grande Lisboa
União das freguesias de Pontinha e Famões,55 - 59 anos,M,1213,61,723,292,169,262,252,5,172,0,20,130,18,4,111608,Odivelas,Grande Lisboa
União das freguesias de Pontinha e Famões,60 - 64 anos,H,1022,47,689,357,147,185,183,0,103,0,18,69,14,2,111608,Odivelas,Grande Lisboa
União das freguesias de Pontinha e Famões,60 - 64 anos,M,1205,66,785,450,140,195,213,0,141,0,21,102,16,2,111608,Odivelas,Grande Lisboa
União das freguesias de Pontinha e Famões,65 - 69 anos,H,966,59,735,508,98,129,115,0,57,0,12,40,3,2,111608,Odivelas,Grande Lisboa
União das freguesias de Pontinha e Famões,65 - 69 anos,M,1089,73,841,620,84,137,104,0,71,0,19,46,4,2,111608,Odivelas,Grande Lisboa
União das freguesias de Pontinha e Famões,70 - 74 anos,H,917,57,761,578,80,103,55,0,44,0,5,37,1,1,111608,Odivelas,Grande Lisboa
União das freguesias de Pontinha e Famões,70 - 74 anos,M,1075,82,909,734,63,112,46,0,38,0,8,28,1,1,111608,Odivelas,Grande Lisboa
União das freguesias de Pontinha e Famões,75 ou mais anos,H,1459,147,1199,982,98,119,74,0,39,0,11,25,2,1,111608,Odivelas,Grande Lisboa
União das freguesias de Pontinha e Famões,75 ou mais anos,M,2061,446,1521,1324,72,125,47,0,47,0,24,20,1,2,111608,Odivelas,Grande Lisboa
União das freguesias de Póvoa de Santo Adrião e Olival Basto,Total,H,8725,1173,4131,1593,870,1668,2093,133,1195,20,91,807,253,24,111609,Odivelas,Grande Lisboa
União das freguesias de Póvoa de Santo Adrião e Olival Basto,Total,M,10081,1333,4589,2167,833,1589,2312,63,1784,8,141,1245,371,19,111609,Odivelas,Grande Lisboa
União das freguesias de Póvoa de Santo Adrião e Olival Basto,Menos de 15 anos,H,1287,890,397,167,197,33,0,0,0,0,0,0,0,0,111609,Odivelas,Grande Lisboa
União das freguesias de Póvoa de Santo Adrião e Olival Basto,Menos de 15 anos,M,1216,763,453,208,203,42,0,0,0,0,0,0,0,0,111609,Odivelas,Grande Lisboa
União das freguesias de Póvoa de Santo Adrião e Olival Basto,15 - 19 anos,H,401,8,245,2,46,197,147,1,0,0,0,0,0,0,111609,Odivelas,Grande Lisboa
União das freguesias de Póvoa de Santo Adrião e Olival Basto,15 - 19 anos,M,441,5,270,1,32,237,165,0,1,1,0,0,0,0,111609,Odivelas,Grande Lisboa
União das freguesias de Póvoa de Santo Adrião e Olival Basto,20 - 24 anos,H,522,8,133,8,14,111,296,16,69,5,0,55,9,0,111609,Odivelas,Grande Lisboa
União das freguesias de Póvoa de Santo Adrião e Olival Basto,20 - 24 anos,M,517,5,88,3,12,73,306,8,110,2,0,89,19,0,111609,Odivelas,Grande Lisboa
União das freguesias de Póvoa de Santo Adrião e Olival Basto,25 - 29 anos,H,602,21,124,11,15,98,258,26,173,7,0,115,50,1,111609,Odivelas,Grande Lisboa
União das freguesias de Póvoa de Santo Adrião e Olival Basto,25 - 29 anos,M,609,19,81,5,9,67,238,7,264,2,0,177,85,0,111609,Odivelas,Grande Lisboa
União das freguesias de Póvoa de Santo Adrião e Olival Basto,30 - 34 anos,H,648,19,179,19,31,129,204,27,219,3,1,140,71,4,111609,Odivelas,Grande Lisboa
União das freguesias de Póvoa de Santo Adrião e Olival Basto,30 - 34 anos,M,689,33,140,13,26,101,209,11,296,2,5,178,109,2,111609,Odivelas,Grande Lisboa
União das freguesias de Póvoa de Santo Adrião e Olival Basto,35 - 39 anos,H,642,25,181,22,36,123,228,20,188,3,15,127,41,2,111609,Odivelas,Grande Lisboa
União das freguesias de Póvoa de Santo Adrião e Olival Basto,35 - 39 anos,M,633,37,113,12,22,79,221,11,251,1,23,166,57,4,111609,Odivelas,Grande Lisboa
União das freguesias de Póvoa de Santo Adrião e Olival Basto,40 - 44 anos,H,615,20,243,22,57,164,201,13,138,2,14,92,27,3,111609,Odivelas,Grande Lisboa
União das freguesias de Póvoa de Santo Adrião e Olival Basto,40 - 44 anos,M,703,24,199,30,41,128,239,10,231,0,16,179,35,1,111609,Odivelas,Grande Lisboa
União das freguesias de Póvoa de Santo Adrião e Olival Basto,45 - 49 anos,H,613,18,280,39,82,159,188,21,106,0,7,81,14,4,111609,Odivelas,Grande Lisboa
União das freguesias de Póvoa de Santo Adrião e Olival Basto,45 - 49 anos,M,640,26,230,47,52,131,211,10,163,0,15,129,14,5,111609,Odivelas,Grande Lisboa
União das freguesias de Póvoa de Santo Adrião e Olival Basto,50 - 54 anos,H,482,15,267,52,73,142,142,8,50,0,7,32,11,0,111609,Odivelas,Grande Lisboa
União das freguesias de Póvoa de Santo Adrião e Olival Basto,50 - 54 anos,M,596,26,274,78,77,119,167,4,125,0,8,97,19,1,111609,Odivelas,Grande Lisboa
União das freguesias de Póvoa de Santo Adrião e Olival Basto,55 - 59 anos,H,491,13,292,98,85,109,119,1,66,0,9,45,10,2,111609,Odivelas,Grande Lisboa
União das freguesias de Póvoa de Santo Adrião e Olival Basto,55 - 59 anos,M,582,28,322,129,75,118,143,2,87,0,13,58,14,2,111609,Odivelas,Grande Lisboa
União das freguesias de Póvoa de Santo Adrião e Olival Basto,60 - 64 anos,H,483,27,289,130,71,88,111,0,56,0,7,34,11,4,111609,Odivelas,Grande Lisboa
União das freguesias de Póvoa de Santo Adrião e Olival Basto,60 - 64 anos,M,659,34,387,179,82,126,160,0,78,0,9,54,12,3,111609,Odivelas,Grande Lisboa
União das freguesias de Póvoa de Santo Adrião e Olival Basto,65 - 69 anos,H,458,17,310,186,53,71,73,0,58,0,14,39,4,1,111609,Odivelas,Grande Lisboa
União das freguesias de Póvoa de Santo Adrião e Olival Basto,65 - 69 anos,M,741,50,487,305,60,122,126,0,78,0,13,60,5,0,111609,Odivelas,Grande Lisboa
União das freguesias de Póvoa de Santo Adrião e Olival Basto,70 - 74 anos,H,552,24,446,296,48,102,48,0,34,0,8,23,1,2,111609,Odivelas,Grande Lisboa
União das freguesias de Póvoa de Santo Adrião e Olival Basto,70 - 74 anos,M,755,51,587,381,74,132,67,0,50,0,15,32,2,1,111609,Odivelas,Grande Lisboa
União das freguesias de Póvoa de Santo Adrião e Olival Basto,75 ou mais anos,H,929,68,745,541,62,142,78,0,38,0,9,24,4,1,111609,Odivelas,Grande Lisboa
União das freguesias de Póvoa de Santo Adrião e Olival Basto,75 ou mais anos,M,1300,232,958,776,68,114,60,0,50,0,24,26,0,0,111609,Odivelas,Grande Lisboa
União das freguesias de Ramada e Caneças,Total,H,16376,2120,7178,2679,1705,2794,3946,247,2885,34,183,1988,611,69,111610,Odivelas,Grande Lisboa
União das freguesias de Ramada e Caneças,Total,M,18155,2445,7133,3195,1496,2442,3952,194,4431,16,227,3209,913,66,111610,Odivelas,Grande Lisboa
União das freguesias de Ramada e Caneças,Menos de 15 anos,H,2864,1837,1027,458,509,60,0,0,0,0,0,0,0,0,111610,Odivelas,Grande Lisboa
União das freguesias de Ramada e Caneças,Menos de 15 anos,M,2777,1750,1027,425,510,92,0,0,0,0,0,0,0,0,111610,Odivelas,Grande Lisboa
União das freguesias de Ramada e Caneças,15 - 19 anos,H,933,5,621,1,77,543,307,0,0,0,0,0,0,0,111610,Odivelas,Grande Lisboa
União das freguesias de Ramada e Caneças,15 - 19 anos,M,951,11,590,2,53,535,349,1,0,0,0,0,0,0,111610,Odivelas,Grande Lisboa
União das freguesias de Ramada e Caneças,20 - 24 anos,H,914,12,165,4,20,141,525,26,186,10,0,144,32,0,111610,Odivelas,Grande Lisboa
União das freguesias de Ramada e Caneças,20 - 24 anos,M,915,8,96,3,18,75,498,18,295,5,0,245,44,1,111610,Odivelas,Grande Lisboa
União das freguesias de Ramada e Caneças,25 - 29 anos,H,817,6,147,2,23,122,348,33,283,10,0,176,96,1,111610,Odivelas,Grande Lisboa
União das freguesias de Ramada e Caneças,25 - 29 anos,M,858,13,102,3,11,88,269,24,450,6,0,261,181,2,111610,Odivelas,Grande Lisboa
União das freguesias de Ramada e Caneças,30 - 34 anos,H,978,10,213,13,40,160,344,31,380,6,2,228,136,8,111610,Odivelas,Grande Lisboa
União das freguesias de Ramada e Caneças,30 - 34 anos,M,1139,22,148,7,24,117,339,29,601,2,4,363,225,7,111610,Odivelas,Grande Lisboa
União das freguesias de Ramada e Caneças,35 - 39 anos,H,1293,7,289,15,51,223,433,51,513,7,17,355,126,8,111610,Odivelas,Grande Lisboa
União das freguesias de Ramada e Caneças,35 - 39 anos,M,1357,14,188,11,32,145,355,32,768,2,12,555,182,17,111610,Odivelas,Grande Lisboa
União das freguesias de Ramada e Caneças,40 - 44 anos,H,1414,11,394,26,93,275,467,45,497,1,35,366,83,12,111610,Odivelas,Grande Lisboa
União das freguesias de Ramada e Caneças,40 - 44 anos,M,1569,22,242,18,40,184,471,30,804,1,32,641,114,16,111610,Odivelas,Grande Lisboa
União das freguesias de Ramada e Caneças,45 - 49 anos,H,1364,19,474,44,146,284,454,38,379,0,35,287,52,5,111610,Odivelas,Grande Lisboa
União das freguesias de Ramada e Caneças,45 - 49 anos,M,1548,34,373,50,104,219,489,36,616,0,46,503,62,5,111610,Odivelas,Grande Lisboa
União das freguesias de Ramada e Caneças,50 - 54 anos,H,1154,16,528,85,200,243,371,21,218,0,25,146,39,8,111610,Odivelas,Grande Lisboa
União das freguesias de Ramada e Caneças,50 - 54 anos,M,1169,17,418,87,147,184,372,19,343,0,24,261,47,11,111610,Odivelas,Grande Lisboa
União das freguesias de Ramada e Caneças,55 - 59 anos,H,902,22,515,161,157,197,236,2,127,0,12,87,21,7,111610,Odivelas,Grande Lisboa
União das freguesias de Ramada e Caneças,55 - 59 anos,M,1140,33,570,184,157,229,325,5,207,0,26,148,32,1,111610,Odivelas,Grande Lisboa
União das freguesias de Ramada e Caneças,60 - 64 anos,H,918,22,570,256,133,181,210,0,116,0,12,75,21,8,111610,Odivelas,Grande Lisboa
União das freguesias de Ramada e Caneças,60 - 64 anos,M,1036,34,632,295,142,195,252,0,118,0,10,93,12,3,111610,Odivelas,Grande Lisboa
União das freguesias de Ramada e Caneças,65 - 69 anos,H,836,29,612,402,88,122,116,0,79,0,16,53,4,6,111610,Odivelas,Grande Lisboa
União das freguesias de Ramada e Caneças,65 - 69 anos,M,989,53,723,490,89,144,115,0,98,0,21,70,6,1,111610,Odivelas,Grande Lisboa
União das freguesias de Ramada e Caneças,70 - 74 anos,H,781,32,626,443,70,113,72,0,51,0,12,35,1,3,111610,Odivelas,Grande Lisboa
União das freguesias de Ramada e Caneças,70 - 74 anos,M,921,61,751,552,73,126,54,0,55,0,13,38,4,0,111610,Odivelas,Grande Lisboa
União das freguesias de Ramada e Caneças,75 ou mais anos,H,1208,92,997,769,98,130,63,0,56,0,17,36,0,3,111610,Odivelas,Grande Lisboa
União das freguesias de Ramada e Caneças,75 ou mais anos,M,1786,373,1273,1068,96,109,64,0,76,0,39,31,4,2,111610,Odivelas,Grande Lisboa
Oeiras,Total,H,79581,9056,27023,8554,6321,12148,18480,1069,23953,173,1966,15432,5384,998,1110,Oeiras,Grande Lisboa
Oeiras,Total,M,92077,10409,30472,12327,5903,12242,18681,738,31777,62,2660,21108,6859,1088,1110,Oeiras,Grande Lisboa
Oeiras,Menos de 15 anos,H,12577,7599,4978,2021,2619,338,0,0,0,0,0,0,0,0,1110,Oeiras,Grande Lisboa
Oeiras,Menos de 15 anos,M,11740,7225,4515,1844,2340,331,0,0,0,0,0,0,0,0,1110,Oeiras,Grande Lisboa
Oeiras,15 - 19 anos,H,4721,27,3088,20,354,2714,1597,2,7,7,0,0,0,0,1110,Oeiras,Grande Lisboa
Oeiras,15 - 19 anos,M,4488,16,2812,15,235,2562,1651,6,3,3,0,0,0,0,1110,Oeiras,Grande Lisboa
Oeiras,20 - 24 anos,H,4446,20,605,15,96,494,2533,92,1196,44,0,947,203,2,1110,Oeiras,Grande Lisboa
Oeiras,20 - 24 anos,M,4209,28,382,13,40,329,2127,78,1594,15,0,1276,302,1,1110,Oeiras,Grande Lisboa
Oeiras,25 - 29 anos,H,4351,66,622,27,115,480,1445,165,2053,41,0,1143,849,20,1110,Oeiras,Grande Lisboa
Oeiras,25 - 29 anos,M,4340,66,401,20,58,323,1096,102,2675,22,0,1396,1246,11,1110,Oeiras,Grande Lisboa
Oeiras,30 - 34 anos,H,4528,76,703,45,153,505,1321,159,2269,30,24,1156,1004,55,1110,Oeiras,Grande Lisboa
Oeiras,30 - 34 anos,M,4698,109,452,31,70,351,1080,105,2952,6,23,1487,1366,70,1110,Oeiras,Grande Lisboa
Oeiras,35 - 39 anos,H,4996,84,935,53,187,695,1351,163,2463,40,143,1452,738,90,1110,Oeiras,Grande Lisboa
Oeiras,35 - 39 anos,M,5531,119,670,51,115,504,1119,106,3517,12,141,2229,1017,118,1110,Oeiras,Grande Lisboa
Oeiras,40 - 44 anos,H,6100,89,1092,84,235,773,1689,192,3038,11,173,2161,600,93,1110,Oeiras,Grande Lisboa
Oeiras,40 - 44 anos,M,6969,102,782,77,162,543,1574,121,4390,4,208,3233,811,134,1110,Oeiras,Grande Lisboa
Oeiras,45 - 49 anos,H,6586,84,1293,158,320,815,1829,167,3213,0,280,2268,562,103,1110,Oeiras,Grande Lisboa
Oeiras,45 - 49 anos,M,7745,120,1038,162,276,600,1786,113,4688,0,290,3545,681,172,1110,Oeiras,Grande Lisboa
Oeiras,50 - 54 anos,H,5342,85,1332,221,414,697,1518,113,2294,0,247,1487,439,121,1110,Oeiras,Grande Lisboa
Oeiras,50 - 54 anos,M,6418,169,1287,265,395,627,1697,95,3170,0,333,2187,495,155,1110,Oeiras,Grande Lisboa
Oeiras,55 - 59 anos,H,4688,90,1483,347,385,751,1382,16,1717,0,186,1073,330,128,1110,Oeiras,Grande Lisboa
Oeiras,55 - 59 anos,M,5955,168,1696,555,374,767,1639,12,2440,0,282,1657,364,137,1110,Oeiras,Grande Lisboa
Oeiras,60 - 64 anos,H,4380,133,1587,580,336,671,1189,0,1471,0,213,915,235,108,1110,Oeiras,Grande Lisboa
Oeiras,60 - 64 anos,M,5602,213,1996,806,385,805,1533,0,1860,0,278,1228,251,103,1110,Oeiras,Grande Lisboa
Oeiras,65 - 69 anos,H,4214,157,1841,986,268,587,966,0,1250,0,181,810,167,92,1110,Oeiras,Grande Lisboa
Oeiras,65 - 69 anos,M,5952,323,2762,1429,329,1004,1304,0,1563,0,296,1050,151,66,1110,Oeiras,Grande Lisboa
Oeiras,70 - 74 anos,H,4622,161,2561,1262,317,982,695,0,1205,0,200,814,121,70,1110,Oeiras,Grande Lisboa
Oeiras,70 - 74 anos,M,6216,284,3679,1874,376,1429,926,0,1327,0,311,850,106,60,1110,Oeiras,Grande Lisboa
Oeiras,75 ou mais anos,H,8030,385,4903,2735,522,1646,965,0,1777,0,319,1206,136,116,1110,Oeiras,Grande Lisboa
Oeiras,75 ou mais anos,M,12214,1467,8000,5185,748,2067,1149,0,1598,0,498,970,69,61,1110,Oeiras,Grande Lisboa
Barcarena,Total,H,6978,849,2724,904,658,1162,1716,107,1582,10,119,1044,360,49,111002,Oeiras,Grande Lisboa
Barcarena,Total,M,7473,909,2721,1167,576,978,1570,57,2216,2,169,1539,450,56,111002,Oeiras,Grande Lisboa
Barcarena,Menos de 15 anos,H,1192,724,468,166,267,35,0,0,0,0,0,0,0,0,111002,Oeiras,Grande Lisboa
Barcarena,Menos de 15 anos,M,1109,666,443,179,229,35,0,0,0,0,0,0,0,0,111002,Oeiras,Grande Lisboa
Barcarena,15 - 19 anos,H,421,2,282,3,40,239,136,0,1,1,0,0,0,0,111002,Oeiras,Grande Lisboa
Barcarena,15 - 19 anos,M,388,0,257,2,20,235,130,0,1,1,0,0,0,0,111002,Oeiras,Grande Lisboa
Barcarena,20 - 24 anos,H,405,0,50,0,5,45,247,11,97,3,0,72,22,0,111002,Oeiras,Grande Lisboa
Barcarena,20 - 24 anos,M,350,3,31,2,2,27,180,12,124,1,0,97,26,0,111002,Oeiras,Grande Lisboa
Barcarena,25 - 29 anos,H,362,6,54,3,7,44,144,12,146,3,0,86,56,1,111002,Oeiras,Grande Lisboa
Barcarena,25 - 29 anos,M,320,5,35,2,4,29,82,7,191,0,0,116,75,0,111002,Oeiras,Grande Lisboa
Barcarena,30 - 34 anos,H,365,10,62,4,12,46,125,20,148,1,0,79,67,1,111002,Oeiras,Grande Lisboa
Barcarena,30 - 34 anos,M,384,9,34,4,7,23,108,5,228,0,2,128,91,7,111002,Oeiras,Grande Lisboa
Barcarena,35 - 39 anos,H,445,7,96,3,9,84,137,14,191,2,9,119,61,0,111002,Oeiras,Grande Lisboa
Barcarena,35 - 39 anos,M,494,3,52,4,5,43,115,7,317,0,11,217,83,6,111002,Oeiras,Grande Lisboa
Barcarena,40 - 44 anos,H,628,9,119,7,27,85,213,22,265,0,8,208,44,5,111002,Oeiras,Grande Lisboa
Barcarena,40 - 44 anos,M,660,8,83,7,17,59,185,7,377,0,12,297,59,9,111002,Oeiras,Grande Lisboa
Barcarena,45 - 49 anos,H,626,7,162,15,38,109,212,17,228,0,18,171,33,6,111002,Oeiras,Grande Lisboa
Barcarena,45 - 49 anos,M,727,11,121,12,41,68,222,12,361,0,23,287,41,10,111002,Oeiras,Grande Lisboa
Barcarena,50 - 54 anos,H,501,10,180,32,58,90,149,10,152,0,20,90,31,11,111002,Oeiras,Grande Lisboa
Barcarena,50 - 54 anos,M,562,11,156,27,50,79,170,6,219,0,29,147,34,9,111002,Oeiras,Grande Lisboa
Barcarena,55 - 59 anos,H,434,10,188,46,56,86,114,1,121,0,15,71,24,11,111002,Oeiras,Grande Lisboa
Barcarena,55 - 59 anos,M,475,14,177,59,49,69,141,1,142,0,21,97,16,8,111002,Oeiras,Grande Lisboa
Barcarena,60 - 64 anos,H,381,11,191,72,41,78,97,0,82,0,15,53,10,4,111002,Oeiras,Grande Lisboa
Barcarena,60 - 64 anos,M,434,10,218,90,41,87,112,0,94,0,17,61,13,3,111002,Oeiras,Grande Lisboa
Barcarena,65 - 69 anos,H,351,5,221,135,26,60,71,0,54,0,13,30,6,5,111002,Oeiras,Grande Lisboa
Barcarena,65 - 69 anos,M,419,19,271,168,44,59,59,0,70,0,15,46,8,1,111002,Oeiras,Grande Lisboa
Barcarena,70 - 74 anos,H,355,15,256,158,24,74,35,0,49,0,9,33,5,2,111002,Oeiras,Grande Lisboa
Barcarena,70 - 74 anos,M,415,18,317,199,28,90,30,0,50,0,24,21,2,3,111002,Oeiras,Grande Lisboa
Barcarena,75 ou mais anos,H,512,33,395,260,48,87,36,0,48,0,12,32,1,3,111002,Oeiras,Grande Lisboa
Barcarena,75 ou mais anos,M,736,132,526,412,39,75,36,0,42,0,15,25,2,0,111002,Oeiras,Grande Lisboa
Porto Salvo,Total,H,7173,938,3121,1053,797,1271,1638,113,1363,15,120,895,284,49,111009,Oeiras,Grande Lisboa
Porto Salvo,Total,M,7925,1130,3162,1389,598,1175,1702,68,1863,4,116,1318,368,57,111009,Oeiras,Grande Lisboa
Porto Salvo,Menos de 15 anos,H,1205,759,446,179,237,30,0,0,0,0,0,0,0,0,111009,Oeiras,Grande Lisboa
Porto Salvo,Menos de 15 anos,M,1138,715,423,171,224,28,0,0,0,0,0,0,0,0,111009,Oeiras,Grande Lisboa
Porto Salvo,15 - 19 anos,H,465,1,298,1,35,262,163,1,2,2,0,0,0,0,111009,Oeiras,Grande Lisboa
Porto Salvo,15 - 19 anos,M,438,1,276,0,24,252,161,0,0,0,0,0,0,0,111009,Oeiras,Grande Lisboa
Porto Salvo,20 - 24 anos,H,397,2,94,0,16,78,224,10,67,4,0,52,11,0,111009,Oeiras,Grande Lisboa
Porto Salvo,20 - 24 anos,M,397,3,64,2,4,58,217,9,104,2,0,88,14,0,111009,Oeiras,Grande Lisboa
Porto Salvo,25 - 29 anos,H,389,4,101,8,18,75,149,20,115,3,0,76,36,0,111009,Oeiras,Grande Lisboa
Porto Salvo,25 - 29 anos,M,391,4,66,4,10,52,130,8,183,1,0,112,70,0,111009,Oeiras,Grande Lisboa
Porto Salvo,30 - 34 anos,H,454,9,125,5,40,80,142,16,162,3,1,90,67,1,111009,Oeiras,Grande Lisboa
Porto Salvo,30 - 34 anos,M,465,8,66,4,10,52,139,9,243,0,2,141,94,6,111009,Oeiras,Grande Lisboa
Porto Salvo,35 - 39 anos,H,499,8,148,14,44,90,152,19,172,2,8,106,48,8,111009,Oeiras,Grande Lisboa
Porto Salvo,35 - 39 anos,M,511,8,116,13,20,83,123,11,253,1,3,176,65,8,111009,Oeiras,Grande Lisboa
Porto Salvo,40 - 44 anos,H,519,10,155,9,45,101,146,20,188,1,12,138,32,5,111009,Oeiras,Grande Lisboa
Porto Salvo,40 - 44 anos,M,606,11,120,16,25,79,170,10,295,0,16,221,54,4,111009,Oeiras,Grande Lisboa
Porto Salvo,45 - 49 anos,H,577,10,170,21,58,91,177,17,203,0,20,149,28,6,111009,Oeiras,Grande Lisboa
Porto Salvo,45 - 49 anos,M,634,12,138,26,43,69,174,13,297,0,18,240,27,12,111009,Oeiras,Grande Lisboa
Porto Salvo,50 - 54 anos,H,432,9,157,31,52,74,126,9,131,0,19,78,29,5,111009,Oeiras,Grande Lisboa
Porto Salvo,50 - 54 anos,M,537,20,180,48,57,75,172,7,158,0,16,115,21,6,111009,Oeiras,Grande Lisboa
Porto Salvo,55 - 59 anos,H,369,11,180,45,53,82,95,1,82,0,10,56,9,7,111009,Oeiras,Grande Lisboa
Porto Salvo,55 - 59 anos,M,511,24,226,82,51,93,141,1,119,0,12,87,12,8,111009,Oeiras,Grande Lisboa
Porto Salvo,60 - 64 anos,H,420,23,222,80,57,85,102,0,73,0,10,46,12,5,111009,Oeiras,Grande Lisboa
Porto Salvo,60 - 64 anos,M,498,36,270,134,45,91,110,0,82,0,9,62,5,6,111009,Oeiras,Grande Lisboa
Porto Salvo,65 - 69 anos,H,456,25,276,162,46,68,85,0,70,0,17,39,8,6,111009,Oeiras,Grande Lisboa
Porto Salvo,65 - 69 anos,M,498,57,291,188,24,79,90,0,60,0,14,39,3,4,111009,Oeiras,Grande Lisboa
Porto Salvo,70 - 74 anos,H,394,20,283,176,40,67,44,0,47,0,12,28,3,4,111009,Oeiras,Grande Lisboa
Porto Salvo,70 - 74 anos,M,448,30,334,223,27,84,46,0,38,0,10,25,2,1,111009,Oeiras,Grande Lisboa
Porto Salvo,75 ou mais anos,H,597,47,466,322,56,88,33,0,51,0,11,37,1,2,111009,Oeiras,Grande Lisboa
Porto Salvo,75 ou mais anos,M,853,201,592,478,34,80,29,0,31,0,16,12,1,2,111009,Oeiras,Grande Lisboa
"""União das freguesias de Algés, Linda-a-Velha e Cruz Quebrada-Dafundo""",Total,H,22066,2329,6895,2135,1588,3172,4947,262,7633,58,574,4874,1805,322,111012,Oeiras,Grande Lisboa
"""União das freguesias de Algés, Linda-a-Velha e Cruz Quebrada-Dafundo""",Total,M,25870,2712,8158,3366,1500,3292,4993,208,9799,20,807,6314,2308,350,111012,Oeiras,Grande Lisboa
"""União das freguesias de Algés, Linda-a-Velha e Cruz Quebrada-Dafundo""",Menos de 15 anos,H,3333,2019,1314,521,702,91,0,0,0,0,0,0,0,0,111012,Oeiras,Grande Lisboa
"""União das freguesias de Algés, Linda-a-Velha e Cruz Quebrada-Dafundo""",Menos de 15 anos,M,3164,1961,1203,525,593,85,0,0,0,0,0,0,0,0,111012,Oeiras,Grande Lisboa
"""União das freguesias de Algés, Linda-a-Velha e Cruz Quebrada-Dafundo""",15 - 19 anos,H,1285,5,845,2,93,750,432,1,2,2,0,0,0,0,111012,Oeiras,Grande Lisboa
"""União das freguesias de Algés, Linda-a-Velha e Cruz Quebrada-Dafundo""",15 - 19 anos,M,1214,5,743,1,63,679,464,0,2,2,0,0,0,0,111012,Oeiras,Grande Lisboa
"""União das freguesias de Algés, Linda-a-Velha e Cruz Quebrada-Dafundo""",20 - 24 anos,H,1206,3,150,3,20,127,676,15,362,12,0,301,49,0,111012,Oeiras,Grande Lisboa
"""União das freguesias de Algés, Linda-a-Velha e Cruz Quebrada-Dafundo""",20 - 24 anos,M,1146,7,68,2,7,59,593,20,458,5,0,353,100,0,111012,Oeiras,Grande Lisboa
"""União das freguesias de Algés, Linda-a-Velha e Cruz Quebrada-Dafundo""",25 - 29 anos,H,1254,12,107,3,17,87,376,37,722,13,0,391,311,7,111012,Oeiras,Grande Lisboa
"""União das freguesias de Algés, Linda-a-Velha e Cruz Quebrada-Dafundo""",25 - 29 anos,M,1307,18,86,4,12,70,289,32,882,8,0,407,460,7,111012,Oeiras,Grande Lisboa
"""União das freguesias de Algés, Linda-a-Velha e Cruz Quebrada-Dafundo""",30 - 34 anos,H,1268,19,133,9,14,110,354,39,723,11,9,355,331,17,111012,Oeiras,Grande Lisboa
"""União das freguesias de Algés, Linda-a-Velha e Cruz Quebrada-Dafundo""",30 - 34 anos,M,1357,31,103,6,17,80,267,34,922,3,10,415,473,21,111012,Oeiras,Grande Lisboa
"""União das freguesias de Algés, Linda-a-Velha e Cruz Quebrada-Dafundo""",35 - 39 anos,H,1436,25,200,7,36,157,373,46,792,16,34,452,259,31,111012,Oeiras,Grande Lisboa
"""União das freguesias de Algés, Linda-a-Velha e Cruz Quebrada-Dafundo""",35 - 39 anos,M,1507,37,121,7,17,97,280,24,1045,2,41,621,345,36,111012,Oeiras,Grande Lisboa
"""União das freguesias de Algés, Linda-a-Velha e Cruz Quebrada-Dafundo""",40 - 44 anos,H,1610,22,217,20,39,158,446,42,883,4,52,618,178,31,111012,Oeiras,Grande Lisboa
"""União das freguesias de Algés, Linda-a-Velha e Cruz Quebrada-Dafundo""",40 - 44 anos,M,1908,32,185,11,40,134,389,36,1266,0,55,930,238,43,111012,Oeiras,Grande Lisboa
"""União das freguesias de Algés, Linda-a-Velha e Cruz Quebrada-Dafundo""",45 - 49 anos,H,1851,20,316,32,79,205,494,46,975,0,88,680,174,33,111012,Oeiras,Grande Lisboa
"""União das freguesias de Algés, Linda-a-Velha e Cruz Quebrada-Dafundo""",45 - 49 anos,M,2121,33,217,28,55,134,448,33,1390,0,74,1043,218,55,111012,Oeiras,Grande Lisboa
"""União das freguesias de Algés, Linda-a-Velha e Cruz Quebrada-Dafundo""",50 - 54 anos,H,1486,17,315,37,105,173,396,33,725,0,69,475,140,41,111012,Oeiras,Grande Lisboa
"""União das freguesias de Algés, Linda-a-Velha e Cruz Quebrada-Dafundo""",50 - 54 anos,M,1749,42,293,53,86,154,441,27,946,0,92,662,147,45,111012,Oeiras,Grande Lisboa
"""União das freguesias de Algés, Linda-a-Velha e Cruz Quebrada-Dafundo""",55 - 59 anos,H,1192,17,329,61,86,182,345,3,498,0,45,314,106,33,111012,Oeiras,Grande Lisboa
"""União das freguesias de Algés, Linda-a-Velha e Cruz Quebrada-Dafundo""",55 - 59 anos,M,1564,31,384,114,71,199,398,2,749,0,89,503,116,41,111012,Oeiras,Grande Lisboa
"""União das freguesias de Algés, Linda-a-Velha e Cruz Quebrada-Dafundo""",60 - 64 anos,H,1122,21,323,75,69,179,303,0,475,0,66,282,89,38,111012,Oeiras,Grande Lisboa
"""União das freguesias de Algés, Linda-a-Velha e Cruz Quebrada-Dafundo""",60 - 64 anos,M,1544,35,454,152,84,218,423,0,632,0,83,417,95,37,111012,Oeiras,Grande Lisboa
"""União das freguesias de Algés, Linda-a-Velha e Cruz Quebrada-Dafundo""",65 - 69 anos,H,1128,28,410,195,61,154,249,0,441,0,47,286,72,36,111012,Oeiras,Grande Lisboa
"""União das freguesias de Algés, Linda-a-Velha e Cruz Quebrada-Dafundo""",65 - 69 anos,M,1607,57,697,319,93,285,358,0,495,0,99,323,49,24,111012,Oeiras,Grande Lisboa
"""União das freguesias de Algés, Linda-a-Velha e Cruz Quebrada-Dafundo""",70 - 74 anos,H,1336,29,676,309,94,273,198,0,433,0,69,289,48,27,111012,Oeiras,Grande Lisboa
"""União das freguesias de Algés, Linda-a-Velha e Cruz Quebrada-Dafundo""",70 - 74 anos,M,1840,52,1051,503,125,423,280,0,457,0,102,297,39,19,111012,Oeiras,Grande Lisboa
"""União das freguesias de Algés, Linda-a-Velha e Cruz Quebrada-Dafundo""",75 ou mais anos,H,2559,92,1560,861,173,526,305,0,602,0,95,431,48,28,111012,Oeiras,Grande Lisboa
"""União das freguesias de Algés, Linda-a-Velha e Cruz Quebrada-Dafundo""",75 ou mais anos,M,3842,371,2553,1641,237,675,363,0,555,0,162,343,28,22,111012,Oeiras,Grande Lisboa
União das freguesias de Carnaxide e Queijas,Total,H,16758,2106,5957,2008,1404,2545,3859,227,4609,38,391,3048,986,146,111013,Oeiras,Grande Lisboa
União das freguesias de Carnaxide e Queijas,Total,M,19321,2423,6677,2715,1404,2558,3783,170,6268,17,470,4339,1287,155,111013,Oeiras,Grande Lisboa
União das freguesias de Carnaxide e Queijas,Menos de 15 anos,H,2996,1790,1206,502,632,72,0,0,0,0,0,0,0,0,111013,Oeiras,Grande Lisboa
União das freguesias de Carnaxide e Queijas,Menos de 15 anos,M,2754,1670,1084,425,587,72,0,0,0,0,0,0,0,0,111013,Oeiras,Grande Lisboa
União das freguesias de Carnaxide e Queijas,15 - 19 anos,H,1019,7,686,5,80,601,326,0,0,0,0,0,0,0,111013,Oeiras,Grande Lisboa
União das freguesias de Carnaxide e Queijas,15 - 19 anos,M,991,0,643,9,54,580,344,4,0,0,0,0,0,0,111013,Oeiras,Grande Lisboa
União das freguesias de Carnaxide e Queijas,20 - 24 anos,H,972,6,144,8,33,103,542,21,259,14,0,199,44,2,111013,Oeiras,Grande Lisboa
União das freguesias de Carnaxide e Queijas,20 - 24 anos,M,901,4,117,5,17,95,432,14,334,3,0,271,60,0,111013,Oeiras,Grande Lisboa
União das freguesias de Carnaxide e Queijas,25 - 29 anos,H,857,11,165,5,37,123,293,35,353,9,0,189,152,3,111013,Oeiras,Grande Lisboa
União das freguesias de Carnaxide e Queijas,25 - 29 anos,M,854,11,112,8,21,83,218,17,496,5,0,259,231,1,111013,Oeiras,Grande Lisboa
União das freguesias de Carnaxide e Queijas,30 - 34 anos,H,849,6,150,13,35,102,249,22,422,6,2,222,186,6,111013,Oeiras,Grande Lisboa
União das freguesias de Carnaxide e Queijas,30 - 34 anos,M,931,27,114,10,20,84,217,25,548,1,3,280,256,8,111013,Oeiras,Grande Lisboa
União das freguesias de Carnaxide e Queijas,35 - 39 anos,H,977,6,198,10,36,152,278,32,463,7,24,282,137,13,111013,Oeiras,Grande Lisboa
União das freguesias de Carnaxide e Queijas,35 - 39 anos,M,1202,18,193,18,37,138,248,32,711,6,25,479,183,18,111013,Oeiras,Grande Lisboa
União das freguesias de Carnaxide e Queijas,40 - 44 anos,H,1321,16,239,15,50,174,348,48,670,2,31,491,130,16,111013,Oeiras,Grande Lisboa
União das freguesias de Carnaxide e Queijas,40 - 44 anos,M,1565,17,154,20,31,103,362,29,1003,2,36,781,166,18,111013,Oeiras,Grande Lisboa
União das freguesias de Carnaxide e Queijas,45 - 49 anos,H,1510,11,264,40,53,171,434,38,763,0,67,569,113,14,111013,Oeiras,Grande Lisboa
União das freguesias de Carnaxide e Queijas,45 - 49 anos,M,1800,17,254,52,61,141,386,24,1119,0,60,876,154,29,111013,Oeiras,Grande Lisboa
União das freguesias de Carnaxide e Queijas,50 - 54 anos,H,1119,19,302,62,86,154,348,23,427,0,55,276,76,20,111013,Oeiras,Grande Lisboa
União das freguesias de Carnaxide e Queijas,50 - 54 anos,M,1319,30,317,85,102,130,337,22,613,0,71,434,89,19,111013,Oeiras,Grande Lisboa
União das freguesias de Carnaxide e Queijas,55 - 59 anos,H,936,16,333,102,81,150,296,8,283,0,38,179,48,18,111013,Oeiras,Grande Lisboa
União das freguesias de Carnaxide e Queijas,55 - 59 anos,M,1183,39,412,158,91,163,338,3,391,0,49,266,61,15,111013,Oeiras,Grande Lisboa
União das freguesias de Carnaxide e Queijas,60 - 64 anos,H,888,38,363,167,71,125,242,0,245,0,45,143,40,17,111013,Oeiras,Grande Lisboa
União das freguesias de Carnaxide e Queijas,60 - 64 anos,M,1126,54,483,235,94,154,286,0,303,0,45,201,35,22,111013,Oeiras,Grande Lisboa
União das freguesias de Carnaxide e Queijas,65 - 69 anos,H,856,36,430,254,62,114,179,0,211,0,39,137,23,12,111013,Oeiras,Grande Lisboa
União das freguesias de Carnaxide e Queijas,65 - 69 anos,M,1232,87,623,355,70,198,259,0,263,0,44,185,24,10,111013,Oeiras,Grande Lisboa
União das freguesias de Carnaxide e Queijas,70 - 74 anos,H,963,43,555,299,68,188,151,0,214,0,38,154,15,7,111013,Oeiras,Grande Lisboa
União das freguesias de Carnaxide e Queijas,70 - 74 anos,M,1302,96,771,428,73,270,188,0,247,0,56,167,14,10,111013,Oeiras,Grande Lisboa
União das freguesias de Carnaxide e Queijas,75 ou mais anos,H,1495,101,922,526,80,316,173,0,299,0,52,207,22,18,111013,Oeiras,Grande Lisboa
União das freguesias de Carnaxide e Queijas,75 ou mais anos,M,2161,353,1400,907,146,347,168,0,240,0,81,140,14,5,111013,Oeiras,Grande Lisboa
"""União das freguesias de Oeiras e São Julião da Barra, Paço de Arcos e Caxias""",Total,H,26606,2834,8326,2454,1874,3998,6320,360,8766,52,762,5571,1949,432,111014,Oeiras,Grande Lisboa
"""União das freguesias de Oeiras e São Julião da Barra, Paço de Arcos e Caxias""",Total,M,31488,3235,9754,3690,1825,4239,6633,235,11631,19,1098,7598,2446,470,111014,Oeiras,Grande Lisboa
"""União das freguesias de Oeiras e São Julião da Barra, Paço de Arcos e Caxias""",Menos de 15 anos,H,3851,2307,1544,653,781,110,0,0,0,0,0,0,0,0,111014,Oeiras,Grande Lisboa
"""União das freguesias de Oeiras e São Julião da Barra, Paço de Arcos e Caxias""",Menos de 15 anos,M,3575,2213,1362,544,707,111,0,0,0,0,0,0,0,0,111014,Oeiras,Grande Lisboa
"""União das freguesias de Oeiras e São Julião da Barra, Paço de Arcos e Caxias""",15 - 19 anos,H,1531,12,977,9,106,862,540,0,2,2,0,0,0,0,111014,Oeiras,Grande Lisboa
"""União das freguesias de Oeiras e São Julião da Barra, Paço de Arcos e Caxias""",15 - 19 anos,M,1457,10,893,3,74,816,552,2,0,0,0,0,0,0,111014,Oeiras,Grande Lisboa
"""União das freguesias de Oeiras e São Julião da Barra, Paço de Arcos e Caxias""",20 - 24 anos,H,1466,9,167,4,22,141,844,35,411,11,0,323,77,0,111014,Oeiras,Grande Lisboa
"""União das freguesias de Oeiras e São Julião da Barra, Paço de Arcos e Caxias""",20 - 24 anos,M,1415,11,102,2,10,90,705,23,574,4,0,467,102,1,111014,Oeiras,Grande Lisboa
"""União das freguesias de Oeiras e São Julião da Barra, Paço de Arcos e Caxias""",25 - 29 anos,H,1489,33,195,8,36,151,483,61,717,13,0,401,294,9,111014,Oeiras,Grande Lisboa
"""União das freguesias de Oeiras e São Julião da Barra, Paço de Arcos e Caxias""",25 - 29 anos,M,1468,28,102,2,11,89,377,38,923,8,0,502,410,3,111014,Oeiras,Grande Lisboa
"""União das freguesias de Oeiras e São Julião da Barra, Paço de Arcos e Caxias""",30 - 34 anos,H,1592,32,233,14,52,167,451,62,814,9,12,410,353,30,111014,Oeiras,Grande Lisboa
"""União das freguesias de Oeiras e São Julião da Barra, Paço de Arcos e Caxias""",30 - 34 anos,M,1561,34,135,7,16,112,349,32,1011,2,6,523,452,28,111014,Oeiras,Grande Lisboa
"""União das freguesias de Oeiras e São Julião da Barra, Paço de Arcos e Caxias""",35 - 39 anos,H,1639,38,293,19,62,212,411,52,845,13,68,493,233,38,111014,Oeiras,Grande Lisboa
"""União das freguesias de Oeiras e São Julião da Barra, Paço de Arcos e Caxias""",35 - 39 anos,M,1817,53,188,9,36,143,353,32,1191,3,61,736,341,50,111014,Oeiras,Grande Lisboa
"""União das freguesias de Oeiras e São Julião da Barra, Paço de Arcos e Caxias""",40 - 44 anos,H,2022,32,362,33,74,255,536,60,1032,4,70,706,216,36,111014,Oeiras,Grande Lisboa
"""União das freguesias de Oeiras e São Julião da Barra, Paço de Arcos e Caxias""",40 - 44 anos,M,2230,34,240,23,49,168,468,39,1449,2,89,1004,294,60,111014,Oeiras,Grande Lisboa
"""União das freguesias de Oeiras e São Julião da Barra, Paço de Arcos e Caxias""",45 - 49 anos,H,2022,36,381,50,92,239,512,49,1044,0,87,699,214,44,111014,Oeiras,Grande Lisboa
"""União das freguesias de Oeiras e São Julião da Barra, Paço de Arcos e Caxias""",45 - 49 anos,M,2463,47,308,44,76,188,556,31,1521,0,115,1099,241,66,111014,Oeiras,Grande Lisboa
"""União das freguesias de Oeiras e São Julião da Barra, Paço de Arcos e Caxias""",50 - 54 anos,H,1804,30,378,59,113,206,499,38,859,0,84,568,163,44,111014,Oeiras,Grande Lisboa
"""União das freguesias de Oeiras e São Julião da Barra, Paço de Arcos e Caxias""",50 - 54 anos,M,2251,66,341,52,100,189,577,33,1234,0,125,829,204,76,111014,Oeiras,Grande Lisboa
"""União das freguesias de Oeiras e São Julião da Barra, Paço de Arcos e Caxias""",55 - 59 anos,H,1757,36,453,93,109,251,532,3,733,0,78,453,143,59,111014,Oeiras,Grande Lisboa
"""União das freguesias de Oeiras e São Julião da Barra, Paço de Arcos e Caxias""",55 - 59 anos,M,2222,60,497,142,112,243,621,5,1039,0,111,704,159,65,111014,Oeiras,Grande Lisboa
"""União das freguesias de Oeiras e São Julião da Barra, Paço de Arcos e Caxias""",60 - 64 anos,H,1569,40,488,186,98,204,445,0,596,0,77,391,84,44,111014,Oeiras,Grande Lisboa
"""União das freguesias de Oeiras e São Julião da Barra, Paço de Arcos e Caxias""",60 - 64 anos,M,2000,78,571,195,121,255,602,0,749,0,124,487,103,35,111014,Oeiras,Grande Lisboa
"""União das freguesias de Oeiras e São Julião da Barra, Paço de Arcos e Caxias""",65 - 69 anos,H,1423,63,504,240,73,191,382,0,474,0,65,318,58,33,111014,Oeiras,Grande Lisboa
"""União das freguesias de Oeiras e São Julião da Barra, Paço de Arcos e Caxias""",65 - 69 anos,M,2196,103,880,399,98,383,538,0,675,0,124,457,67,27,111014,Oeiras,Grande Lisboa
"""União das freguesias de Oeiras e São Julião da Barra, Paço de Arcos e Caxias""",70 - 74 anos,H,1574,54,791,320,91,380,267,0,462,0,72,310,50,30,111014,Oeiras,Grande Lisboa
"""União das freguesias de Oeiras e São Julião da Barra, Paço de Arcos e Caxias""",70 - 74 anos,M,2211,88,1206,521,123,562,382,0,535,0,119,340,49,27,111014,Oeiras,Grande Lisboa
"""União das freguesias de Oeiras e São Julião da Barra, Paço de Arcos e Caxias""",75 ou mais anos,H,2867,112,1560,766,165,629,418,0,777,0,149,499,64,65,111014,Oeiras,Grande Lisboa
"""União das freguesias de Oeiras e São Julião da Barra, Paço de Arcos e Caxias""",75 ou mais anos,M,4622,410,2929,1747,292,890,553,0,730,0,224,450,24,32,111014,Oeiras,Grande Lisboa
Sintra,Total,H,181792,21953,82295,25436,20090,36769,48833,2966,25745,494,2242,17197,5140,672,1111,Sintra,Grande Lisboa
Sintra,Total,M,203814,25687,84087,33174,17722,33191,52413,2412,39215,208,2989,28123,7223,672,1111,Sintra,Grande Lisboa
Sintra,Menos de 15 anos,H,28890,17720,11170,4679,5667,824,0,0,0,0,0,0,0,0,1111,Sintra,Grande Lisboa
Sintra,Menos de 15 anos,M,28013,17139,10874,4359,5638,877,0,0,0,0,0,0,0,0,1111,Sintra,Grande Lisboa
Sintra,15 - 19 anos,H,11337,93,7506,44,1015,6447,3705,15,18,18,0,0,0,0,1111,Sintra,Grande Lisboa
Sintra,15 - 19 anos,M,11086,101,6760,39,728,5993,4210,6,9,9,0,0,0,0,1111,Sintra,Grande Lisboa
Sintra,20 - 24 anos,H,12124,152,2374,48,334,1992,7155,299,2144,145,0,1684,310,5,1111,Sintra,Grande Lisboa
Sintra,20 - 24 anos,M,12076,149,1522,30,159,1333,6950,226,3229,65,0,2716,444,4,1111,Sintra,Grande Lisboa
Sintra,25 - 29 anos,H,11770,201,2414,83,397,1934,5287,507,3361,133,0,2109,1104,15,1111,Sintra,Grande Lisboa
Sintra,25 - 29 anos,M,12161,219,1762,74,249,1439,4649,361,5170,57,0,3273,1815,25,1111,Sintra,Grande Lisboa
Sintra,30 - 34 anos,H,11487,261,2947,126,555,2266,4558,529,3192,93,30,1974,1049,46,1111,Sintra,Grande Lisboa
Sintra,30 - 34 anos,M,12318,319,2248,104,374,1770,4528,410,4813,45,43,3154,1511,60,1111,Sintra,Grande Lisboa
Sintra,35 - 39 anos,H,11934,253,3958,229,730,2999,4399,463,2861,88,222,1814,673,64,1111,Sintra,Grande Lisboa
Sintra,35 - 39 anos,M,13138,376,3018,199,499,2320,4602,362,4780,23,236,3401,1039,81,1111,Sintra,Grande Lisboa
Sintra,40 - 44 anos,H,13683,280,5038,403,1191,3444,4993,443,2929,17,274,2105,463,70,1111,Sintra,Grande Lisboa
Sintra,40 - 44 anos,M,15553,444,3977,428,810,2739,5597,393,5142,9,299,4049,686,99,1111,Sintra,Grande Lisboa
Sintra,45 - 49 anos,H,14828,242,6167,748,1884,3535,5124,400,2895,0,342,2045,423,85,1111,Sintra,Grande Lisboa
Sintra,45 - 49 anos,M,16897,432,5184,803,1431,2950,6022,352,4907,0,473,3787,555,92,1111,Sintra,Grande Lisboa
Sintra,50 - 54 anos,H,13881,308,6951,1258,2370,3323,4147,258,2217,0,284,1510,346,77,1111,Sintra,Grande Lisboa
Sintra,50 - 54 anos,M,16272,478,6715,1512,2048,3155,5216,268,3595,0,466,2609,433,87,1111,Sintra,Grande Lisboa
Sintra,55 - 59 anos,H,12440,311,6754,1934,1971,2849,3555,52,1768,0,252,1132,290,94,1111,Sintra,Grande Lisboa
Sintra,55 - 59 anos,M,14252,499,6844,2303,1737,2804,4188,34,2687,0,337,1954,326,70,1111,Sintra,Grande Lisboa
Sintra,60 - 64 anos,H,10333,318,5978,2439,1464,2075,2553,0,1484,0,218,976,217,73,1111,Sintra,Grande Lisboa
Sintra,60 - 64 anos,M,12248,555,6739,3021,1394,2324,2993,0,1961,0,286,1391,227,57,1111,Sintra,Grande Lisboa
Sintra,65 - 69 anos,H,8710,375,5651,3293,882,1476,1523,0,1161,0,231,742,129,59,1111,Sintra,Grande Lisboa
Sintra,65 - 69 anos,M,10861,727,7189,4314,944,1931,1722,0,1223,0,270,809,93,51,1111,Sintra,Grande Lisboa
Sintra,70 - 74 anos,H,7743,369,5703,3461,684,1558,879,0,792,0,154,515,77,46,1111,Sintra,Grande Lisboa
Sintra,70 - 74 anos,M,9918,700,7524,5108,684,1732,867,0,827,0,242,512,51,22,1111,Sintra,Grande Lisboa
Sintra,75 ou mais anos,H,12632,1070,9684,6691,946,2047,955,0,923,0,235,591,59,38,1111,Sintra,Grande Lisboa
Sintra,75 ou mais anos,M,19021,3549,13731,10880,1027,1824,869,0,872,0,337,468,43,24,1111,Sintra,Grande Lisboa
Algueirão-Mem Martins,Total,H,32390,3984,14511,4113,3594,6804,9014,575,4306,86,421,2896,784,119,111102,Sintra,Grande Lisboa
Algueirão-Mem Martins,Total,M,36259,4516,14779,5414,3215,6150,9708,480,6776,37,572,4949,1110,108,111102,Sintra,Grande Lisboa
Algueirão-Mem Martins,Menos de 15 anos,H,5278,3209,2069,846,1096,127,0,0,0,0,0,0,0,0,111102,Sintra,Grande Lisboa
Algueirão-Mem Martins,Menos de 15 anos,M,5227,3165,2062,813,1084,165,0,0,0,0,0,0,0,0,111102,Sintra,Grande Lisboa
Algueirão-Mem Martins,15 - 19 anos,H,2084,24,1358,11,171,1176,696,5,1,1,0,0,0,0,111102,Sintra,Grande Lisboa
Algueirão-Mem Martins,15 - 19 anos,M,2013,9,1282,6,138,1138,719,0,3,3,0,0,0,0,111102,Sintra,Grande Lisboa
Algueirão-Mem Martins,20 - 24 anos,H,2138,31,444,9,52,383,1266,55,342,30,0,258,52,2,111102,Sintra,Grande Lisboa
Algueirão-Mem Martins,20 - 24 anos,M,2129,37,277,3,32,242,1256,41,518,12,0,428,78,0,111102,Sintra,Grande Lisboa
Algueirão-Mem Martins,25 - 29 anos,H,2080,37,457,10,64,383,969,97,520,18,0,329,169,4,111102,Sintra,Grande Lisboa
Algueirão-Mem Martins,25 - 29 anos,M,2162,37,301,13,44,244,848,75,901,12,0,599,282,8,111102,Sintra,Grande Lisboa
Algueirão-Mem Martins,30 - 34 anos,H,2066,63,527,16,83,428,823,106,547,16,10,352,161,8,111102,Sintra,Grande Lisboa
Algueirão-Mem Martins,30 - 34 anos,M,2236,62,379,15,58,306,867,88,840,6,11,593,223,7,111102,Sintra,Grande Lisboa
Algueirão-Mem Martins,35 - 39 anos,H,2248,56,764,42,129,593,835,89,504,19,43,323,104,15,111102,Sintra,Grande Lisboa
Algueirão-Mem Martins,35 - 39 anos,M,2394,72,565,29,80,456,865,66,826,3,38,613,158,14,111102,Sintra,Grande Lisboa
Algueirão-Mem Martins,40 - 44 anos,H,2540,64,949,64,225,660,918,96,513,2,51,387,62,11,111102,Sintra,Grande Lisboa
Algueirão-Mem Martins,40 - 44 anos,M,2904,77,752,82,137,533,1097,79,899,1,59,732,90,17,111102,Sintra,Grande Lisboa
Algueirão-Mem Martins,45 - 49 anos,H,2776,49,1120,125,342,653,1023,78,506,0,62,366,62,16,111102,Sintra,Grande Lisboa
Algueirão-Mem Martins,45 - 49 anos,M,3169,77,961,141,265,555,1163,68,900,0,99,689,94,18,111102,Sintra,Grande Lisboa
Algueirão-Mem Martins,50 - 54 anos,H,2531,58,1269,227,397,645,789,38,377,0,57,249,51,20,111102,Sintra,Grande Lisboa
Algueirão-Mem Martins,50 - 54 anos,M,2912,78,1200,246,352,602,971,60,603,0,71,449,71,12,111102,Sintra,Grande Lisboa
Algueirão-Mem Martins,55 - 59 anos,H,2215,52,1197,335,325,537,662,11,293,0,40,189,51,13,111102,Sintra,Grande Lisboa
Algueirão-Mem Martins,55 - 59 anos,M,2457,93,1196,360,303,533,740,3,425,0,63,302,51,9,111102,Sintra,Grande Lisboa
Algueirão-Mem Martins,60 - 64 anos,H,1738,59,1008,404,254,350,436,0,235,0,39,157,30,9,111102,Sintra,Grande Lisboa
Algueirão-Mem Martins,60 - 64 anos,M,2067,99,1122,474,250,398,518,0,328,0,51,242,28,7,111102,Sintra,Grande Lisboa
Algueirão-Mem Martins,65 - 69 anos,H,1413,73,900,527,144,229,268,0,172,0,34,115,16,7,111102,Sintra,Grande Lisboa
Algueirão-Mem Martins,65 - 69 anos,M,1865,132,1181,673,158,350,326,0,226,0,51,149,18,8,111102,Sintra,Grande Lisboa
Algueirão-Mem Martins,70 - 74 anos,H,1270,55,924,513,128,283,165,0,126,0,32,72,16,6,111102,Sintra,Grande Lisboa
Algueirão-Mem Martins,70 - 74 anos,M,1593,93,1209,815,111,283,154,0,137,0,42,80,10,5,111102,Sintra,Grande Lisboa
Algueirão-Mem Martins,75 ou mais anos,H,2013,154,1525,984,184,357,164,0,170,0,53,99,10,8,111102,Sintra,Grande Lisboa
Algueirão-Mem Martins,75 ou mais anos,M,3131,485,2292,1744,203,345,184,0,170,0,87,73,7,3,111102,Sintra,Grande Lisboa
Casal de Cambra,Total,H,6340,881,3230,1190,794,1246,1586,90,553,25,34,384,98,12,111115,Sintra,Grande Lisboa
Casal de Cambra,Total,M,7007,974,3247,1399,659,1189,1700,85,1001,9,55,735,188,14,111115,Sintra,Grande Lisboa
Casal de Cambra,Menos de 15 anos,H,1150,713,437,200,213,24,0,0,0,0,0,0,0,0,111115,Sintra,Grande Lisboa
Casal de Cambra,Menos de 15 anos,M,1078,640,438,203,209,26,0,0,0,0,0,0,0,0,111115,Sintra,Grande Lisboa
Casal de Cambra,15 - 19 anos,H,415,7,274,3,48,223,132,0,2,2,0,0,0,0,111115,Sintra,Grande Lisboa
Casal de Cambra,15 - 19 anos,M,443,5,282,4,38,240,156,0,0,0,0,0,0,0,111115,Sintra,Grande Lisboa
Casal de Cambra,20 - 24 anos,H,442,6,98,3,11,84,269,11,58,4,0,42,12,0,111115,Sintra,Grande Lisboa
Casal de Cambra,20 - 24 anos,M,432,5,64,0,5,59,261,11,91,3,0,77,11,0,111115,Sintra,Grande Lisboa
Casal de Cambra,25 - 29 anos,H,379,8,93,7,16,70,172,18,88,8,0,59,21,0,111115,Sintra,Grande Lisboa
Casal de Cambra,25 - 29 anos,M,441,4,95,6,12,77,180,13,149,3,0,92,54,0,111115,Sintra,Grande Lisboa
Casal de Cambra,30 - 34 anos,H,408,11,131,6,29,96,163,17,86,8,0,57,21,0,111115,Sintra,Grande Lisboa
Casal de Cambra,30 - 34 anos,M,432,15,93,5,17,71,155,16,153,1,1,100,49,2,111115,Sintra,Grande Lisboa
Casal de Cambra,35 - 39 anos,H,465,11,168,8,37,123,188,20,78,3,4,55,13,3,111115,Sintra,Grande Lisboa
Casal de Cambra,35 - 39 anos,M,546,19,152,10,31,111,186,17,172,1,14,125,29,3,111115,Sintra,Grande Lisboa
Casal de Cambra,40 - 44 anos,H,490,9,204,17,59,128,181,16,80,0,5,64,9,2,111115,Sintra,Grande Lisboa
Casal de Cambra,40 - 44 anos,M,583,20,198,22,44,132,200,12,153,1,13,122,15,2,111115,Sintra,Grande Lisboa
Casal de Cambra,45 - 49 anos,H,500,6,249,31,75,143,172,7,66,0,11,43,9,3,111115,Sintra,Grande Lisboa
Casal de Cambra,45 - 49 anos,M,526,12,215,43,59,113,168,9,122,0,13,95,12,2,111115,Sintra,Grande Lisboa
Casal de Cambra,50 - 54 anos,H,457,19,281,63,101,117,121,1,35,0,7,20,8,0,111115,Sintra,Grande Lisboa
Casal de Cambra,50 - 54 anos,M,539,20,275,70,89,116,164,5,75,0,6,57,9,3,111115,Sintra,Grande Lisboa
Casal de Cambra,55 - 59 anos,H,362,19,243,85,85,73,82,0,18,0,2,12,2,2,111115,Sintra,Grande Lisboa
Casal de Cambra,55 - 59 anos,M,427,16,264,110,69,85,108,2,37,0,0,32,5,0,111115,Sintra,Grande Lisboa
Casal de Cambra,60 - 64 anos,H,307,8,236,121,49,66,45,0,18,0,2,15,1,0,111115,Sintra,Grande Lisboa
Casal de Cambra,60 - 64 anos,M,387,14,288,181,44,63,67,0,18,0,2,14,2,0,111115,Sintra,Grande Lisboa
Casal de Cambra,65 - 69 anos,H,339,20,275,201,35,39,39,0,5,0,1,4,0,0,111115,Sintra,Grande Lisboa
Casal de Cambra,65 - 69 anos,M,372,36,293,214,27,52,27,0,16,0,2,12,1,1,111115,Sintra,Grande Lisboa
Casal de Cambra,70 - 74 anos,H,239,13,205,156,17,32,10,0,11,0,2,7,1,1,111115,Sintra,Grande Lisboa
Casal de Cambra,70 - 74 anos,M,284,27,237,202,8,27,12,0,8,0,3,5,0,0,111115,Sintra,Grande Lisboa
Casal de Cambra,75 ou mais anos,H,387,31,336,289,19,28,12,0,8,0,0,6,1,1,111115,Sintra,Grande Lisboa
Casal de Cambra,75 ou mais anos,M,517,141,353,329,7,17,16,0,7,0,1,4,1,1,111115,Sintra,Grande Lisboa
Colares,Total,H,3686,432,1615,571,372,672,869,57,713,9,71,456,144,33,111105,Sintra,Grande Lisboa
Colares,Total,M,4060,510,1652,756,340,556,897,33,968,3,107,618,211,29,111105,Sintra,Grande Lisboa
Colares,Menos de 15 anos,H,537,324,213,84,119,10,0,0,0,0,0,0,0,0,111105,Sintra,Grande Lisboa
Colares,Menos de 15 anos,M,513,317,196,79,100,17,0,0,0,0,0,0,0,0,111105,Sintra,Grande Lisboa
Colares,15 - 19 anos,H,210,4,134,0,18,116,72,0,0,0,0,0,0,0,111105,Sintra,Grande Lisboa
Colares,15 - 19 anos,M,195,1,116,0,11,105,78,0,0,0,0,0,0,0,111105,Sintra,Grande Lisboa
Colares,20 - 24 anos,H,177,2,31,0,2,29,107,3,34,0,0,29,5,0,111105,Sintra,Grande Lisboa
Colares,20 - 24 anos,M,188,4,18,0,1,17,107,4,55,1,0,45,9,0,111105,Sintra,Grande Lisboa
Colares,25 - 29 anos,H,176,2,38,2,6,30,77,5,54,3,0,36,14,1,111105,Sintra,Grande Lisboa
Colares,25 - 29 anos,M,170,4,22,2,3,17,64,1,79,1,0,47,30,1,111105,Sintra,Grande Lisboa
Colares,30 - 34 anos,H,166,4,43,0,9,34,59,13,47,1,1,22,23,0,111105,Sintra,Grande Lisboa
Colares,30 - 34 anos,M,175,3,31,3,4,24,50,5,86,1,0,52,32,1,111105,Sintra,Grande Lisboa
Colares,35 - 39 anos,H,236,4,88,5,18,65,66,12,66,4,6,36,19,1,111105,Sintra,Grande Lisboa
Colares,35 - 39 anos,M,249,5,48,1,6,41,81,2,113,0,5,76,29,3,111105,Sintra,Grande Lisboa
Colares,40 - 44 anos,H,268,5,91,3,19,69,91,10,71,1,5,54,11,0,111105,Sintra,Grande Lisboa
Colares,40 - 44 anos,M,266,11,44,2,8,34,87,10,114,0,4,89,18,3,111105,Sintra,Grande Lisboa
Colares,45 - 49 anos,H,280,3,98,7,27,64,86,7,86,0,7,65,12,2,111105,Sintra,Grande Lisboa
Colares,45 - 49 anos,M,321,4,75,11,28,36,92,5,145,0,18,96,29,2,111105,Sintra,Grande Lisboa
Colares,50 - 54 anos,H,248,6,106,23,34,49,75,7,54,0,6,33,11,4,111105,Sintra,Grande Lisboa
Colares,50 - 54 anos,M,294,5,100,24,35,41,100,6,83,0,15,49,17,2,111105,Sintra,Grande Lisboa
Colares,55 - 59 anos,H,295,10,139,50,39,50,78,0,68,0,9,38,14,7,111105,Sintra,Grande Lisboa
Colares,55 - 59 anos,M,298,8,134,47,39,48,76,0,80,0,11,51,14,4,111105,Sintra,Grande Lisboa
Colares,60 - 64 anos,H,267,9,144,62,34,48,59,0,55,0,11,32,10,2,111105,Sintra,Grande Lisboa
Colares,60 - 64 anos,M,258,9,135,55,40,40,54,0,60,0,16,31,12,1,111105,Sintra,Grande Lisboa
Colares,65 - 69 anos,H,220,6,105,58,14,33,47,0,62,0,9,39,10,4,111105,Sintra,Grande Lisboa
Colares,65 - 69 anos,M,272,11,156,92,27,37,51,0,54,0,11,30,8,5,111105,Sintra,Grande Lisboa
Colares,70 - 74 anos,H,219,13,141,83,12,46,17,0,48,0,8,26,8,6,111105,Sintra,Grande Lisboa
Colares,70 - 74 anos,M,276,20,173,117,11,45,28,0,55,0,19,26,7,3,111105,Sintra,Grande Lisboa
Colares,75 ou mais anos,H,387,40,244,194,21,29,35,0,68,0,9,46,7,6,111105,Sintra,Grande Lisboa
Colares,75 ou mais anos,M,585,108,404,323,27,54,29,0,44,0,8,26,6,4,111105,Sintra,Grande Lisboa
Rio de Mouro,Total,H,23265,2872,10373,2930,2582,4861,6514,419,3087,76,266,2111,577,57,111108,Sintra,Grande Lisboa
Rio de Mouro,Total,M,26224,3315,10502,3737,2383,4382,7140,335,4932,42,353,3563,898,76,111108,Sintra,Grande Lisboa
Rio de Mouro,Menos de 15 anos,H,3915,2434,1481,639,737,105,0,0,0,0,0,0,0,0,111108,Sintra,Grande Lisboa
Rio de Mouro,Menos de 15 anos,M,3813,2326,1487,571,802,114,0,0,0,0,0,0,0,0,111108,Sintra,Grande Lisboa
Rio de Mouro,15 - 19 anos,H,1503,11,982,6,152,824,501,6,3,3,0,0,0,0,111108,Sintra,Grande Lisboa
Rio de Mouro,15 - 19 anos,M,1480,12,898,2,100,796,568,2,0,0,0,0,0,0,111108,Sintra,Grande Lisboa
Rio de Mouro,20 - 24 anos,H,1601,12,306,4,35,267,973,43,267,23,0,206,37,1,111108,Sintra,Grande Lisboa
Rio de Mouro,20 - 24 anos,M,1627,19,188,1,14,173,987,22,411,11,0,343,57,0,111108,Sintra,Grande Lisboa
Rio de Mouro,25 - 29 anos,H,1564,28,291,12,42,237,763,67,415,18,0,271,125,1,111108,Sintra,Grande Lisboa
Rio de Mouro,25 - 29 anos,M,1644,26,240,10,29,201,652,44,682,12,0,452,217,1,111108,Sintra,Grande Lisboa
Rio de Mouro,30 - 34 anos,H,1525,27,352,14,63,275,674,73,399,15,5,265,112,2,111108,Sintra,Grande Lisboa
Rio de Mouro,30 - 34 anos,M,1737,36,327,10,52,265,630,64,680,9,6,452,205,8,111108,Sintra,Grande Lisboa
Rio de Mouro,35 - 39 anos,H,1588,32,548,31,86,431,582,65,361,12,27,238,75,9,111108,Sintra,Grande Lisboa
Rio de Mouro,35 - 39 anos,M,1771,38,383,25,57,301,671,59,620,7,30,437,138,8,111108,Sintra,Grande Lisboa
Rio de Mouro,40 - 44 anos,H,1805,25,693,64,151,478,685,51,351,5,30,265,44,7,111108,Sintra,Grande Lisboa
Rio de Mouro,40 - 44 anos,M,2145,80,544,53,110,381,799,60,662,3,31,520,96,12,111108,Sintra,Grande Lisboa
Rio de Mouro,45 - 49 anos,H,1918,20,811,87,226,498,659,70,358,0,44,246,56,12,111108,Sintra,Grande Lisboa
Rio de Mouro,45 - 49 anos,M,2249,57,673,89,199,385,819,51,649,0,62,504,68,15,111108,Sintra,Grande Lisboa
Rio de Mouro,50 - 54 anos,H,1780,24,872,137,299,436,554,40,290,0,44,198,41,7,111108,Sintra,Grande Lisboa
Rio de Mouro,50 - 54 anos,M,2087,51,900,187,275,438,688,27,421,0,62,301,46,12,111108,Sintra,Grande Lisboa
Rio de Mouro,55 - 59 anos,H,1535,32,877,219,270,388,408,4,214,0,26,146,35,7,111108,Sintra,Grande Lisboa
Rio de Mouro,55 - 59 anos,M,1816,64,909,281,249,379,529,6,308,0,47,218,35,8,111108,Sintra,Grande Lisboa
Rio de Mouro,60 - 64 anos,H,1292,30,788,309,185,294,322,0,152,0,20,101,28,3,111108,Sintra,Grande Lisboa
Rio de Mouro,60 - 64 anos,M,1528,71,850,360,166,324,390,0,217,0,37,157,20,3,111108,Sintra,Grande Lisboa
Rio de Mouro,65 - 69 anos,H,1043,42,687,348,135,204,183,0,131,0,35,80,12,4,111108,Sintra,Grande Lisboa
Rio de Mouro,65 - 69 anos,M,1284,86,860,495,128,237,212,0,126,0,29,86,8,3,111108,Sintra,Grande Lisboa
Rio de Mouro,70 - 74 anos,H,842,42,638,370,83,185,103,0,59,0,12,40,5,2,111108,Sintra,Grande Lisboa
Rio de Mouro,70 - 74 anos,M,1076,75,817,526,88,203,111,0,73,0,22,46,4,1,111108,Sintra,Grande Lisboa
Rio de Mouro,75 ou mais anos,H,1354,113,1047,690,118,239,107,0,87,0,23,55,7,2,111108,Sintra,Grande Lisboa
Rio de Mouro,75 ou mais anos,M,1967,374,1426,1127,114,185,84,0,83,0,27,47,4,5,111108,Sintra,Grande Lisboa
União das freguesias de Agualva e Mira-Sintra,Total,H,19152,2387,9287,2914,2284,4089,5107,288,2083,47,178,1459,367,32,111122,Sintra,Grande Lisboa
União das freguesias de Agualva e Mira-Sintra,Total,M,22171,2895,10072,4177,1996,3899,5717,237,3250,16,233,2425,536,40,111122,Sintra,Grande Lisboa
União das freguesias de Agualva e Mira-Sintra,Menos de 15 anos,H,2903,1835,1068,467,534,67,0,0,0,0,0,0,0,0,111122,Sintra,Grande Lisboa
União das freguesias de Agualva e Mira-Sintra,Menos de 15 anos,M,2792,1749,1043,451,506,86,0,0,0,0,0,0,0,0,111122,Sintra,Grande Lisboa
União das freguesias de Agualva e Mira-Sintra,15 - 19 anos,H,1143,14,759,8,115,636,369,0,1,1,0,0,0,0,111122,Sintra,Grande Lisboa
União das freguesias de Agualva e Mira-Sintra,15 - 19 anos,M,1108,19,674,9,86,579,413,1,1,1,0,0,0,0,111122,Sintra,Grande Lisboa
União das freguesias de Agualva e Mira-Sintra,20 - 24 anos,H,1337,24,316,8,53,255,763,33,201,11,0,172,18,0,111122,Sintra,Grande Lisboa
União das freguesias de Agualva e Mira-Sintra,20 - 24 anos,M,1390,29,231,6,30,195,796,27,307,5,0,264,37,1,111122,Sintra,Grande Lisboa
União das freguesias de Agualva e Mira-Sintra,25 - 29 anos,H,1376,30,305,8,53,244,622,57,362,18,0,233,109,2,111122,Sintra,Grande Lisboa
União das freguesias de Agualva e Mira-Sintra,25 - 29 anos,M,1445,49,243,9,22,212,573,38,542,3,0,378,160,1,111122,Sintra,Grande Lisboa
União das freguesias de Agualva e Mira-Sintra,30 - 34 anos,H,1239,38,332,18,71,243,508,57,304,8,1,202,89,4,111122,Sintra,Grande Lisboa
União das freguesias de Agualva e Mira-Sintra,30 - 34 anos,M,1397,36,298,17,54,227,595,43,425,6,1,292,119,7,111122,Sintra,Grande Lisboa
União das freguesias de Agualva e Mira-Sintra,35 - 39 anos,H,1150,34,403,27,78,298,447,44,222,6,21,149,44,2,111122,Sintra,Grande Lisboa
União das freguesias de Agualva e Mira-Sintra,35 - 39 anos,M,1315,37,370,29,77,264,459,36,413,1,23,306,74,9,111122,Sintra,Grande Lisboa
União das freguesias de Agualva e Mira-Sintra,40 - 44 anos,H,1267,33,508,53,126,329,467,33,226,3,20,170,30,3,111122,Sintra,Grande Lisboa
União das freguesias de Agualva e Mira-Sintra,40 - 44 anos,M,1498,56,482,72,107,303,534,39,387,0,19,325,40,3,111122,Sintra,Grande Lisboa
União das freguesias de Agualva e Mira-Sintra,45 - 49 anos,H,1381,39,631,89,188,354,479,31,201,0,20,155,23,3,111122,Sintra,Grande Lisboa
União das freguesias de Agualva e Mira-Sintra,45 - 49 anos,M,1656,75,590,116,149,325,612,24,355,0,32,277,40,6,111122,Sintra,Grande Lisboa
União das freguesias de Agualva e Mira-Sintra,50 - 54 anos,H,1399,35,775,136,259,380,421,27,141,0,22,105,10,4,111122,Sintra,Grande Lisboa
União das freguesias de Agualva e Mira-Sintra,50 - 54 anos,M,1716,83,804,190,236,378,550,23,256,0,30,199,26,1,111122,Sintra,Grande Lisboa
União das freguesias de Agualva e Mira-Sintra,55 - 59 anos,H,1294,49,744,196,220,328,380,6,115,0,24,78,11,2,111122,Sintra,Grande Lisboa
União das freguesias de Agualva e Mira-Sintra,55 - 59 anos,M,1566,75,824,296,208,320,466,6,195,0,17,153,22,3,111122,Sintra,Grande Lisboa
União das freguesias de Agualva e Mira-Sintra,60 - 64 anos,H,1090,52,701,255,197,249,255,0,82,0,16,51,13,2,111122,Sintra,Grande Lisboa
União das freguesias de Agualva e Mira-Sintra,60 - 64 anos,M,1315,81,790,352,165,273,328,0,116,0,15,89,9,3,111122,Sintra,Grande Lisboa
União das freguesias de Agualva e Mira-Sintra,65 - 69 anos,H,991,51,686,383,116,187,168,0,86,0,14,60,8,4,111122,Sintra,Grande Lisboa
União das freguesias de Agualva e Mira-Sintra,65 - 69 anos,M,1335,111,906,523,116,267,201,0,117,0,34,76,4,3,111122,Sintra,Grande Lisboa
União das freguesias de Agualva e Mira-Sintra,70 - 74 anos,H,990,47,756,435,106,215,118,0,69,0,14,49,4,2,111122,Sintra,Grande Lisboa
União das freguesias de Agualva e Mira-Sintra,70 - 74 anos,M,1312,93,1050,715,102,233,101,0,68,0,25,39,2,2,111122,Sintra,Grande Lisboa
União das freguesias de Agualva e Mira-Sintra,75 ou mais anos,H,1592,106,1303,831,168,304,110,0,73,0,26,35,8,4,111122,Sintra,Grande Lisboa
União das freguesias de Agualva e Mira-Sintra,75 ou mais anos,M,2326,402,1767,1392,138,237,89,0,68,0,37,27,3,1,111122,Sintra,Grande Lisboa
"""União das freguesias de Almargem do Bispo, Pêro Pinheiro e Montelavar""",Total,H,8440,1084,4754,1907,1101,1746,1719,107,776,19,58,510,166,23,111123,Sintra,Grande Lisboa
"""União das freguesias de Almargem do Bispo, Pêro Pinheiro e Montelavar""",Total,M,8822,1228,4403,2235,847,1321,1845,86,1260,8,71,907,245,29,111123,Sintra,Grande Lisboa
"""União das freguesias de Almargem do Bispo, Pêro Pinheiro e Montelavar""",Menos de 15 anos,H,1249,799,450,200,216,34,0,0,0,0,0,0,0,0,111123,Sintra,Grande Lisboa
"""União das freguesias de Almargem do Bispo, Pêro Pinheiro e Montelavar""",Menos de 15 anos,M,1198,736,462,184,234,44,0,0,0,0,0,0,0,0,111123,Sintra,Grande Lisboa
"""União das freguesias de Almargem do Bispo, Pêro Pinheiro e Montelavar""",15 - 19 anos,H,463,3,324,0,46,278,136,0,0,0,0,0,0,0,111123,Sintra,Grande Lisboa
"""União das freguesias de Almargem do Bispo, Pêro Pinheiro e Montelavar""",15 - 19 anos,M,409,7,242,0,24,218,160,0,0,0,0,0,0,0,111123,Sintra,Grande Lisboa
"""União das freguesias de Almargem do Bispo, Pêro Pinheiro e Montelavar""",20 - 24 anos,H,484,8,112,3,20,89,264,12,88,5,0,70,13,0,111123,Sintra,Grande Lisboa
"""União das freguesias de Almargem do Bispo, Pêro Pinheiro e Montelavar""",20 - 24 anos,M,443,6,75,1,8,66,222,6,134,5,0,115,14,0,111123,Sintra,Grande Lisboa
"""União das freguesias de Almargem do Bispo, Pêro Pinheiro e Montelavar""",25 - 29 anos,H,457,7,145,4,22,119,191,21,93,3,0,49,41,0,111123,Sintra,Grande Lisboa
"""União das freguesias de Almargem do Bispo, Pêro Pinheiro e Montelavar""",25 - 29 anos,M,418,6,87,4,14,69,152,13,160,0,0,84,75,1,111123,Sintra,Grande Lisboa
"""União das freguesias de Almargem do Bispo, Pêro Pinheiro e Montelavar""",30 - 34 anos,H,478,13,195,7,32,156,159,15,96,8,1,60,27,0,111123,Sintra,Grande Lisboa
"""União das freguesias de Almargem do Bispo, Pêro Pinheiro e Montelavar""",30 - 34 anos,M,471,18,114,3,17,94,172,16,151,2,3,106,37,3,111123,Sintra,Grande Lisboa
"""União das freguesias de Almargem do Bispo, Pêro Pinheiro e Montelavar""",35 - 39 anos,H,549,6,252,13,50,189,167,20,104,3,6,61,31,3,111123,Sintra,Grande Lisboa
"""União das freguesias de Almargem do Bispo, Pêro Pinheiro e Montelavar""",35 - 39 anos,M,565,17,127,4,18,105,214,10,197,1,6,139,46,5,111123,Sintra,Grande Lisboa
"""União das freguesias de Almargem do Bispo, Pêro Pinheiro e Montelavar""",40 - 44 anos,H,621,14,287,23,74,190,212,14,94,0,10,72,11,1,111123,Sintra,Grande Lisboa
"""União das freguesias de Almargem do Bispo, Pêro Pinheiro e Montelavar""",40 - 44 anos,M,659,17,191,13,44,134,236,15,200,0,7,155,30,8,111123,Sintra,Grande Lisboa
"""União das freguesias de Almargem do Bispo, Pêro Pinheiro e Montelavar""",45 - 49 anos,H,642,13,360,58,136,166,156,15,98,0,10,68,18,2,111123,Sintra,Grande Lisboa
"""União das freguesias de Almargem do Bispo, Pêro Pinheiro e Montelavar""",45 - 49 anos,M,654,10,230,29,81,120,225,21,168,0,11,134,21,2,111123,Sintra,Grande Lisboa
"""União das freguesias de Almargem do Bispo, Pêro Pinheiro e Montelavar""",50 - 54 anos,H,579,18,367,71,173,123,129,10,55,0,10,34,10,1,111123,Sintra,Grande Lisboa
"""União das freguesias de Almargem do Bispo, Pêro Pinheiro e Montelavar""",50 - 54 anos,M,590,14,321,84,113,124,162,5,88,0,12,65,8,3,111123,Sintra,Grande Lisboa
"""União das freguesias de Almargem do Bispo, Pêro Pinheiro e Montelavar""",55 - 59 anos,H,608,13,434,170,136,128,120,0,41,0,4,26,7,4,111123,Sintra,Grande Lisboa
"""União das freguesias de Almargem do Bispo, Pêro Pinheiro e Montelavar""",55 - 59 anos,M,597,15,390,152,114,124,126,0,66,0,7,51,5,3,111123,Sintra,Grande Lisboa
"""União das freguesias de Almargem do Bispo, Pêro Pinheiro e Montelavar""",60 - 64 anos,H,542,18,397,201,94,102,84,0,43,0,9,27,2,5,111123,Sintra,Grande Lisboa
"""União das freguesias de Almargem do Bispo, Pêro Pinheiro e Montelavar""",60 - 64 anos,M,593,19,421,243,82,96,108,0,45,0,8,29,5,3,111123,Sintra,Grande Lisboa
"""União das freguesias de Almargem do Bispo, Pêro Pinheiro e Montelavar""",65 - 69 anos,H,472,17,383,268,52,63,46,0,26,0,4,16,3,3,111123,Sintra,Grande Lisboa
"""União das freguesias de Almargem do Bispo, Pêro Pinheiro e Montelavar""",65 - 69 anos,M,518,30,434,328,47,59,34,0,20,0,9,8,3,0,111123,Sintra,Grande Lisboa
"""União das freguesias de Almargem do Bispo, Pêro Pinheiro e Montelavar""",70 - 74 anos,H,447,26,379,295,27,57,27,0,15,0,1,9,2,3,111123,Sintra,Grande Lisboa
"""União das freguesias de Almargem do Bispo, Pêro Pinheiro e Montelavar""",70 - 74 anos,M,544,47,460,404,24,32,21,0,16,0,6,8,1,1,111123,Sintra,Grande Lisboa
"""União das freguesias de Almargem do Bispo, Pêro Pinheiro e Montelavar""",75 ou mais anos,H,849,129,669,594,23,52,28,0,23,0,3,18,1,1,111123,Sintra,Grande Lisboa
"""União das freguesias de Almargem do Bispo, Pêro Pinheiro e Montelavar""",75 ou mais anos,M,1163,286,849,786,27,36,13,0,15,0,2,13,0,0,111123,Sintra,Grande Lisboa
União das freguesias de Massamá e Monte Abraão,Total,H,22105,2353,8846,2482,2061,4303,6499,325,4082,58,365,2758,806,95,111125,Sintra,Grande Lisboa
União das freguesias de Massamá e Monte Abraão,Total,M,25699,2847,9674,3504,2026,4144,6899,274,6005,26,503,4301,1069,106,111125,Sintra,Grande Lisboa
União das freguesias de Massamá e Monte Abraão,Menos de 15 anos,H,3277,1964,1313,544,663,106,0,0,0,0,0,0,0,0,111125,Sintra,Grande Lisboa
União das freguesias de Massamá e Monte Abraão,Menos de 15 anos,M,3178,1965,1213,489,636,88,0,0,0,0,0,0,0,0,111125,Sintra,Grande Lisboa
União das freguesias de Massamá e Monte Abraão,15 - 19 anos,H,1391,10,899,4,118,777,480,0,2,2,0,0,0,0,111125,Sintra,Grande Lisboa
União das freguesias de Massamá e Monte Abraão,15 - 19 anos,M,1365,9,798,5,81,712,555,1,2,2,0,0,0,0,111125,Sintra,Grande Lisboa
União das freguesias de Massamá e Monte Abraão,20 - 24 anos,H,1570,19,258,3,37,218,922,33,338,18,0,269,51,0,111125,Sintra,Grande Lisboa
União das freguesias de Massamá e Monte Abraão,20 - 24 anos,M,1512,12,147,5,16,126,872,23,458,8,0,392,57,1,111125,Sintra,Grande Lisboa
União das freguesias de Massamá e Monte Abraão,25 - 29 anos,H,1492,21,214,14,36,164,670,61,526,17,0,323,186,0,111125,Sintra,Grande Lisboa
União das freguesias de Massamá e Monte Abraão,25 - 29 anos,M,1594,16,171,7,29,135,567,49,791,4,0,477,309,1,111125,Sintra,Grande Lisboa
União das freguesias de Massamá e Monte Abraão,30 - 34 anos,H,1425,30,287,12,44,231,564,50,494,7,3,306,170,8,111125,Sintra,Grande Lisboa
União das freguesias de Massamá e Monte Abraão,30 - 34 anos,M,1470,37,221,8,38,175,511,38,663,6,8,419,217,13,111125,Sintra,Grande Lisboa
União das freguesias de Massamá e Monte Abraão,35 - 39 anos,H,1367,29,343,19,56,268,539,52,404,12,34,247,106,5,111125,Sintra,Grande Lisboa
União das freguesias de Massamá e Monte Abraão,35 - 39 anos,M,1533,53,336,30,43,263,515,33,596,4,32,431,124,5,111125,Sintra,Grande Lisboa
União das freguesias de Massamá e Monte Abraão,40 - 44 anos,H,1500,28,452,34,92,326,590,45,385,2,43,268,58,14,111125,Sintra,Grande Lisboa
União das freguesias de Massamá e Monte Abraão,40 - 44 anos,M,1857,46,409,39,80,290,644,40,718,2,45,555,100,16,111125,Sintra,Grande Lisboa
União das freguesias de Massamá e Monte Abraão,45 - 49 anos,H,1669,22,598,63,179,356,630,46,373,0,37,267,56,13,111125,Sintra,Grande Lisboa
União das freguesias de Massamá e Monte Abraão,45 - 49 anos,M,1983,57,547,78,139,330,710,42,627,0,58,502,58,9,111125,Sintra,Grande Lisboa
União das freguesias de Massamá e Monte Abraão,50 - 54 anos,H,1592,33,667,109,198,360,525,31,336,0,35,243,52,6,111125,Sintra,Grande Lisboa
União das freguesias de Massamá e Monte Abraão,50 - 54 anos,M,2068,44,726,159,215,352,680,40,578,0,77,414,70,17,111125,Sintra,Grande Lisboa
União das freguesias de Massamá e Monte Abraão,55 - 59 anos,H,1618,22,715,168,181,366,556,7,318,0,44,206,49,19,111125,Sintra,Grande Lisboa
União das freguesias de Massamá e Monte Abraão,55 - 59 anos,M,2031,53,785,236,192,357,662,8,523,0,56,402,54,11,111125,Sintra,Grande Lisboa
União das freguesias de Massamá e Monte Abraão,60 - 64 anos,H,1398,29,650,214,153,283,408,0,311,0,42,219,37,13,111125,Sintra,Grande Lisboa
União das freguesias de Massamá e Monte Abraão,60 - 64 anos,M,1823,58,805,291,160,354,551,0,409,0,47,296,52,14,111125,Sintra,Grande Lisboa
União das freguesias de Massamá e Monte Abraão,65 - 69 anos,H,1196,35,648,312,96,240,270,0,243,0,44,165,24,10,111125,Sintra,Grande Lisboa
União das freguesias de Massamá e Monte Abraão,65 - 69 anos,M,1568,85,917,465,131,321,306,0,260,0,51,181,15,13,111125,Sintra,Grande Lisboa
União das freguesias de Massamá e Monte Abraão,70 - 74 anos,H,1075,30,717,367,92,258,161,0,167,0,29,123,12,3,111125,Sintra,Grande Lisboa
União das freguesias de Massamá e Monte Abraão,70 - 74 anos,M,1472,82,1021,576,116,329,178,0,191,0,48,134,8,1,111125,Sintra,Grande Lisboa
União das freguesias de Massamá e Monte Abraão,75 ou mais anos,H,1535,81,1085,619,116,350,184,0,185,0,54,122,5,4,111125,Sintra,Grande Lisboa
União das freguesias de Massamá e Monte Abraão,75 ou mais anos,M,2245,330,1578,1116,150,312,148,0,189,0,81,98,5,5,111125,Sintra,Grande Lisboa
União das freguesias de Queluz e Belas,Total,H,24720,2982,11056,3404,2800,4852,6565,412,3705,61,276,2458,804,106,111126,Sintra,Grande Lisboa
União das freguesias de Queluz e Belas,Total,M,27694,3504,11384,4540,2465,4379,6922,319,5565,22,369,3943,1133,98,111126,Sintra,Grande Lisboa
União das freguesias de Queluz e Belas,Menos de 15 anos,H,3924,2389,1535,639,769,127,0,0,0,0,0,0,0,0,111126,Sintra,Grande Lisboa
União das freguesias de Queluz e Belas,Menos de 15 anos,M,3753,2308,1445,540,785,120,0,0,0,0,0,0,0,0,111126,Sintra,Grande Lisboa
União das freguesias de Queluz e Belas,15 - 19 anos,H,1517,13,1027,4,139,884,472,3,2,2,0,0,0,0,111126,Sintra,Grande Lisboa
União das freguesias de Queluz e Belas,15 - 19 anos,M,1490,19,914,4,99,811,555,1,1,1,0,0,0,0,111126,Sintra,Grande Lisboa
União das freguesias de Queluz e Belas,20 - 24 anos,H,1715,20,342,9,67,266,1002,44,307,21,0,238,46,2,111126,Sintra,Grande Lisboa
União das freguesias de Queluz e Belas,20 - 24 anos,M,1654,13,223,7,24,192,944,29,445,7,0,371,66,1,111126,Sintra,Grande Lisboa
União das freguesias de Queluz e Belas,25 - 29 anos,H,1663,32,344,12,66,266,697,70,520,19,0,325,173,3,111126,Sintra,Grande Lisboa
União das freguesias de Queluz e Belas,25 - 29 anos,M,1751,36,286,14,53,219,643,53,733,9,0,461,257,6,111126,Sintra,Grande Lisboa
União das freguesias de Queluz e Belas,30 - 34 anos,H,1641,35,432,29,95,308,622,75,477,9,2,277,181,8,111126,Sintra,Grande Lisboa
União das freguesias de Queluz e Belas,30 - 34 anos,M,1713,43,299,24,55,220,578,57,736,4,2,466,258,6,111126,Sintra,Grande Lisboa
União das freguesias de Queluz e Belas,35 - 39 anos,H,1627,45,495,39,104,352,606,56,425,8,23,261,122,11,111126,Sintra,Grande Lisboa
União das freguesias de Queluz e Belas,35 - 39 anos,M,1822,61,420,38,76,306,616,50,675,1,30,445,189,10,111126,Sintra,Grande Lisboa
União das freguesias de Queluz e Belas,40 - 44 anos,H,1813,40,663,58,173,432,654,62,394,2,40,269,75,8,111126,Sintra,Grande Lisboa
União das freguesias de Queluz e Belas,40 - 44 anos,M,1998,45,495,53,112,330,704,46,708,0,42,546,105,15,111126,Sintra,Grande Lisboa
União das freguesias de Queluz e Belas,45 - 49 anos,H,2096,41,870,121,261,488,677,52,456,0,49,340,55,12,111126,Sintra,Grande Lisboa
União das freguesias de Queluz e Belas,45 - 49 anos,M,2264,58,728,133,199,396,772,35,671,0,55,515,84,17,111126,Sintra,Grande Lisboa
União das freguesias de Queluz e Belas,50 - 54 anos,H,1949,52,978,197,344,437,551,40,328,0,37,225,51,15,111126,Sintra,Grande Lisboa
União das freguesias de Queluz e Belas,50 - 54 anos,M,2210,81,847,200,276,371,706,46,530,0,66,395,59,10,111126,Sintra,Grande Lisboa
União das freguesias de Queluz e Belas,55 - 59 anos,H,1753,51,948,293,278,377,488,10,256,0,39,166,37,14,111126,Sintra,Grande Lisboa
União das freguesias de Queluz e Belas,55 - 59 anos,M,1958,82,892,334,202,356,587,2,395,0,47,277,58,13,111126,Sintra,Grande Lisboa
União das freguesias de Queluz e Belas,60 - 64 anos,H,1339,43,730,309,165,256,351,0,215,0,20,142,38,15,111126,Sintra,Grande Lisboa
União das freguesias de Queluz e Belas,60 - 64 anos,M,1638,97,855,366,197,292,375,0,311,0,35,221,42,13,111126,Sintra,Grande Lisboa
União das freguesias de Queluz e Belas,65 - 69 anos,H,1118,49,745,438,120,187,197,0,127,0,26,80,17,4,111126,Sintra,Grande Lisboa
União das freguesias de Queluz e Belas,65 - 69 anos,M,1348,94,905,548,122,235,211,0,138,0,24,103,8,3,111126,Sintra,Grande Lisboa
União das freguesias de Queluz e Belas,70 - 74 anos,H,898,54,658,411,68,179,94,0,92,0,15,62,7,8,111126,Sintra,Grande Lisboa
União das freguesias de Queluz e Belas,70 - 74 anos,M,1254,107,946,632,91,223,97,0,104,0,32,65,4,3,111126,Sintra,Grande Lisboa
União das freguesias de Queluz e Belas,75 ou mais anos,H,1667,118,1289,845,151,293,154,0,106,0,25,73,2,6,111126,Sintra,Grande Lisboa
União das freguesias de Queluz e Belas,75 ou mais anos,M,2841,460,2129,1647,174,308,134,0,118,0,36,78,3,1,111126,Sintra,Grande Lisboa
União das freguesias de São João das Lampas e Terrugem,Total,H,8636,1059,4393,1655,1056,1682,1953,161,1070,25,97,700,223,25,111127,Sintra,Grande Lisboa
União das freguesias de São João das Lampas e Terrugem,Total,M,9357,1308,4147,1963,821,1363,2116,106,1680,8,118,1189,340,25,111127,Sintra,Grande Lisboa
União das freguesias de São João das Lampas e Terrugem,Menos de 15 anos,H,1317,810,507,198,262,47,0,0,0,0,0,0,0,0,111127,Sintra,Grande Lisboa
União das freguesias de São João das Lampas e Terrugem,Menos de 15 anos,M,1301,784,517,218,248,51,0,0,0,0,0,0,0,0,111127,Sintra,Grande Lisboa
União das freguesias de São João das Lampas e Terrugem,15 - 19 anos,H,491,2,318,1,30,287,169,1,1,1,0,0,0,0,111127,Sintra,Grande Lisboa
União das freguesias de São João das Lampas e Terrugem,15 - 19 anos,M,457,2,293,0,29,264,161,0,1,1,0,0,0,0,111127,Sintra,Grande Lisboa
União das freguesias de São João das Lampas e Terrugem,20 - 24 anos,H,433,2,93,2,12,79,242,8,88,6,0,70,12,0,111127,Sintra,Grande Lisboa
União das freguesias de São João das Lampas e Terrugem,20 - 24 anos,M,488,2,66,1,3,62,250,15,155,2,0,130,23,0,111127,Sintra,Grande Lisboa
União das freguesias de São João das Lampas e Terrugem,25 - 29 anos,H,433,5,114,3,18,93,172,25,117,8,0,78,31,0,111127,Sintra,Grande Lisboa
União das freguesias de São João das Lampas e Terrugem,25 - 29 anos,M,420,7,52,2,10,40,164,11,186,1,0,114,71,0,111127,Sintra,Grande Lisboa
União das freguesias de São João das Lampas e Terrugem,30 - 34 anos,H,426,8,143,7,25,111,157,25,93,5,1,48,36,3,111127,Sintra,Grande Lisboa
União das freguesias de São João das Lampas e Terrugem,30 - 34 anos,M,480,15,91,5,16,70,178,24,172,1,3,107,58,3,111127,Sintra,Grande Lisboa
União das freguesias de São João das Lampas e Terrugem,35 - 39 anos,H,576,6,232,10,45,177,191,34,113,4,6,76,25,2,111127,Sintra,Grande Lisboa
União das freguesias de São João das Lampas e Terrugem,35 - 39 anos,M,603,15,124,7,19,98,204,12,248,2,12,164,68,2,111127,Sintra,Grande Lisboa
União das freguesias de São João das Lampas e Terrugem,40 - 44 anos,H,698,13,261,14,72,175,238,30,156,1,13,111,28,3,111127,Sintra,Grande Lisboa
União das freguesias de São João das Lampas e Terrugem,40 - 44 anos,M,697,7,167,11,37,119,274,22,227,1,9,179,33,5,111127,Sintra,Grande Lisboa
União das freguesias de São João das Lampas e Terrugem,45 - 49 anos,H,675,6,295,27,98,170,221,15,138,0,21,90,23,4,111127,Sintra,Grande Lisboa
União das freguesias de São João das Lampas e Terrugem,45 - 49 anos,M,752,9,210,22,55,133,259,11,263,0,24,200,33,6,111127,Sintra,Grande Lisboa
União das freguesias de São João das Lampas e Terrugem,50 - 54 anos,H,665,12,366,72,154,140,168,17,102,0,11,70,18,3,111127,Sintra,Grande Lisboa
União das freguesias de São João das Lampas e Terrugem,50 - 54 anos,M,680,17,298,67,95,136,203,10,152,0,18,112,19,3,111127,Sintra,Grande Lisboa
União das freguesias de São João das Lampas e Terrugem,55 - 59 anos,H,599,12,355,108,119,128,149,6,77,0,11,46,18,2,111127,Sintra,Grande Lisboa
União das freguesias de São João das Lampas e Terrugem,55 - 59 anos,M,650,12,360,143,103,114,169,1,108,0,12,75,20,1,111127,Sintra,Grande Lisboa
União das freguesias de São João das Lampas e Terrugem,60 - 64 anos,H,573,17,376,176,103,97,116,0,64,0,11,36,13,4,111127,Sintra,Grande Lisboa
União das freguesias de São João das Lampas e Terrugem,60 - 64 anos,M,578,20,378,188,87,103,119,0,61,0,11,43,7,0,111127,Sintra,Grande Lisboa
União das freguesias de São João das Lampas e Terrugem,65 - 69 anos,H,468,19,340,237,42,61,65,0,44,0,5,27,10,2,111127,Sintra,Grande Lisboa
União das freguesias de São João das Lampas e Terrugem,65 - 69 anos,M,520,32,369,269,49,51,72,0,47,0,13,28,3,3,111127,Sintra,Grande Lisboa
União das freguesias de São João das Lampas e Terrugem,70 - 74 anos,H,454,25,351,264,39,48,35,0,43,0,10,25,6,2,111127,Sintra,Grande Lisboa
União das freguesias de São João das Lampas e Terrugem,70 - 74 anos,M,509,35,406,305,34,67,33,0,35,0,5,26,3,1,111127,Sintra,Grande Lisboa
União das freguesias de São João das Lampas e Terrugem,75 ou mais anos,H,828,122,642,536,37,69,30,0,34,0,8,23,3,0,111127,Sintra,Grande Lisboa
União das freguesias de São João das Lampas e Terrugem,75 ou mais anos,M,1222,351,816,725,36,55,30,0,25,0,11,11,2,1,111127,Sintra,Grande Lisboa
"""União das freguesias de Sintra (Santa Maria e São Miguel, São Martinho e São Pedro de Penaferrim)""",Total,H,14500,1664,5890,1983,1339,2568,3612,179,3155,26,290,1986,734,119,111128,Sintra,Grande Lisboa
"""União das freguesias de Sintra (Santa Maria e São Miguel, São Martinho e São Pedro de Penaferrim)""",Total,M,15396,1872,5696,2459,1134,2103,3431,154,4243,8,357,2925,848,105,111128,Sintra,Grande Lisboa
"""União das freguesias de Sintra (Santa Maria e São Miguel, São Martinho e São Pedro de Penaferrim)""",Menos de 15 anos,H,2173,1313,860,356,434,70,0,0,0,0,0,0,0,0,111128,Sintra,Grande Lisboa
"""União das freguesias de Sintra (Santa Maria e São Miguel, São Martinho e São Pedro de Penaferrim)""",Menos de 15 anos,M,2089,1251,838,328,443,67,0,0,0,0,0,0,0,0,111128,Sintra,Grande Lisboa
"""União das freguesias de Sintra (Santa Maria e São Miguel, São Martinho e São Pedro de Penaferrim)""",15 - 19 anos,H,911,2,606,2,66,538,301,0,2,2,0,0,0,0,111128,Sintra,Grande Lisboa
"""União das freguesias de Sintra (Santa Maria e São Miguel, São Martinho e São Pedro de Penaferrim)""",15 - 19 anos,M,859,4,498,4,44,450,357,0,0,0,0,0,0,0,111128,Sintra,Grande Lisboa
"""União das freguesias de Sintra (Santa Maria e São Miguel, São Martinho e São Pedro de Penaferrim)""",20 - 24 anos,H,872,13,129,4,16,109,516,21,193,5,0,153,35,0,111128,Sintra,Grande Lisboa
"""União das freguesias de Sintra (Santa Maria e São Miguel, São Martinho e São Pedro de Penaferrim)""",20 - 24 anos,M,787,10,66,2,4,60,417,13,281,3,0,243,34,1,111128,Sintra,Grande Lisboa
"""União das freguesias de Sintra (Santa Maria e São Miguel, São Martinho e São Pedro de Penaferrim)""",25 - 29 anos,H,778,13,148,6,29,113,308,18,291,7,0,160,123,1,111128,Sintra,Grande Lisboa
"""União das freguesias de Sintra (Santa Maria e São Miguel, São Martinho e São Pedro de Penaferrim)""",25 - 29 anos,M,701,11,62,1,9,52,226,18,384,3,0,217,161,3,111128,Sintra,Grande Lisboa
"""União das freguesias de Sintra (Santa Maria e São Miguel, São Martinho e São Pedro de Penaferrim)""",30 - 34 anos,H,789,13,201,7,50,144,286,28,261,6,1,136,110,8,111128,Sintra,Grande Lisboa
"""União das freguesias de Sintra (Santa Maria e São Miguel, São Martinho e São Pedro de Penaferrim)""",30 - 34 anos,M,685,12,92,2,14,76,194,19,368,2,1,214,145,6,111128,Sintra,Grande Lisboa
"""União das freguesias de Sintra (Santa Maria e São Miguel, São Martinho e São Pedro de Penaferrim)""",35 - 39 anos,H,872,11,251,11,53,187,297,20,293,5,22,186,71,9,111128,Sintra,Grande Lisboa
"""União das freguesias de Sintra (Santa Maria e São Miguel, São Martinho e São Pedro de Penaferrim)""",35 - 39 anos,M,914,18,131,3,29,99,251,30,484,0,10,343,115,16,111128,Sintra,Grande Lisboa
"""União das freguesias de Sintra (Santa Maria e São Miguel, São Martinho e São Pedro de Penaferrim)""",40 - 44 anos,H,1171,25,323,24,74,225,365,29,429,1,26,289,98,15,111128,Sintra,Grande Lisboa
"""União das freguesias de Sintra (Santa Maria e São Miguel, São Martinho e São Pedro de Penaferrim)""",40 - 44 anos,M,1202,38,192,17,34,141,332,24,616,0,38,461,106,11,111128,Sintra,Grande Lisboa
"""União das freguesias de Sintra (Santa Maria e São Miguel, São Martinho e São Pedro de Penaferrim)""",45 - 49 anos,H,1205,14,382,48,111,223,375,39,395,0,42,260,83,10,111128,Sintra,Grande Lisboa
"""União das freguesias de Sintra (Santa Maria e São Miguel, São Martinho e São Pedro de Penaferrim)""",45 - 49 anos,M,1299,17,262,31,68,163,406,34,580,0,54,432,84,10,111128,Sintra,Grande Lisboa
"""União das freguesias de Sintra (Santa Maria e São Miguel, São Martinho e São Pedro de Penaferrim)""",50 - 54 anos,H,1156,25,457,82,141,234,315,21,338,0,39,213,73,13,111128,Sintra,Grande Lisboa
"""União das freguesias de Sintra (Santa Maria e São Miguel, São Martinho e São Pedro de Penaferrim)""",50 - 54 anos,M,1324,23,408,78,128,202,362,13,518,0,68,353,79,18,111128,Sintra,Grande Lisboa
"""União das freguesias de Sintra (Santa Maria e São Miguel, São Martinho e São Pedro de Penaferrim)""",55 - 59 anos,H,1021,27,432,118,126,188,299,3,260,0,37,160,48,15,111128,Sintra,Grande Lisboa
"""União das freguesias de Sintra (Santa Maria e São Miguel, São Martinho e São Pedro de Penaferrim)""",55 - 59 anos,M,1157,26,444,138,101,205,335,3,349,0,49,244,44,12,111128,Sintra,Grande Lisboa
"""União das freguesias de Sintra (Santa Maria e São Miguel, São Martinho e São Pedro de Penaferrim)""",60 - 64 anos,H,926,20,415,189,93,133,249,0,242,0,35,152,42,13,111128,Sintra,Grande Lisboa
"""União das freguesias de Sintra (Santa Maria e São Miguel, São Martinho e São Pedro de Penaferrim)""",60 - 64 anos,M,995,22,449,206,83,160,246,0,278,0,43,186,39,10,111128,Sintra,Grande Lisboa
"""União das freguesias de Sintra (Santa Maria e São Miguel, São Martinho e São Pedro de Penaferrim)""",65 - 69 anos,H,775,36,399,251,46,102,139,0,201,0,40,118,24,19,111128,Sintra,Grande Lisboa
"""União das freguesias de Sintra (Santa Maria e São Miguel, São Martinho e São Pedro de Penaferrim)""",65 - 69 anos,M,881,48,514,340,51,123,155,0,164,0,33,101,20,10,111128,Sintra,Grande Lisboa
"""União das freguesias de Sintra (Santa Maria e São Miguel, São Martinho e São Pedro de Penaferrim)""",70 - 74 anos,H,693,41,442,259,53,130,87,0,123,0,21,75,15,12,111128,Sintra,Grande Lisboa
"""União das freguesias de Sintra (Santa Maria e São Miguel, São Martinho e São Pedro de Penaferrim)""",70 - 74 anos,M,791,45,580,393,45,142,58,0,108,0,28,64,11,5,111128,Sintra,Grande Lisboa
"""União das freguesias de Sintra (Santa Maria e São Miguel, São Martinho e São Pedro de Penaferrim)""",75 ou mais anos,H,1158,111,845,626,47,172,75,0,127,0,27,84,12,4,111128,Sintra,Grande Lisboa
"""União das freguesias de Sintra (Santa Maria e São Miguel, São Martinho e São Pedro de Penaferrim)""",75 ou mais anos,M,1712,347,1160,916,81,163,92,0,113,0,33,67,10,3,111128,Sintra,Grande Lisboa
União das freguesias do Cacém e São Marcos,Total,H,18558,2255,8340,2287,2107,3946,5395,353,2215,62,186,1479,437,51,111124,Sintra,Grande Lisboa
União das freguesias do Cacém e São Marcos,Total,M,21125,2718,8531,2990,1836,3705,6038,303,3535,29,251,2568,645,42,111124,Sintra,Grande Lisboa
União das freguesias do Cacém e São Marcos,Menos de 15 anos,H,3167,1930,1237,506,624,107,0,0,0,0,0,0,0,0,111124,Sintra,Grande Lisboa
União das freguesias do Cacém e São Marcos,Menos de 15 anos,M,3071,1898,1173,483,591,99,0,0,0,0,0,0,0,0,111124,Sintra,Grande Lisboa
União das freguesias do Cacém e São Marcos,15 - 19 anos,H,1209,3,825,5,112,708,377,0,4,4,0,0,0,0,111124,Sintra,Grande Lisboa
União das freguesias do Cacém e São Marcos,15 - 19 anos,M,1267,14,763,5,78,680,488,1,1,1,0,0,0,0,111124,Sintra,Grande Lisboa
União das freguesias do Cacém e São Marcos,20 - 24 anos,H,1355,15,245,3,29,213,831,36,228,22,0,177,29,0,111124,Sintra,Grande Lisboa
União das freguesias do Cacém e São Marcos,20 - 24 anos,M,1426,12,167,4,22,141,838,35,374,8,0,308,58,0,111124,Sintra,Grande Lisboa
União das freguesias do Cacém e São Marcos,25 - 29 anos,H,1372,18,265,5,45,215,646,68,375,14,0,246,112,3,111124,Sintra,Grande Lisboa
União das freguesias do Cacém e São Marcos,25 - 29 anos,M,1415,23,203,6,24,173,580,46,563,9,0,352,199,3,111124,Sintra,Grande Lisboa
União das freguesias do Cacém e São Marcos,30 - 34 anos,H,1324,19,304,10,54,240,543,70,388,10,5,249,119,5,111124,Sintra,Grande Lisboa
União das freguesias do Cacém e São Marcos,30 - 34 anos,M,1522,42,303,12,49,242,598,40,539,7,7,353,168,4,111124,Sintra,Grande Lisboa
União das freguesias do Cacém e São Marcos,35 - 39 anos,H,1256,19,414,24,74,316,481,51,291,12,30,182,63,4,111124,Sintra,Grande Lisboa
União das freguesias do Cacém e São Marcos,35 - 39 anos,M,1426,41,362,23,63,276,540,47,436,3,36,322,69,6,111124,Sintra,Grande Lisboa
União das freguesias do Cacém e São Marcos,40 - 44 anos,H,1510,24,607,49,126,432,592,57,230,0,31,156,37,6,111124,Sintra,Grande Lisboa
União das freguesias do Cacém e São Marcos,40 - 44 anos,M,1744,47,503,64,97,342,690,46,458,1,32,365,53,7,111124,Sintra,Grande Lisboa
União das freguesias do Cacém e São Marcos,45 - 49 anos,H,1686,29,753,92,241,420,646,40,218,0,39,145,26,8,111124,Sintra,Grande Lisboa
União das freguesias do Cacém e São Marcos,45 - 49 anos,M,2024,56,693,110,189,394,796,52,427,0,47,343,32,5,111124,Sintra,Grande Lisboa
União das freguesias do Cacém e São Marcos,50 - 54 anos,H,1525,26,813,141,270,402,499,26,161,0,16,120,21,4,111124,Sintra,Grande Lisboa
União das freguesias do Cacém e São Marcos,50 - 54 anos,M,1852,62,836,207,234,395,630,33,291,0,41,215,29,6,111124,Sintra,Grande Lisboa
União das freguesias do Cacém e São Marcos,55 - 59 anos,H,1140,24,670,192,192,286,333,5,108,0,16,65,18,9,111124,Sintra,Grande Lisboa
União das freguesias do Cacém e São Marcos,55 - 59 anos,M,1295,55,646,206,157,283,390,3,201,0,28,149,18,6,111124,Sintra,Grande Lisboa
União das freguesias do Cacém e São Marcos,60 - 64 anos,H,861,33,533,199,137,197,228,0,67,0,13,44,3,7,111124,Sintra,Grande Lisboa
União das freguesias do Cacém e São Marcos,60 - 64 anos,M,1066,65,646,305,120,221,237,0,118,0,21,83,11,3,111124,Sintra,Grande Lisboa
União das freguesias do Cacém e São Marcos,65 - 69 anos,H,675,27,483,270,82,131,101,0,64,0,19,38,5,2,111124,Sintra,Grande Lisboa
União das freguesias do Cacém e São Marcos,65 - 69 anos,M,898,62,654,367,88,199,127,0,55,0,13,35,5,2,111124,Sintra,Grande Lisboa
União das freguesias do Cacém e São Marcos,70 - 74 anos,H,616,23,492,308,59,125,62,0,39,0,10,27,1,1,111124,Sintra,Grande Lisboa
União das freguesias do Cacém e São Marcos,70 - 74 anos,M,807,76,625,423,54,148,74,0,32,0,12,19,1,0,111124,Sintra,Grande Lisboa
União das freguesias do Cacém e São Marcos,75 ou mais anos,H,862,65,699,483,62,154,56,0,42,0,7,30,3,2,111124,Sintra,Grande Lisboa
União das freguesias do Cacém e São Marcos,75 ou mais anos,M,1312,265,957,775,70,112,50,0,40,0,14,24,2,0,111124,Sintra,Grande Lisboa
Vila Franca de Xira,Total,H,65678,8053,30496,9937,7333,13226,17244,1073,8812,144,724,6095,1674,175,1114,Vila Franca de Xira,Grande Lisboa
Vila Franca de Xira,Total,M,71851,9174,30152,12720,6162,11270,17546,786,14193,62,910,10342,2653,226,1114,Vila Franca de Xira,Grande Lisboa
Vila Franca de Xira,Menos de 15 anos,H,10839,6689,4150,1711,2156,283,0,0,0,0,0,0,0,0,1114,Vila Franca de Xira,Grande Lisboa
Vila Franca de Xira,Menos de 15 anos,M,10081,6182,3899,1606,1972,321,0,0,0,0,0,0,0,0,1114,Vila Franca de Xira,Grande Lisboa
Vila Franca de Xira,15 - 19 anos,H,3918,31,2660,15,339,2306,1212,8,7,7,0,0,0,0,1114,Vila Franca de Xira,Grande Lisboa
Vila Franca de Xira,15 - 19 anos,M,3834,21,2411,12,265,2134,1397,3,2,2,0,0,0,0,1114,Vila Franca de Xira,Grande Lisboa
Vila Franca de Xira,20 - 24 anos,H,3728,40,763,14,101,648,2106,109,710,52,0,565,91,2,1114,Vila Franca de Xira,Grande Lisboa
Vila Franca de Xira,20 - 24 anos,M,3747,32,493,15,76,402,2112,64,1046,26,0,849,170,1,1114,Vila Franca de Xira,Grande Lisboa
Vila Franca de Xira,25 - 29 anos,H,3728,50,804,28,123,653,1609,153,1112,27,0,722,355,8,1114,Vila Franca de Xira,Grande Lisboa
Vila Franca de Xira,25 - 29 anos,M,3748,60,557,26,86,445,1350,106,1675,13,0,1033,620,9,1114,Vila Franca de Xira,Grande Lisboa
Vila Franca de Xira,30 - 34 anos,H,3950,46,1067,61,225,781,1564,177,1096,29,13,692,354,8,1114,Vila Franca de Xira,Grande Lisboa
Vila Franca de Xira,30 - 34 anos,M,4234,90,708,40,125,543,1465,140,1831,9,12,1151,631,28,1114,Vila Franca de Xira,Grande Lisboa
Vila Franca de Xira,35 - 39 anos,H,4677,65,1423,80,265,1078,1804,215,1170,26,59,812,253,20,1114,Vila Franca de Xira,Grande Lisboa
Vila Franca de Xira,35 - 39 anos,M,5041,107,969,53,164,752,1748,145,2072,8,91,1509,427,37,1114,Vila Franca de Xira,Grande Lisboa
Vila Franca de Xira,40 - 44 anos,H,5603,79,1899,137,428,1334,2115,178,1332,3,112,982,203,32,1114,Vila Franca de Xira,Grande Lisboa
Vila Franca de Xira,40 - 44 anos,M,6179,120,1270,101,255,914,2239,142,2408,4,110,1966,287,41,1114,Vila Franca de Xira,Grande Lisboa
Vila Franca de Xira,45 - 49 anos,H,5590,73,2191,243,671,1277,2112,136,1078,0,121,792,136,29,1114,Vila Franca de Xira,Grande Lisboa
Vila Franca de Xira,45 - 49 anos,M,6184,98,1783,255,475,1053,2258,114,1931,0,167,1516,214,34,1114,Vila Franca de Xira,Grande Lisboa
Vila Franca de Xira,50 - 54 anos,H,4599,63,2300,383,771,1146,1448,77,711,0,95,485,105,26,1114,Vila Franca de Xira,Grande Lisboa
Vila Franca de Xira,50 - 54 anos,M,5071,109,2112,425,658,1029,1653,61,1136,0,129,853,130,24,1114,Vila Franca de Xira,Grande Lisboa
Vila Franca de Xira,55 - 59 anos,H,4063,90,2276,616,734,926,1192,20,485,0,70,315,82,18,1114,Vila Franca de Xira,Grande Lisboa
Vila Franca de Xira,55 - 59 anos,M,4838,147,2513,764,666,1083,1378,11,789,0,85,579,99,26,1114,Vila Franca de Xira,Grande Lisboa
Vila Franca de Xira,60 - 64 anos,H,3839,117,2414,1001,581,832,912,0,396,0,77,263,39,17,1114,Vila Franca de Xira,Grande Lisboa
Vila Franca de Xira,60 - 64 anos,M,4614,206,2837,1304,570,963,1034,0,537,0,63,422,44,8,1114,Vila Franca de Xira,Grande Lisboa
Vila Franca de Xira,65 - 69 anos,H,3509,141,2484,1446,401,637,577,0,307,0,57,220,25,5,1114,Vila Franca de Xira,Grande Lisboa
Vila Franca de Xira,65 - 69 anos,M,4248,239,3150,2073,350,727,525,0,334,0,91,224,13,6,1114,Vila Franca de Xira,Grande Lisboa
Vila Franca de Xira,70 - 74 anos,H,3098,135,2452,1554,282,616,308,0,203,0,58,125,17,3,1114,Vila Franca de Xira,Grande Lisboa
Vila Franca de Xira,70 - 74 anos,M,3504,260,2814,2089,237,488,218,0,212,0,66,131,8,7,1114,Vila Franca de Xira,Grande Lisboa
Vila Franca de Xira,75 ou mais anos,H,4537,434,3613,2648,256,709,285,0,205,0,62,122,14,7,1114,Vila Franca de Xira,Grande Lisboa
Vila Franca de Xira,75 ou mais anos,M,6528,1503,4636,3957,263,416,169,0,220,0,96,109,10,5,1114,Vila Franca de Xira,Grande Lisboa
"""União das freguesias de Alhandra, São João dos Montes e Calhandriz""",Total,H,6041,758,2992,1108,695,1189,1450,87,754,16,58,516,148,16,111412,Vila Franca de Xira,Grande Lisboa
"""União das freguesias de Alhandra, São João dos Montes e Calhandriz""",Total,M,6604,880,2973,1407,577,989,1523,71,1157,4,75,858,199,21,111412,Vila Franca de Xira,Grande Lisboa
"""União das freguesias de Alhandra, São João dos Montes e Calhandriz""",Menos de 15 anos,H,944,589,355,150,182,23,0,0,0,0,0,0,0,0,111412,Vila Franca de Xira,Grande Lisboa
"""União das freguesias de Alhandra, São João dos Montes e Calhandriz""",Menos de 15 anos,M,812,509,303,119,157,27,0,0,0,0,0,0,0,0,111412,Vila Franca de Xira,Grande Lisboa
"""União das freguesias de Alhandra, São João dos Montes e Calhandriz""",15 - 19 anos,H,316,3,223,4,35,184,88,1,1,1,0,0,0,0,111412,Vila Franca de Xira,Grande Lisboa
"""União das freguesias de Alhandra, São João dos Montes e Calhandriz""",15 - 19 anos,M,367,1,232,1,40,191,133,1,0,0,0,0,0,0,111412,Vila Franca de Xira,Grande Lisboa
"""União das freguesias de Alhandra, São João dos Montes e Calhandriz""",20 - 24 anos,H,336,6,75,0,10,65,175,7,73,8,0,51,14,0,111412,Vila Franca de Xira,Grande Lisboa
"""União das freguesias de Alhandra, São João dos Montes e Calhandriz""",20 - 24 anos,M,351,6,36,1,5,30,203,9,97,3,0,80,14,0,111412,Vila Franca de Xira,Grande Lisboa
"""União das freguesias de Alhandra, São João dos Montes e Calhandriz""",25 - 29 anos,H,300,4,81,2,11,68,111,6,98,2,0,59,36,1,111412,Vila Franca de Xira,Grande Lisboa
"""União das freguesias de Alhandra, São João dos Montes e Calhandriz""",25 - 29 anos,M,316,3,58,3,11,44,111,6,138,0,0,81,57,0,111412,Vila Franca de Xira,Grande Lisboa
"""União das freguesias de Alhandra, São João dos Montes e Calhandriz""",30 - 34 anos,H,325,4,112,6,32,74,109,15,85,2,0,53,30,0,111412,Vila Franca de Xira,Grande Lisboa
"""União das freguesias de Alhandra, São João dos Montes e Calhandriz""",30 - 34 anos,M,337,5,59,4,19,36,114,13,146,0,2,99,40,5,111412,Vila Franca de Xira,Grande Lisboa
"""União das freguesias de Alhandra, São João dos Montes e Calhandriz""",35 - 39 anos,H,391,5,120,12,26,82,167,19,80,2,5,54,16,3,111412,Vila Franca de Xira,Grande Lisboa
"""União das freguesias de Alhandra, São João dos Montes e Calhandriz""",35 - 39 anos,M,422,9,87,9,18,60,142,19,165,0,8,121,33,3,111412,Vila Franca de Xira,Grande Lisboa
"""União das freguesias de Alhandra, São João dos Montes e Calhandriz""",40 - 44 anos,H,453,6,172,12,42,118,149,16,110,1,6,80,20,3,111412,Vila Franca de Xira,Grande Lisboa
"""União das freguesias de Alhandra, São João dos Montes e Calhandriz""",40 - 44 anos,M,451,12,85,2,16,67,169,8,177,1,10,142,21,3,111412,Vila Franca de Xira,Grande Lisboa
"""União das freguesias de Alhandra, São João dos Montes e Calhandriz""",45 - 49 anos,H,468,9,199,22,78,99,180,9,71,0,10,48,10,3,111412,Vila Franca de Xira,Grande Lisboa
"""União das freguesias de Alhandra, São João dos Montes e Calhandriz""",45 - 49 anos,M,550,10,164,21,54,89,202,11,163,0,12,132,14,5,111412,Vila Franca de Xira,Grande Lisboa
"""União das freguesias de Alhandra, São João dos Montes e Calhandriz""",50 - 54 anos,H,449,9,221,45,63,113,132,12,75,0,8,55,9,3,111412,Vila Franca de Xira,Grande Lisboa
"""União das freguesias de Alhandra, São João dos Montes e Calhandriz""",50 - 54 anos,M,459,8,183,44,49,90,172,3,93,0,10,74,7,2,111412,Vila Franca de Xira,Grande Lisboa
"""União das freguesias de Alhandra, São João dos Montes e Calhandriz""",55 - 59 anos,H,433,7,232,72,74,86,144,2,48,0,3,39,5,1,111412,Vila Franca de Xira,Grande Lisboa
"""União das freguesias de Alhandra, São João dos Montes e Calhandriz""",55 - 59 anos,M,447,18,238,74,66,98,114,1,76,0,3,61,10,2,111412,Vila Franca de Xira,Grande Lisboa
"""União das freguesias de Alhandra, São João dos Montes e Calhandriz""",60 - 64 anos,H,376,9,231,108,51,72,94,0,42,0,6,32,3,1,111412,Vila Franca de Xira,Grande Lisboa
"""União das freguesias de Alhandra, São João dos Montes e Calhandriz""",60 - 64 anos,M,409,22,259,135,47,77,89,0,39,0,5,32,2,0,111412,Vila Franca de Xira,Grande Lisboa
"""União das freguesias de Alhandra, São João dos Montes e Calhandriz""",65 - 69 anos,H,314,13,226,137,38,51,47,0,28,0,7,18,2,1,111412,Vila Franca de Xira,Grande Lisboa
"""União das freguesias de Alhandra, São João dos Montes e Calhandriz""",65 - 69 anos,M,403,18,317,214,31,72,45,0,23,0,9,14,0,0,111412,Vila Franca de Xira,Grande Lisboa
"""União das freguesias de Alhandra, São João dos Montes e Calhandriz""",70 - 74 anos,H,334,17,269,181,21,67,28,0,20,0,5,14,1,0,111412,Vila Franca de Xira,Grande Lisboa
"""União das freguesias de Alhandra, São João dos Montes e Calhandriz""",70 - 74 anos,M,399,31,334,244,37,53,19,0,15,0,6,7,1,1,111412,Vila Franca de Xira,Grande Lisboa
"""União das freguesias de Alhandra, São João dos Montes e Calhandriz""",75 ou mais anos,H,602,77,476,357,32,87,26,0,23,0,8,13,2,0,111412,Vila Franca de Xira,Grande Lisboa
"""União das freguesias de Alhandra, São João dos Montes e Calhandriz""",75 ou mais anos,M,881,228,618,536,27,55,10,0,25,0,10,15,0,0,111412,Vila Franca de Xira,Grande Lisboa
União das freguesias de Alverca do Ribatejo e Sobralinho,Total,H,17465,2068,7717,2602,1736,3379,4747,296,2637,35,214,1841,495,52,111413,Vila Franca de Xira,Grande Lisboa
União das freguesias de Alverca do Ribatejo e Sobralinho,Total,M,19000,2438,7755,3443,1526,2786,4457,214,4136,21,269,2946,830,70,111413,Vila Franca de Xira,Grande Lisboa
União das freguesias de Alverca do Ribatejo e Sobralinho,Menos de 15 anos,H,2777,1752,1025,442,514,69,0,0,0,0,0,0,0,0,111413,Vila Franca de Xira,Grande Lisboa
União das freguesias de Alverca do Ribatejo e Sobralinho,Menos de 15 anos,M,2602,1640,962,399,479,84,0,0,0,0,0,0,0,0,111413,Vila Franca de Xira,Grande Lisboa
União das freguesias de Alverca do Ribatejo e Sobralinho,15 - 19 anos,H,982,5,655,4,63,588,317,3,2,2,0,0,0,0,111413,Vila Franca de Xira,Grande Lisboa
União das freguesias de Alverca do Ribatejo e Sobralinho,15 - 19 anos,M,894,2,564,1,53,510,327,0,1,1,0,0,0,0,111413,Vila Franca de Xira,Grande Lisboa
União das freguesias de Alverca do Ribatejo e Sobralinho,20 - 24 anos,H,946,5,175,0,19,156,528,37,201,14,0,162,23,2,111413,Vila Franca de Xira,Grande Lisboa
União das freguesias de Alverca do Ribatejo e Sobralinho,20 - 24 anos,M,947,7,105,3,11,91,514,11,310,8,0,246,55,1,111413,Vila Franca de Xira,Grande Lisboa
União das freguesias de Alverca do Ribatejo e Sobralinho,25 - 29 anos,H,1022,12,199,8,37,154,452,35,324,7,0,215,97,5,111413,Vila Franca de Xira,Grande Lisboa
União das freguesias de Alverca do Ribatejo e Sobralinho,25 - 29 anos,M,1012,15,131,2,21,108,346,35,485,4,0,285,194,2,111413,Vila Franca de Xira,Grande Lisboa
União das freguesias de Alverca do Ribatejo e Sobralinho,30 - 34 anos,H,1039,11,253,14,47,192,402,44,329,5,4,206,113,1,111413,Vila Franca de Xira,Grande Lisboa
União das freguesias de Alverca do Ribatejo e Sobralinho,30 - 34 anos,M,1091,25,149,3,27,119,355,41,521,2,3,314,193,9,111413,Vila Franca de Xira,Grande Lisboa
União das freguesias de Alverca do Ribatejo e Sobralinho,35 - 39 anos,H,1277,16,334,16,57,261,503,52,372,7,19,267,72,7,111413,Vila Franca de Xira,Grande Lisboa
União das freguesias de Alverca do Ribatejo e Sobralinho,35 - 39 anos,M,1357,32,199,10,42,147,453,32,641,5,30,445,151,10,111413,Vila Franca de Xira,Grande Lisboa
União das freguesias de Alverca do Ribatejo e Sobralinho,40 - 44 anos,H,1497,24,419,26,87,306,566,52,436,0,38,327,62,9,111413,Vila Franca de Xira,Grande Lisboa
União das freguesias de Alverca do Ribatejo e Sobralinho,40 - 44 anos,M,1630,35,300,25,67,208,562,40,693,1,31,563,88,10,111413,Vila Franca de Xira,Grande Lisboa
União das freguesias de Alverca do Ribatejo e Sobralinho,45 - 49 anos,H,1484,13,518,47,156,315,588,44,321,0,38,230,42,11,111413,Vila Franca de Xira,Grande Lisboa
União das freguesias de Alverca do Ribatejo e Sobralinho,45 - 49 anos,M,1631,26,417,49,103,265,597,34,557,0,52,423,69,13,111413,Vila Franca de Xira,Grande Lisboa
União das freguesias de Alverca do Ribatejo e Sobralinho,50 - 54 anos,H,1253,12,573,92,184,297,442,22,204,0,21,143,34,6,111413,Vila Franca de Xira,Grande Lisboa
União das freguesias de Alverca do Ribatejo e Sobralinho,50 - 54 anos,M,1308,26,498,88,159,251,429,20,335,0,38,259,31,7,111413,Vila Franca de Xira,Grande Lisboa
União das freguesias de Alverca do Ribatejo e Sobralinho,55 - 59 anos,H,1073,19,561,132,179,250,329,7,157,0,24,102,28,3,111413,Vila Franca de Xira,Grande Lisboa
União das freguesias de Alverca do Ribatejo e Sobralinho,55 - 59 anos,M,1263,26,630,175,180,275,379,1,227,0,24,165,29,9,111413,Vila Franca de Xira,Grande Lisboa
União das freguesias de Alverca do Ribatejo e Sobralinho,60 - 64 anos,H,956,22,590,228,153,209,243,0,101,0,21,69,7,4,111413,Vila Franca de Xira,Grande Lisboa
União das freguesias de Alverca do Ribatejo e Sobralinho,60 - 64 anos,M,1206,36,767,330,156,281,254,0,149,0,13,121,13,2,111413,Vila Franca de Xira,Grande Lisboa
União das freguesias de Alverca do Ribatejo e Sobralinho,65 - 69 anos,H,936,22,647,374,91,182,190,0,77,0,15,53,7,2,111413,Vila Franca de Xira,Grande Lisboa
União das freguesias de Alverca do Ribatejo e Sobralinho,65 - 69 anos,M,1098,56,813,539,84,190,135,0,94,0,26,63,3,2,111413,Vila Franca de Xira,Grande Lisboa
União das freguesias de Alverca do Ribatejo e Sobralinho,70 - 74 anos,H,875,35,679,411,84,184,97,0,64,0,20,36,6,2,111413,Vila Franca de Xira,Grande Lisboa
União das freguesias de Alverca do Ribatejo e Sobralinho,70 - 74 anos,M,1006,60,815,610,64,141,59,0,72,0,25,41,3,3,111413,Vila Franca de Xira,Grande Lisboa
União das freguesias de Alverca do Ribatejo e Sobralinho,75 ou mais anos,H,1348,120,1089,808,65,216,90,0,49,0,14,31,4,0,111413,Vila Franca de Xira,Grande Lisboa
União das freguesias de Alverca do Ribatejo e Sobralinho,75 ou mais anos,M,1955,452,1405,1209,80,116,47,0,51,0,27,21,1,2,111413,Vila Franca de Xira,Grande Lisboa
União das freguesias de Castanheira do Ribatejo e Cachoeiras,Total,H,3806,448,1956,671,463,822,957,55,390,11,44,247,80,8,111414,Vila Franca de Xira,Grande Lisboa
União das freguesias de Castanheira do Ribatejo e Cachoeiras,Total,M,4148,529,1944,880,356,708,1025,47,603,7,41,432,112,11,111414,Vila Franca de Xira,Grande Lisboa
União das freguesias de Castanheira do Ribatejo e Cachoeiras,Menos de 15 anos,H,566,339,227,88,122,17,0,0,0,0,0,0,0,0,111414,Vila Franca de Xira,Grande Lisboa
União das freguesias de Castanheira do Ribatejo e Cachoeiras,Menos de 15 anos,M,533,324,209,87,103,19,0,0,0,0,0,0,0,0,111414,Vila Franca de Xira,Grande Lisboa
União das freguesias de Castanheira do Ribatejo e Cachoeiras,15 - 19 anos,H,231,3,159,1,19,139,67,1,1,1,0,0,0,0,111414,Vila Franca de Xira,Grande Lisboa
União das freguesias de Castanheira do Ribatejo e Cachoeiras,15 - 19 anos,M,233,2,150,0,18,132,79,1,1,1,0,0,0,0,111414,Vila Franca de Xira,Grande Lisboa
União das freguesias de Castanheira do Ribatejo e Cachoeiras,20 - 24 anos,H,242,8,63,3,12,48,122,8,41,5,0,31,5,0,111414,Vila Franca de Xira,Grande Lisboa
União das freguesias de Castanheira do Ribatejo e Cachoeiras,20 - 24 anos,M,235,3,35,2,6,27,138,6,53,2,0,43,8,0,111414,Vila Franca de Xira,Grande Lisboa
União das freguesias de Castanheira do Ribatejo e Cachoeiras,25 - 29 anos,H,224,7,54,5,11,38,99,13,51,2,0,31,18,0,111414,Vila Franca de Xira,Grande Lisboa
União das freguesias de Castanheira do Ribatejo e Cachoeiras,25 - 29 anos,M,201,7,46,3,6,37,88,5,55,3,0,36,16,0,111414,Vila Franca de Xira,Grande Lisboa
União das freguesias de Castanheira do Ribatejo e Cachoeiras,30 - 34 anos,H,221,6,76,3,19,54,81,8,50,1,1,30,18,0,111414,Vila Franca de Xira,Grande Lisboa
União das freguesias de Castanheira do Ribatejo e Cachoeiras,30 - 34 anos,M,228,5,47,2,5,40,83,9,84,0,2,51,30,1,111414,Vila Franca de Xira,Grande Lisboa
União das freguesias de Castanheira do Ribatejo e Cachoeiras,35 - 39 anos,H,248,3,107,8,19,80,82,12,44,2,2,27,11,2,111414,Vila Franca de Xira,Grande Lisboa
União das freguesias de Castanheira do Ribatejo e Cachoeiras,35 - 39 anos,M,237,5,66,3,11,52,81,7,78,1,5,54,17,1,111414,Vila Franca de Xira,Grande Lisboa
União das freguesias de Castanheira do Ribatejo e Cachoeiras,40 - 44 anos,H,311,5,140,19,25,96,105,8,53,0,6,40,6,1,111414,Vila Franca de Xira,Grande Lisboa
União das freguesias de Castanheira do Ribatejo e Cachoeiras,40 - 44 anos,M,345,8,90,10,20,60,127,7,113,0,3,93,10,7,111414,Vila Franca de Xira,Grande Lisboa
União das freguesias de Castanheira do Ribatejo e Cachoeiras,45 - 49 anos,H,300,1,128,19,47,62,128,3,40,0,10,23,5,2,111414,Vila Franca de Xira,Grande Lisboa
União das freguesias de Castanheira do Ribatejo e Cachoeiras,45 - 49 anos,M,323,4,109,17,27,65,123,11,76,0,6,59,11,0,111414,Vila Franca de Xira,Grande Lisboa
União das freguesias de Castanheira do Ribatejo e Cachoeiras,50 - 54 anos,H,266,4,154,29,46,79,76,2,30,0,6,19,4,1,111414,Vila Franca de Xira,Grande Lisboa
União das freguesias de Castanheira do Ribatejo e Cachoeiras,50 - 54 anos,M,332,9,166,45,48,73,108,1,48,0,2,37,8,1,111414,Vila Franca de Xira,Grande Lisboa
União das freguesias de Castanheira do Ribatejo e Cachoeiras,55 - 59 anos,H,274,5,158,53,48,57,81,0,30,0,6,18,5,1,111414,Vila Franca de Xira,Grande Lisboa
União das freguesias de Castanheira do Ribatejo e Cachoeiras,55 - 59 anos,M,297,8,161,61,38,62,89,0,39,0,7,25,7,0,111414,Vila Franca de Xira,Grande Lisboa
União das freguesias de Castanheira do Ribatejo e Cachoeiras,60 - 64 anos,H,254,12,164,75,38,51,60,0,18,0,6,8,3,1,111414,Vila Franca de Xira,Grande Lisboa
União das freguesias de Castanheira do Ribatejo e Cachoeiras,60 - 64 anos,M,278,13,175,83,42,50,65,0,25,0,4,15,5,1,111414,Vila Franca de Xira,Grande Lisboa
União das freguesias de Castanheira do Ribatejo e Cachoeiras,65 - 69 anos,H,184,8,142,86,23,33,20,0,14,0,3,9,2,0,111414,Vila Franca de Xira,Grande Lisboa
União das freguesias de Castanheira do Ribatejo e Cachoeiras,65 - 69 anos,M,247,11,198,140,17,41,25,0,13,0,6,7,0,0,111414,Vila Franca de Xira,Grande Lisboa
União das freguesias de Castanheira do Ribatejo e Cachoeiras,70 - 74 anos,H,180,12,146,92,22,32,16,0,6,0,1,4,1,0,111414,Vila Franca de Xira,Grande Lisboa
União das freguesias de Castanheira do Ribatejo e Cachoeiras,70 - 74 anos,M,218,17,186,159,6,21,9,0,6,0,2,4,0,0,111414,Vila Franca de Xira,Grande Lisboa
União das freguesias de Castanheira do Ribatejo e Cachoeiras,75 ou mais anos,H,305,35,238,190,12,36,20,0,12,0,3,7,2,0,111414,Vila Franca de Xira,Grande Lisboa
União das freguesias de Castanheira do Ribatejo e Cachoeiras,75 ou mais anos,M,441,113,306,268,9,29,10,0,12,0,4,8,0,0,111414,Vila Franca de Xira,Grande Lisboa
União das freguesias de Póvoa de Santa Iria e Forte da Casa,Total,H,19542,2243,8772,2621,2216,3935,5356,332,2839,52,228,1962,543,54,111415,Vila Franca de Xira,Grande Lisboa
União das freguesias de Póvoa de Santa Iria e Forte da Casa,Total,M,21329,2490,8505,3285,1777,3443,5538,244,4552,19,266,3380,819,68,111415,Vila Franca de Xira,Grande Lisboa
União das freguesias de Póvoa de Santa Iria e Forte da Casa,Menos de 15 anos,H,3177,1926,1251,487,685,79,0,0,0,0,0,0,0,0,111415,Vila Franca de Xira,Grande Lisboa
União das freguesias de Póvoa de Santa Iria e Forte da Casa,Menos de 15 anos,M,3044,1827,1217,514,615,88,0,0,0,0,0,0,0,0,111415,Vila Franca de Xira,Grande Lisboa
União das freguesias de Póvoa de Santa Iria e Forte da Casa,15 - 19 anos,H,1238,12,823,1,103,719,400,2,1,1,0,0,0,0,111415,Vila Franca de Xira,Grande Lisboa
União das freguesias de Póvoa de Santa Iria e Forte da Casa,15 - 19 anos,M,1202,7,726,2,76,648,469,0,0,0,0,0,0,0,111415,Vila Franca de Xira,Grande Lisboa
União das freguesias de Póvoa de Santa Iria e Forte da Casa,20 - 24 anos,H,1130,8,199,4,27,168,673,31,219,18,0,169,32,0,111415,Vila Franca de Xira,Grande Lisboa
União das freguesias de Póvoa de Santa Iria e Forte da Casa,20 - 24 anos,M,1146,9,135,3,15,117,658,18,326,10,0,264,52,0,111415,Vila Franca de Xira,Grande Lisboa
União das freguesias de Póvoa de Santa Iria e Forte da Casa,25 - 29 anos,H,1145,12,212,5,25,182,505,52,364,11,0,228,124,1,111415,Vila Franca de Xira,Grande Lisboa
União das freguesias de Póvoa de Santa Iria e Forte da Casa,25 - 29 anos,M,1135,21,132,5,15,112,380,31,571,3,0,352,212,4,111415,Vila Franca de Xira,Grande Lisboa
União das freguesias de Póvoa de Santa Iria e Forte da Casa,30 - 34 anos,H,1247,14,285,9,54,222,513,62,373,13,4,239,112,5,111415,Vila Franca de Xira,Grande Lisboa
União das freguesias de Póvoa de Santa Iria e Forte da Casa,30 - 34 anos,M,1344,26,184,11,27,146,467,49,618,5,3,400,201,9,111415,Vila Franca de Xira,Grande Lisboa
União das freguesias de Póvoa de Santa Iria e Forte da Casa,35 - 39 anos,H,1386,18,389,17,72,300,505,68,406,8,23,275,93,7,111415,Vila Franca de Xira,Grande Lisboa
União das freguesias de Póvoa de Santa Iria e Forte da Casa,35 - 39 anos,M,1515,32,267,11,32,224,542,39,635,1,20,492,109,13,111415,Vila Franca de Xira,Grande Lisboa
União das freguesias de Póvoa de Santa Iria e Forte da Casa,40 - 44 anos,H,1661,18,518,26,114,378,665,53,407,1,36,302,59,9,111415,Vila Franca de Xira,Grande Lisboa
União das freguesias de Póvoa de Santa Iria e Forte da Casa,40 - 44 anos,M,1968,33,386,29,68,289,717,51,781,0,40,642,86,13,111415,Vila Franca de Xira,Grande Lisboa
União das freguesias de Póvoa de Santa Iria e Forte da Casa,45 - 49 anos,H,1742,21,675,69,191,415,655,39,352,0,32,274,40,6,111415,Vila Franca de Xira,Grande Lisboa
União das freguesias de Póvoa de Santa Iria e Forte da Casa,45 - 49 anos,M,1981,31,544,70,147,327,732,31,643,0,53,517,64,9,111415,Vila Franca de Xira,Grande Lisboa
União das freguesias de Póvoa de Santa Iria e Forte da Casa,50 - 54 anos,H,1496,15,749,99,263,387,470,17,245,0,30,176,32,7,111415,Vila Franca de Xira,Grande Lisboa
União das freguesias de Póvoa de Santa Iria e Forte da Casa,50 - 54 anos,M,1631,25,683,126,214,343,528,19,376,0,36,283,50,7,111415,Vila Franca de Xira,Grande Lisboa
União das freguesias de Póvoa de Santa Iria e Forte da Casa,55 - 59 anos,H,1264,23,727,185,233,309,364,8,142,0,22,84,28,8,111415,Vila Franca de Xira,Grande Lisboa
União das freguesias de Póvoa de Santa Iria e Forte da Casa,55 - 59 anos,M,1533,43,816,236,200,380,436,6,232,0,28,172,25,7,111415,Vila Franca de Xira,Grande Lisboa
União das freguesias de Póvoa de Santa Iria e Forte da Casa,60 - 64 anos,H,1186,34,743,292,190,261,277,0,132,0,31,84,11,6,111415,Vila Franca de Xira,Grande Lisboa
União das freguesias de Póvoa de Santa Iria e Forte da Casa,60 - 64 anos,M,1471,62,901,406,165,330,343,0,165,0,21,131,11,2,111415,Vila Franca de Xira,Grande Lisboa
União das freguesias de Póvoa de Santa Iria e Forte da Casa,65 - 69 anos,H,1120,45,788,468,116,204,188,0,99,0,17,76,4,2,111415,Vila Franca de Xira,Grande Lisboa
União das freguesias de Póvoa de Santa Iria e Forte da Casa,65 - 69 anos,M,1242,62,916,610,92,214,160,0,104,0,28,70,3,3,111415,Vila Franca de Xira,Grande Lisboa
União das freguesias de Póvoa de Santa Iria e Forte da Casa,70 - 74 anos,H,845,31,683,445,74,164,77,0,54,0,17,31,6,0,111415,Vila Franca de Xira,Grande Lisboa
União das freguesias de Póvoa de Santa Iria e Forte da Casa,70 - 74 anos,M,895,64,712,501,57,154,65,0,54,0,17,34,2,1,111415,Vila Franca de Xira,Grande Lisboa
União das freguesias de Póvoa de Santa Iria e Forte da Casa,75 ou mais anos,H,905,66,730,514,69,147,64,0,45,0,16,24,2,3,111415,Vila Franca de Xira,Grande Lisboa
União das freguesias de Póvoa de Santa Iria e Forte da Casa,75 ou mais anos,M,1222,248,886,761,54,71,41,0,47,0,20,23,4,0,111415,Vila Franca de Xira,Grande Lisboa
Vialonga,Total,H,10261,1483,5095,1613,1270,2212,2586,192,905,15,65,650,159,16,111408,Vila Franca de Xira,Grande Lisboa
Vialonga,Total,M,10997,1552,4848,1907,1077,1864,2825,122,1650,3,95,1243,288,21,111408,Vila Franca de Xira,Grande Lisboa
Vialonga,Menos de 15 anos,H,2052,1275,777,311,405,61,0,0,0,0,0,0,0,0,111408,Vila Franca de Xira,Grande Lisboa
Vialonga,Menos de 15 anos,M,1834,1097,737,291,385,61,0,0,0,0,0,0,0,0,111408,Vila Franca de Xira,Grande Lisboa
Vialonga,15 - 19 anos,H,648,3,448,1,49,398,195,1,1,1,0,0,0,0,111408,Vila Franca de Xira,Grande Lisboa
Vialonga,15 - 19 anos,M,661,4,440,2,37,401,216,1,0,0,0,0,0,0,111408,Vila Franca de Xira,Grande Lisboa
Vialonga,20 - 24 anos,H,589,3,138,4,14,120,349,15,84,3,0,73,8,0,111408,Vila Franca de Xira,Grande Lisboa
Vialonga,20 - 24 anos,M,571,1,78,3,10,65,358,12,122,1,0,102,19,0,111408,Vila Franca de Xira,Grande Lisboa
Vialonga,25 - 29 anos,H,549,7,137,4,15,118,255,26,124,3,0,87,33,1,111408,Vila Franca de Xira,Grande Lisboa
Vialonga,25 - 29 anos,M,569,5,94,9,9,76,264,15,191,0,0,132,58,1,111408,Vila Franca de Xira,Grande Lisboa
Vialonga,30 - 34 anos,H,582,9,196,11,37,148,241,31,105,2,3,68,31,1,111408,Vila Franca de Xira,Grande Lisboa
Vialonga,30 - 34 anos,M,682,14,166,15,22,129,278,13,211,2,2,139,67,1,111408,Vila Franca de Xira,Grande Lisboa
Vialonga,35 - 39 anos,H,810,12,299,11,51,237,327,41,131,6,4,94,27,0,111408,Vila Franca de Xira,Grande Lisboa
Vialonga,35 - 39 anos,M,909,17,219,12,30,177,339,31,303,0,12,231,55,5,111408,Vila Franca de Xira,Grande Lisboa
Vialonga,40 - 44 anos,H,1009,9,432,34,100,298,395,33,140,0,9,104,24,3,111408,Vila Franca de Xira,Grande Lisboa
Vialonga,40 - 44 anos,M,1096,16,251,17,52,182,439,24,366,0,19,301,43,3,111408,Vila Franca de Xira,Grande Lisboa
Vialonga,45 - 49 anos,H,926,11,416,60,120,236,333,28,138,0,10,112,14,2,111408,Vila Franca de Xira,Grande Lisboa
Vialonga,45 - 49 anos,M,980,18,358,57,99,202,370,16,218,0,23,169,23,3,111408,Vila Franca de Xira,Grande Lisboa
Vialonga,50 - 54 anos,H,628,10,367,68,145,154,170,14,67,0,18,36,8,5,111408,Vila Franca de Xira,Grande Lisboa
Vialonga,50 - 54 anos,M,670,18,329,75,113,141,206,10,107,0,13,78,13,3,111408,Vila Franca de Xira,Grande Lisboa
Vialonga,55 - 59 anos,H,474,13,322,104,108,110,108,3,28,0,6,17,5,0,111408,Vila Franca de Xira,Grande Lisboa
Vialonga,55 - 59 anos,M,609,27,382,118,112,152,148,0,52,0,9,36,4,3,111408,Vila Franca de Xira,Grande Lisboa
Vialonga,60 - 64 anos,H,555,27,396,177,95,124,106,0,26,0,1,17,5,3,111408,Vila Franca de Xira,Grande Lisboa
Vialonga,60 - 64 anos,M,623,46,420,210,88,122,121,0,36,0,5,28,3,0,111408,Vila Franca de Xira,Grande Lisboa
Vialonga,65 - 69 anos,H,476,26,372,222,63,87,56,0,22,0,4,17,1,0,111408,Vila Franca de Xira,Grande Lisboa
Vialonga,65 - 69 anos,M,637,55,509,348,73,88,53,0,20,0,5,13,2,0,111408,Vila Franca de Xira,Grande Lisboa
Vialonga,70 - 74 anos,H,417,19,352,242,44,66,26,0,20,0,5,13,1,1,111408,Vila Franca de Xira,Grande Lisboa
Vialonga,70 - 74 anos,M,457,45,382,312,29,41,17,0,13,0,4,9,0,0,111408,Vila Franca de Xira,Grande Lisboa
Vialonga,75 ou mais anos,H,546,59,443,364,24,55,25,0,19,0,5,12,2,0,111408,Vila Franca de Xira,Grande Lisboa
Vialonga,75 ou mais anos,M,699,189,483,438,18,27,16,0,11,0,3,5,1,2,111408,Vila Franca de Xira,Grande Lisboa
Vila Franca de Xira,Total,H,8563,1053,3964,1322,953,1689,2148,111,1287,15,115,879,249,29,111409,Vila Franca de Xira,Grande Lisboa
Vila Franca de Xira,Total,M,9773,1285,4127,1798,849,1480,2178,88,2095,8,164,1483,405,35,111409,Vila Franca de Xira,Grande Lisboa
Vila Franca de Xira,Menos de 15 anos,H,1323,808,515,233,248,34,0,0,0,0,0,0,0,0,111409,Vila Franca de Xira,Grande Lisboa
Vila Franca de Xira,Menos de 15 anos,M,1256,785,471,196,233,42,0,0,0,0,0,0,0,0,111409,Vila Franca de Xira,Grande Lisboa
Vila Franca de Xira,15 - 19 anos,H,503,5,352,4,70,278,145,0,1,1,0,0,0,0,111409,Vila Franca de Xira,Grande Lisboa
Vila Franca de Xira,15 - 19 anos,M,477,5,299,6,41,252,173,0,0,0,0,0,0,0,111409,Vila Franca de Xira,Grande Lisboa
Vila Franca de Xira,20 - 24 anos,H,485,10,113,3,19,91,259,11,92,4,0,79,9,0,111409,Vila Franca de Xira,Grande Lisboa
Vila Franca de Xira,20 - 24 anos,M,497,6,104,3,29,72,241,8,138,2,0,114,22,0,111409,Vila Franca de Xira,Grande Lisboa
Vila Franca de Xira,25 - 29 anos,H,488,8,121,4,24,93,187,21,151,2,0,102,47,0,111409,Vila Franca de Xira,Grande Lisboa
Vila Franca de Xira,25 - 29 anos,M,515,9,96,4,24,68,161,14,235,3,0,147,83,2,111409,Vila Franca de Xira,Grande Lisboa
Vila Franca de Xira,30 - 34 anos,H,536,2,145,18,36,91,218,17,154,6,1,96,50,1,111409,Vila Franca de Xira,Grande Lisboa
Vila Franca de Xira,30 - 34 anos,M,552,15,103,5,25,73,168,15,251,0,0,148,100,3,111409,Vila Franca de Xira,Grande Lisboa
Vila Franca de Xira,35 - 39 anos,H,565,11,174,16,40,118,220,23,137,1,6,95,34,1,111409,Vila Franca de Xira,Grande Lisboa
Vila Franca de Xira,35 - 39 anos,M,601,12,131,8,31,92,191,17,250,1,16,166,62,5,111409,Vila Franca de Xira,Grande Lisboa
Vila Franca de Xira,40 - 44 anos,H,672,17,218,20,60,138,235,16,186,1,17,129,32,7,111409,Vila Franca de Xira,Grande Lisboa
Vila Franca de Xira,40 - 44 anos,M,689,16,158,18,32,108,225,12,278,2,7,225,39,5,111409,Vila Franca de Xira,Grande Lisboa
Vila Franca de Xira,45 - 49 anos,H,670,18,255,26,79,150,228,13,156,0,21,105,25,5,111409,Vila Franca de Xira,Grande Lisboa
Vila Franca de Xira,45 - 49 anos,M,719,9,191,41,45,105,234,11,274,0,21,216,33,4,111409,Vila Franca de Xira,Grande Lisboa
Vila Franca de Xira,50 - 54 anos,H,507,13,236,50,70,116,158,10,90,0,12,56,18,4,111409,Vila Franca de Xira,Grande Lisboa
Vila Franca de Xira,50 - 54 anos,M,671,23,253,47,75,131,210,8,177,0,30,122,21,4,111409,Vila Franca de Xira,Grande Lisboa
Vila Franca de Xira,55 - 59 anos,H,545,23,276,70,92,114,166,0,80,0,9,55,11,5,111409,Vila Franca de Xira,Grande Lisboa
Vila Franca de Xira,55 - 59 anos,M,689,25,286,100,70,116,212,3,163,0,14,120,24,5,111409,Vila Franca de Xira,Grande Lisboa
Vila Franca de Xira,60 - 64 anos,H,512,13,290,121,54,115,132,0,77,0,12,53,10,2,111409,Vila Franca de Xira,Grande Lisboa
Vila Franca de Xira,60 - 64 anos,M,627,27,315,140,72,103,162,0,123,0,15,95,10,3,111409,Vila Franca de Xira,Grande Lisboa
Vila Franca de Xira,65 - 69 anos,H,479,27,309,159,70,80,76,0,67,0,11,47,9,0,111409,Vila Franca de Xira,Grande Lisboa
Vila Franca de Xira,65 - 69 anos,M,621,37,397,222,53,122,107,0,80,0,17,57,5,1,111409,Vila Franca de Xira,Grande Lisboa
Vila Franca de Xira,70 - 74 anos,H,447,21,323,183,37,103,64,0,39,0,10,27,2,0,111409,Vila Franca de Xira,Grande Lisboa
Vila Franca de Xira,70 - 74 anos,M,529,43,385,263,44,78,49,0,52,0,12,36,2,2,111409,Vila Franca de Xira,Grande Lisboa
Vila Franca de Xira,75 ou mais anos,H,831,77,637,415,54,168,60,0,57,0,16,35,2,4,111409,Vila Franca de Xira,Grande Lisboa
Vila Franca de Xira,75 ou mais anos,M,1330,273,938,745,75,118,45,0,74,0,32,37,4,1,111409,Vila Franca de Xira,Grande Lisboa
